[07:53:24] SYSTEM...: Đã load cấu hình từ settings.json thành công.
[07:53:24] SYSTEM...: Bản quyền TikTok Pro đã được kích hoạt thành công.
[07:53:36] 000081...: Kết nối: iPhone • iOS 26.6.1
[07:53:38] 000081...: Kết nối: iPhone • iOS 26.6.1
[07:53:39] 000081...: Kết nối: iPhone • iOS 26.6.1
[07:53:40] 000081...: Kết nối: iPhone • iOS 26.6.1
[07:53:40] 000081...: Kết nối: iPhone • iOS 26.6.1
[07:53:42] 000081...: Kết nối: iPhone • iOS 26.6.1
[07:53:42] 000081...: Kết nối: iPhone • iOS 26.6.1
[07:53:44] 000081...: Kết nối: iPhone • iOS 26.6.1
[07:53:44] 000081...: Kết nối: iPhone • iOS 26.6.1
[07:53:47] 000081...: Kết nối: iPhone • iOS 26.6.1
[07:54:28] SYSTEM...: Restore chuyển kho: A ➜ B | 73 bản backup | 10 máy ghép nối
[07:54:29] 000081...: SUCCESS: Validated pairing with device 00008101-0013589E02C2001E
[07:54:29] 000081...: SUCCESS: Validated pairing with device 00008101-001869181AC1001E
[07:54:29] 000081...: SUCCESS: Validated pairing with device 00008101-000309042201001E
[07:54:29] 000081...: SUCCESS: Validated pairing with device 00008101-000D6D113A89001E
[07:54:29] 000081...: SUCCESS: Validated pairing with device 00008101-00113939347A001E
[07:54:29] 000081...: SUCCESS: Validated pairing with device 00008101-001434DE2683001E
[07:54:29] 000081...: SUCCESS: Validated pairing with device 00008101-00024DEE0C45001E
[07:54:29] 000081...: SUCCESS: Validated pairing with device 00008101-000955923C01001E
[07:54:29] 000081...: SUCCESS: Validated pairing with device 00008101-001974843E43001E
[07:54:29] 000081...: SUCCESS: Validated pairing with device 00008101-001E6CEC3EC1001E
[07:54:45] 000081...: [=                                                 ]   1% Finished
[07:54:46] 000081...: [=                                                 ]   1% Finished
[07:54:46] 000081...: [=                                                 ]   1% Finished
[07:54:46] 000081...: [=                                                 ]   1% Finished
[07:54:46] 000081...: [=                                                 ]   1% Finished
[07:54:47] 000081...: [=                                                 ]   1% Finished
[07:54:47] 000081...: [====                                              ]   7% Finished
[07:54:47] 000081...: [====                                              ]   6% Finished
[07:54:47] 000081...: [=                                                 ]   1% Finished
[07:54:47] 000081...: [=                                                 ]   1% Finished
[07:54:47] 000081...: [=                                                 ]   1% Finished
[07:54:47] 000081...: [=====                                             ]   9% Finished
[07:54:48] 000081...: [=                                                 ]   1% Finished
[07:54:48] 000081...: [====                                              ]   7% Finished
[07:54:49] 000081...: [========                                          ]  15% Finished
[07:54:49] 000081...: [====                                              ]   6% Finished
[07:54:50] 000081...: [====                                              ]   6% Finished
[07:54:50] 000081...: [=====                                             ]   9% Finished
[07:54:50] 000081...: [========                                          ]  15% Finished
[07:54:50] 000081...: [====                                              ]   6% Finished
[07:54:50] 000081...: [======                                            ]  11% Finished
[07:54:51] 000081...: [====                                              ]   6% Finished
[07:54:51] 000081...: [======                                            ]  11% Finished
[07:54:52] 000081...: [====                                              ]   6% Finished
[07:54:52] 000081...: [===========                                       ]  21% Finished
[07:54:52] 000081...: [========                                          ]  15% Finished
[07:54:52] 000081...: [=========                                         ]  17% Finished
[07:54:52] 000081...: [===========                                       ]  22% Finished
[07:54:52] 000081...: [==========                                        ]  19% Finished
[07:54:53] 000081...: [=========                                         ]  17% Finished
[07:54:54] 000081...: [========                                          ]  15% Finished
[07:54:54] 000081...: [===========                                       ]  21% Finished
[07:54:54] 000081...: [=========                                         ]  18% Finished
[07:54:54] 000081...: [========                                          ]  15% Finished
[07:54:56] 000081...: [===========                                       ]  22% Finished
[07:54:56] 000081...: [==================                                ]  36% Finished
[07:54:57] 000081...: [============                                      ]  22% Finished
[07:54:57] 000081...: [===================                               ]  37% Finished
[07:54:57] 000081...: [===========                                       ]  22% Finished
[07:54:57] 000081...: [=========                                         ]  17% Finished
[07:54:58] 000081...: [===================                               ]  37% Finished
[07:54:59] 000081...: [======================                            ]  42% Finished
[07:54:59] 000081...: [======================                            ]  42% Finished
[07:54:59] 000081...: [===================                               ]  37% Finished
[07:54:59] 000081...: [===========                                       ]  22% Finished
[07:54:59] 000081...: [==================                                ]  36% Finished
[07:55:00] 000081...: [====================                              ]  38% Finished
[07:55:00] 000081...: [===================                               ]  37% Finished
[07:55:01] 000081...: [======================                            ]  43% Finished
[07:55:01] 000081...: [=====================                             ]  42% Finished
[07:55:02] 000081...: [=======================                           ]  45% Finished
[07:55:02] 000081...: [===================                               ]  37% Finished
[07:55:02] 000081...: [=======================                           ]  45% Finished
[07:55:02] 000081...: [======================                            ]  42% Finished
[07:55:02] 000081...: [===================                               ]  37% Finished
[07:55:02] 000081...: [==================                                ]  35% Finished
[07:55:03] 000081...: [=====================                             ]  42% Finished
[07:55:03] 000081...: [======================                            ]  43% Finished
[07:55:03] 000081...: [=====================                             ]  41% Finished
[07:55:03] 000081...: [========================                          ]  47% Finished
[07:55:03] 000081...: [=========================                         ]  50% Finished
[07:55:04] 000081...: [========================                          ]  47% Finished
[07:55:04] 000081...: [=========================                         ]  50% Finished
[07:55:04] 000081...: [============================                      ]  55% Finished
[07:55:04] 000081...: [============================                      ]  55% Finished
[07:55:04] 000081...: [==============================                    ]  60% Finished
[07:55:05] 000081...: [==============================                    ]  60% Finished
[07:55:05] 000081...: [==========================                        ]  51% Finished
[07:55:05] 000081...: [============================                      ]  56% Finished
[07:55:06] 000081...: [=========================                         ]  49% Finished
[07:55:06] 000081...: [========================                          ]  47% Finished
[07:55:06] 000081...: [=========================                         ]  50% Finished
[07:55:06] 000081...: [===============================                   ]  61% Finished
[07:55:06] 000081...: [==========================                        ]  50% Finished
[07:55:06] 000081...: [===========================                       ]  54% Finished
[07:55:07] 000081...: [==========================                        ]  50% Finished
[07:55:07] 000081...: [============================                      ]  55% Finished
[07:55:07] 000081...: [=======================================           ]  77% Finished
[07:55:07] 000081...: [============================                      ]  55% Finished
[07:55:07] 000081...: [==============================                    ]  59% Finished
[07:55:07] 000081...: [========================                          ]  47% Finished
[07:55:07] 000081...: [=====================================             ]  74% Finished
[07:55:07] 000081...: [=========================                         ]  48% Finished
[07:55:07] 000081...: [============================                      ]  55% Finished
[07:55:07] 000081...: [===============================                   ]  60% Finished
[07:55:07] 000081...: [===========================                       ]  53% Finished
[07:55:07] 000081...: [===============================                   ]  60% Finished
[07:55:08] 000081...: [==============================                    ]  60% Finished
[07:55:08] 000081...: [===========================                       ]  52% Finished
[07:55:08] 000081...: [=============================                     ]  58% Finished
[07:55:09] 000081...: [=========================                         ]  49% Finished
[07:55:09] 000081...: [===========================================       ]  85% Finished
[07:55:09] 000081...: [=============================                     ]  57% Finished
[07:55:09] 000081...: [==========================================        ]  82% Finished
[07:55:09] 000081...: [===========================                       ]  54% Finished
[07:55:09] 000081...: [=======================================           ]  77% Finished
[07:55:10] 000081...: [==============================                    ]  59% Finished
[07:55:11] 000081...: [=====================================             ]  73% Finished
[07:55:12] 000081...: [===========================================       ]  85% Finished
[07:55:13] 000081...: [===============================================   ]  94% Finished
[07:55:13] 000081...: [=======================================           ]  77% Finished
[07:55:13] 000081...: [=======================================           ]  78% Finished
[07:55:13] 000081...: [=======================================           ]  76% Finished
[07:55:13] 000081...: [=======================================           ]  76% Finished
[07:55:13] 000081...: [===============================================   ]  94% Finished
[07:55:13] 000081...: [=======================================           ]  77% Finished
[07:55:14] 000081...: [=========================================         ]  82% Finished
[07:55:14] 000081...: [=========================================         ]  81% Finished
[07:55:15] 000081...: [==========================================        ]  82% Finished
[07:55:15] 000081...: [======================================            ]  75% Finished
[07:55:15] 000081...: [===============================================   ]  94% Finished
[07:55:15] 000081...: [=====================================             ]  73% Finished
[07:55:15] 000081...: [===========================================       ]  86% Finished
[07:55:16] 000081...: [=========================================         ]  80% Finished
[07:55:16] 000081...: [=========================================         ]  81% Finished
[07:55:17] 000081...: [=======================================           ]  78% Finished
[07:55:17] 000081...: [================================================  ]  94% Finished
[07:55:17] 000081...: [==================================================]  99% Finished
[07:55:18] 000081...: [===============================================   ]  94% Finished
[07:55:18] 000081...: [===============================================   ]  94% Finished
[07:55:18] 000081...: [===============================================   ]  93% Finished
[07:55:19] 000081...: [===============================================   ]  93% Finished
[07:55:19] 000081...: [==================================================]  98% Finished
[07:55:19] 000081...: [============================================      ]  86% Finished
[07:55:19] 000081...: [============================================      ]  86% Finished
[07:55:20] 000081...: [================================================  ]  96% Finished
[07:55:20] 000081...: [==================================================]  99% Finished
[07:55:20] 000081...: [================================================  ]  95% Finished
[07:55:20] 000081...: [==================================================]  99% Finished
[07:55:25] 000081...: [==================================================] 100% Finished
[07:55:25] 000081...: [==================================================] 100% Finished
[07:55:25] 000081...: Restore Successful.
[07:55:25] 000081...: Khôi phục dữ liệu Restore hoàn tất thành công.
[07:55:25] 000081...: Đã chuyển kho thành công: A ➔ Kho đối diện:
101_iPhone_laqunhphng430
[07:55:25] 000081...: ✓ Đã chuyển iPhone thứ 1 qua Kho đối diện thành công!
[07:55:25] 000081...: ⚡ Auto Activate sau Restore: đang chờ thiết bị reboot...
[07:55:25] 000081...: ⏳ Restore hoàn tất. Bắt đầu đếm ngược (80s) cho iPhone khởi động hoàn toàn...
[07:55:28] 000081...: [==================================================] 100% Finished
[07:55:28] 000081...: [==================================================] 100% Finished
[07:55:28] 000081...: Restore Successful.
[07:55:28] 000081...: Khôi phục dữ liệu Restore hoàn tất thành công.
[07:55:28] 000081...: Đã chuyển kho thành công: A ➔ Kho đối diện:
80_iPhone_phmthanhtm75
[07:55:28] 000081...: ✓ Đã chuyển iPhone thứ 2 qua Kho đối diện thành công!
[07:55:28] 000081...: ⚡ Auto Activate sau Restore: đang chờ thiết bị reboot...
[07:55:28] 000081...: ⏳ Restore hoàn tất. Bắt đầu đếm ngược (80s) cho iPhone khởi động hoàn toàn...
[07:55:30] 000081...: [==================================================] 100% Finished
[07:55:30] 000081...: [==================================================] 100% Finished
[07:55:30] 000081...: Restore Successful.
[07:55:30] 000081...: Khôi phục dữ liệu Restore hoàn tất thành công.
[07:55:30] 000081...: Đã chuyển kho thành công: A ➔ Kho đối diện:
81_iPhone_nguynyntrang6177
[07:55:30] 000081...: ✓ Đã chuyển iPhone thứ 3 qua Kho đối diện thành công!
[07:55:30] 000081...: ⚡ Auto Activate sau Restore: đang chờ thiết bị reboot...
[07:55:30] 000081...: ⏳ Restore hoàn tất. Bắt đầu đếm ngược (80s) cho iPhone khởi động hoàn toàn...
[07:55:31] 000081...: [==================================================]  99% Finished
[07:55:31] 000081...: [==================================================] 100% Finished
[07:55:31] 000081...: Restore Successful.
[07:55:31] 000081...: Khôi phục dữ liệu Restore hoàn tất thành công.
[07:55:31] 000081...: Đã chuyển kho thành công: A ➔ Kho đối diện:
79_iPhone_onnhvy06
[07:55:31] 000081...: ✓ Đã chuyển iPhone thứ 4 qua Kho đối diện thành công!
[07:55:31] 000081...: ⚡ Auto Activate sau Restore: đang chờ thiết bị reboot...
[07:55:31] 000081...: ⏳ Restore hoàn tất. Bắt đầu đếm ngược (80s) cho iPhone khởi động hoàn toàn...
[07:55:31] 000081...: [==================================================] 100% Finished
[07:55:31] 000081...: Restore Successful.
[07:55:31] 000081...: Khôi phục dữ liệu Restore hoàn tất thành công.
[07:55:31] 000081...: Đã chuyển kho thành công: A ➔ Kho đối diện:
98_iPhone_nguyntuythoa274
[07:55:31] 000081...: ✓ Đã chuyển iPhone thứ 5 qua Kho đối diện thành công!
[07:55:31] 000081...: ⚡ Auto Activate sau Restore: đang chờ thiết bị reboot...
[07:55:31] 000081...: ⏳ Restore hoàn tất. Bắt đầu đếm ngược (80s) cho iPhone khởi động hoàn toàn...
[07:55:31] 000081...: [==================================================] 100% Finished
[07:55:31] 000081...: [==================================================] 100% Finished
[07:55:31] 000081...: Restore Successful.
[07:55:31] 000081...: Khôi phục dữ liệu Restore hoàn tất thành công.
[07:55:31] 000081...: Đã chuyển kho thành công: A ➔ Kho đối diện:
82_iPhone_vbongc6658
[07:55:31] 000081...: ✓ Đã chuyển iPhone thứ 6 qua Kho đối diện thành công!
[07:55:31] 000081...: ⚡ Auto Activate sau Restore: đang chờ thiết bị reboot...
[07:55:31] 000081...: ⏳ Restore hoàn tất. Bắt đầu đếm ngược (80s) cho iPhone khởi động hoàn toàn...
[07:55:32] 000081...: [==================================================] 100% Finished
[07:55:32] 000081...: Restore Successful.
[07:55:32] 000081...: Khôi phục dữ liệu Restore hoàn tất thành công.
[07:55:32] 000081...: Đã chuyển kho thành công: A ➔ Kho đối diện:
100_iPhone_mchlinvy1169
[07:55:32] 000081...: ✓ Đã chuyển iPhone thứ 7 qua Kho đối diện thành công!
[07:55:32] 000081...: ⚡ Auto Activate sau Restore: đang chờ thiết bị reboot...
[07:55:32] 000081...: ⏳ Restore hoàn tất. Bắt đầu đếm ngược (80s) cho iPhone khởi động hoàn toàn...
[07:55:32] 000081...: [==================================================]  98% Finished
[07:55:32] 000081...: [==================================================] 100% Finished
[07:55:32] 000081...: [==================================================] 100% Finished
[07:55:32] 000081...: Restore Successful.
[07:55:32] 000081...: Khôi phục dữ liệu Restore hoàn tất thành công.
[07:55:32] 000081...: Đã chuyển kho thành công: A ➔ Kho đối diện:
78_iPhone_bimphng8108
[07:55:32] 000081...: ✓ Đã chuyển iPhone thứ 8 qua Kho đối diện thành công!
[07:55:32] 000081...: ⚡ Auto Activate sau Restore: đang chờ thiết bị reboot...
[07:55:32] 000081...: ⏳ Restore hoàn tất. Bắt đầu đếm ngược (80s) cho iPhone khởi động hoàn toàn...
[07:55:33] 000081...: [==================================================] 100% Finished
[07:55:33] 000081...: Restore Successful.
[07:55:33] 000081...: Khôi phục dữ liệu Restore hoàn tất thành công.
[07:55:33] 000081...: Đã chuyển kho thành công: A ➔ Kho đối diện:
84_iPhone_mmduyn1744
[07:55:33] 000081...: ✓ Đã chuyển iPhone thứ 9 qua Kho đối diện thành công!
[07:55:33] 000081...: ⚡ Auto Activate sau Restore: đang chờ thiết bị reboot...
[07:55:33] 000081...: ⏳ Restore hoàn tất. Bắt đầu đếm ngược (80s) cho iPhone khởi động hoàn toàn...
[07:55:33] 000081...: [==================================================] 100% Finished
[07:55:33] 000081...: Restore Successful.
[07:55:33] 000081...: Khôi phục dữ liệu Restore hoàn tất thành công.
[07:55:33] 000081...: Đã chuyển kho thành công: A ➔ Kho đối diện:
97_iPhone_hngif290
[07:55:33] 000081...: ✓ Đã chuyển iPhone thứ 10 qua Kho đối diện thành công!
[07:55:33] 000081...: ⚡ Auto Activate sau Restore: đang chờ thiết bị reboot...
[07:55:33] 000081...: ⏳ Restore hoàn tất. Bắt đầu đếm ngược (80s) cho iPhone khởi động hoàn toàn...
[07:55:36] 000081...: Đã ngắt kết nối.
[07:55:38] 000081...: Đã ngắt kết nối.
[07:55:39] 000081...: Đã ngắt kết nối.
[07:55:41] 000081...: Đã ngắt kết nối.
[07:55:41] 000081...: Đã ngắt kết nối.
[07:55:41] 000081...: Đã ngắt kết nối.
[07:55:41] 000081...: Đã ngắt kết nối.
[07:55:42] 000081...: Đã ngắt kết nối.
[07:55:43] 000081...: Đã ngắt kết nối.
[07:55:44] 000081...: Đã ngắt kết nối.
[07:55:45] 000081...: ⏳ Đang chờ iPhone khởi động lại: còn 60s...
[07:55:48] 000081...: ⏳ Đang chờ iPhone khởi động lại: còn 60s...
[07:55:50] 000081...: ⏳ Đang chờ iPhone khởi động lại: còn 60s...
[07:55:51] 000081...: ⏳ Đang chờ iPhone khởi động lại: còn 60s...
[07:55:51] 000081...: ⏳ Đang chờ iPhone khởi động lại: còn 60s...
[07:55:51] 000081...: ⏳ Đang chờ iPhone khởi động lại: còn 60s...
[07:55:52] 000081...: ⏳ Đang chờ iPhone khởi động lại: còn 60s...
[07:55:52] 000081...: ⏳ Đang chờ iPhone khởi động lại: còn 60s...
[07:55:53] 000081...: ⏳ Đang chờ iPhone khởi động lại: còn 60s...
[07:55:53] 000081...: ⏳ Đang chờ iPhone khởi động lại: còn 60s...
[07:55:59] 000081...: Kết nối: iPhone • iOS 26.6.1
[07:56:00] 000081...: Kết nối: iPhone (Not Trust) • iOS ?
[07:56:01] 000081...: Đã xác nhận Trust: iPhone • iOS 26.6.1
[07:56:02] 000081...: Kết nối: iPhone (Not Trust) • iOS ?
[07:56:02] 000081...: Kết nối: iPhone • iOS 26.6.1
[07:56:03] 000081...: Kết nối: iPhone • iOS 26.6.1
[07:56:03] 000081...: Kết nối: iPhone • iOS 26.6.1
[07:56:03] 000081...: Đã xác nhận Trust: iPhone • iOS 26.6.1
[07:56:04] 000081...: Kết nối: iPhone • iOS 26.6.1
[07:56:05] 000081...: Kết nối: iPhone • iOS 26.6.1
[07:56:05] 000081...: Kết nối: iPhone • iOS 26.6.1
[07:56:05] 000081...: ⏳ Đang chờ iPhone khởi động lại: còn 40s...
[07:56:08] 000081...: ⏳ Đang chờ iPhone khởi động lại: còn 40s...
[07:56:10] 000081...: ⏳ Đang chờ iPhone khởi động lại: còn 40s...
[07:56:11] 000081...: Kết nối: iPhone • iOS 26.6.1
[07:56:11] 000081...: ⏳ Đang chờ iPhone khởi động lại: còn 40s...
[07:56:11] 000081...: ⏳ Đang chờ iPhone khởi động lại: còn 40s...
[07:56:11] 000081...: ⏳ Đang chờ iPhone khởi động lại: còn 40s...
[07:56:12] 000081...: ⏳ Đang chờ iPhone khởi động lại: còn 40s...
[07:56:12] 000081...: ⏳ Đang chờ iPhone khởi động lại: còn 40s...
[07:56:13] 000081...: ⏳ Đang chờ iPhone khởi động lại: còn 40s...
[07:56:13] 000081...: ⏳ Đang chờ iPhone khởi động lại: còn 40s...
[07:56:25] 000081...: ⏳ Đang chờ iPhone khởi động lại: còn 20s...
[07:56:28] 000081...: ⏳ Đang chờ iPhone khởi động lại: còn 20s...
[07:56:30] 000081...: ⏳ Đang chờ iPhone khởi động lại: còn 20s...
[07:56:31] 000081...: ⏳ Đang chờ iPhone khởi động lại: còn 20s...
[07:56:31] 000081...: ⏳ Đang chờ iPhone khởi động lại: còn 20s...
[07:56:31] 000081...: ⏳ Đang chờ iPhone khởi động lại: còn 20s...
[07:56:32] 000081...: ⏳ Đang chờ iPhone khởi động lại: còn 20s...
[07:56:32] 000081...: ⏳ Đang chờ iPhone khởi động lại: còn 20s...
[07:56:33] 000081...: ⏳ Đang chờ iPhone khởi động lại: còn 20s...
[07:56:33] 000081...: ⏳ Đang chờ iPhone khởi động lại: còn 20s...
[07:56:45] 000081...: ⌛ Đã hết 80 giây chờ! Đang kiểm tra kết nối thiết bị...
[07:56:48] 000081...: ⌛ Đã hết 80 giây chờ! Đang kiểm tra kết nối thiết bị...
[07:56:49] 000081...: ✅ iPhone đã khởi động xong & kết nối ổn định ➔ Bắt đầu Batch Activate...
[07:56:49] 000081...: RUN: c:\TIKTOOL PRO V4\ideviceactivation.exe activate -u 00008101-001974843E43001E -b
[07:56:50] 000081...: ⌛ Đã hết 80 giây chờ! Đang kiểm tra kết nối thiết bị...
[07:56:51] 000081...: ✅ iPhone đã khởi động xong & kết nối ổn định ➔ Bắt đầu Batch Activate...
[07:56:51] 000081...: RUN: c:\TIKTOOL PRO V4\ideviceactivation.exe activate -u 00008101-000309042201001E -b
[07:56:51] 000081...: ⌛ Đã hết 80 giây chờ! Đang kiểm tra kết nối thiết bị...
[07:56:51] 000081...: ⌛ Đã hết 80 giây chờ! Đang kiểm tra kết nối thiết bị...
[07:56:51] 000081...: ⌛ Đã hết 80 giây chờ! Đang kiểm tra kết nối thiết bị...
[07:56:52] 000081...: ⌛ Đã hết 80 giây chờ! Đang kiểm tra kết nối thiết bị...
[07:56:52] 000081...: ⌛ Đã hết 80 giây chờ! Đang kiểm tra kết nối thiết bị...
[07:56:53] 000081...: ✅ iPhone đã khởi động xong & kết nối ổn định ➔ Bắt đầu Batch Activate...
[07:56:53] 000081...: RUN: c:\TIKTOOL PRO V4\ideviceactivation.exe activate -u 00008101-000D6D113A89001E -b
[07:56:53] 000081...: ⌛ Đã hết 80 giây chờ! Đang kiểm tra kết nối thiết bị...
[07:56:53] 000081...: ⌛ Đã hết 80 giây chờ! Đang kiểm tra kết nối thiết bị...
[07:56:54] 000081...: ✅ iPhone đã khởi động xong & kết nối ổn định ➔ Bắt đầu Batch Activate...
[07:56:54] 000081...: RUN: c:\TIKTOOL PRO V4\ideviceactivation.exe activate -u 00008101-001869181AC1001E -b
[07:56:54] 000081...: ✅ iPhone đã khởi động xong & kết nối ổn định ➔ Bắt đầu Batch Activate...
[07:56:54] 000081...: RUN: c:\TIKTOOL PRO V4\ideviceactivation.exe activate -u 00008101-00113939347A001E -b
[07:56:54] 000081...: ✅ iPhone đã khởi động xong & kết nối ổn định ➔ Bắt đầu Batch Activate...
[07:56:54] 000081...: RUN: c:\TIKTOOL PRO V4\ideviceactivation.exe activate -u 00008101-001434DE2683001E -b
[07:56:55] 000081...: ✅ iPhone đã khởi động xong & kết nối ổn định ➔ Bắt đầu Batch Activate...
[07:56:55] 000081...: RUN: c:\TIKTOOL PRO V4\ideviceactivation.exe activate -u 00008101-000955923C01001E -b
[07:56:55] 000081...: NOTE: This device appears to be already activated. The server might report an error 'Device Unknown' instead of acknowledging the activation.
Activation server reports that device is already activated.
[07:56:55] 000081...: RUN: c:\TIKTOOL PRO V4\ios.exe prepare --skip-all --udid=00008101-001974843E43001E --nojson
[07:56:55] 000081...: ✅ iPhone đã khởi động xong & kết nối ổn định ➔ Bắt đầu Batch Activate...
[07:56:55] 000081...: RUN: c:\TIKTOOL PRO V4\ideviceactivation.exe activate -u 00008101-0013589E02C2001E -b
[07:56:56] 000081...: ✅ iPhone đã khởi động xong & kết nối ổn định ➔ Bắt đầu Batch Activate...
[07:56:56] 000081...: RUN: c:\TIKTOOL PRO V4\ideviceactivation.exe activate -u 00008101-00024DEE0C45001E -b
[07:56:56] 000081...: ✅ iPhone đã khởi động xong & kết nối ổn định ➔ Bắt đầu Batch Activate...
[07:56:56] 000081...: RUN: c:\TIKTOOL PRO V4\ideviceactivation.exe activate -u 00008101-001E6CEC3EC1001E -b
[07:56:57] 000081...: NOTE: This device appears to be already activated. The server might report an error 'Device Unknown' instead of acknowledging the activation.
Activation server reports that device is already activated.
[07:56:57] 000081...: RUN: c:\TIKTOOL PRO V4\ios.exe prepare --skip-all --udid=00008101-000309042201001E --nojson
[07:56:59] 000081...: NOTE: This device appears to be already activated. The server might report an error 'Device Unknown' instead of acknowledging the activation.
Activation server reports that device is already activated.
[07:56:59] 000081...: RUN: c:\TIKTOOL PRO V4\ios.exe prepare --skip-all --udid=00008101-000D6D113A89001E --nojson
[07:56:59] 000081...: NOTE: This device appears to be already activated. The server might report an error 'Device Unknown' instead of acknowledging the activation.
Activation server reports that device is already activated.
[07:56:59] 000081...: RUN: c:\TIKTOOL PRO V4\ios.exe prepare --skip-all --udid=00008101-00113939347A001E --nojson
[07:57:00] 000081...: NOTE: This device appears to be already activated. The server might report an error 'Device Unknown' instead of acknowledging the activation.
Activation server reports that device is already activated.
[07:57:00] 000081...: RUN: c:\TIKTOOL PRO V4\ios.exe prepare --skip-all --udid=00008101-001434DE2683001E --nojson
[07:57:00] 000081...: NOTE: This device appears to be already activated. The server might report an error 'Device Unknown' instead of acknowledging the activation.
Activation server reports that device is already activated.
[07:57:00] 000081...: RUN: c:\TIKTOOL PRO V4\ios.exe prepare --skip-all --udid=00008101-001869181AC1001E --nojson
[07:57:00] 000081...: NOTE: This device appears to be already activated. The server might report an error 'Device Unknown' instead of acknowledging the activation.
Activation server reports that device is already activated.
[07:57:00] 000081...: RUN: c:\TIKTOOL PRO V4\ios.exe prepare --skip-all --udid=00008101-0013589E02C2001E --nojson
[07:57:01] 000081...: NOTE: This device appears to be already activated. The server might report an error 'Device Unknown' instead of acknowledging the activation.
Activation server reports that device is already activated.
[07:57:01] 000081...: RUN: c:\TIKTOOL PRO V4\ios.exe prepare --skip-all --udid=00008101-00024DEE0C45001E --nojson
[07:57:01] 000081...: NOTE: This device appears to be already activated. The server might report an error 'Device Unknown' instead of acknowledging the activation.
Activation server reports that device is already activated.
[07:57:01] 000081...: RUN: c:\TIKTOOL PRO V4\ios.exe prepare --skip-all --udid=00008101-000955923C01001E --nojson
[07:57:01] 000081...: NOTE: This device appears to be already activated. The server might report an error 'Device Unknown' instead of acknowledging the activation.
Activation server reports that device is already activated.
[07:57:01] 000081...: RUN: c:\TIKTOOL PRO V4\ios.exe prepare --skip-all --udid=00008101-001E6CEC3EC1001E --nojson
[07:57:11] 000081...: time="2026-09-05T07:56:57+07:00" level=warning msg="go-ios agent is not running. You might need to start it with 'ios tunnel start' for ios17+. Use ENABLE_GO_IOS_AGENT=user for userspace tunnel or ENABLE_GO_IOS_AGENT=kernel for kernel tunnel for the experimental daemon mode."
time="2026-09-05T07:56:57+07:00" level=warning msg="failed to get tunnel info" udid=00008101-000309042201001E
time="2026-09-05T07:56:57+07:00" level=info msg="device is activated:true"
time="2026-09-05T07:56:57+07:00" level=info msg="send flush request"
time="2026-09-05T07:57:11+07:00" level=info msg="get cloud config"
time="2026-09-05T07:57:11+07:00" level=fatal msg="failed erasing" err="failed setting cloud config, resp: map[] err: failed command: map[CommandErrorArchive:[4 11 115 116 114 101 97 109 116 121 112 101 100 129 232 3 132 1 64 132 132 132 7 78 83 69 114 114 111 114 0 132 132 8 78 83 79 98 106 101 99 116 0 133 132 3 105 64 64 129 178 54 132 132 132 8 78 83 83 116 114 105 110 103 1 148 132 1 43 20 68 77 67 84 117 110 110 101 108 69 114 114 111 114 68 111 109 97 105 110 134 132 132 132 12 78 83 68 105 99 116 105 111 110 97 114 121 0 148 132 1 105 3 146 132 150 151 12 68 77 67 69 114 114 111 114 84 121 112 101 134 146 132 150 151 13 68 77 67 70 97 116 97 108 69 114 114 111 114 134 146 132 150 151 22 78 83 76 111 99 97 108 105 122 101 100 68 101 115 99 114 105 112 116 105 111 110 134 146 132 150 151 56 65 32 99 108 111 117 100 32 99 111 110 102 105 103 117 114 97 116 105 111 110 32 105 115 32 97 108 114 101 97 100 121 32 112 114 101 115 101 110 116 32 111 110 32 116 104 105 115 32 100 101 118 105 99 101 46 134 146 132 150 151 20 85 83 69 110 103 108 105 115 104 68 101 115 99 114 105 112 116 105 111 110 134 146 132 150 151 56 65 32 99 108 111 117 100 32 99 111 110 102 105 103 117 114 97 116 105 111 110 32 105 115 32 97 108 114 101 97 100 121 32 112 114 101 115 101 110 116 32 111 110 32 116 104 105 115 32 100 101 118 105 99 101 46 134 134 134] ErrorChain:[map[ErrorCode:14002 ErrorDomain:DMCTunnelErrorDomain LocalizedDescription:A cloud configuration is already present on this device. USEnglishDescription:A cloud configuration is already present on this device.]] Status:Error]"
[07:57:11] 000081...: Skip Setup Assistant thất bại!
[07:57:16] 000081...: time="2026-09-05T07:56:55+07:00" level=warning msg="go-ios agent is not running. You might need to start it with 'ios tunnel start' for ios17+. Use ENABLE_GO_IOS_AGENT=user for userspace tunnel or ENABLE_GO_IOS_AGENT=kernel for kernel tunnel for the experimental daemon mode."
time="2026-09-05T07:56:55+07:00" level=warning msg="failed to get tunnel info" udid=00008101-001974843E43001E
time="2026-09-05T07:56:55+07:00" level=info msg="device is activated:true"
time="2026-09-05T07:56:56+07:00" level=info msg="send flush request"
time="2026-09-05T07:57:09+07:00" level=info msg="get cloud config"
"ok"
[07:57:16] 000081...: RUN: c:\TIKTOOL PRO V4\ios.exe lang --setlocale=ja_JP --setlang=ja --udid=00008101-001974843E43001E --nojson
[07:57:20] 000081...: time="2026-09-05T07:57:01+07:00" level=warning msg="go-ios agent is not running. You might need to start it with 'ios tunnel start' for ios17+. Use ENABLE_GO_IOS_AGENT=user for userspace tunnel or ENABLE_GO_IOS_AGENT=kernel for kernel tunnel for the experimental daemon mode."
time="2026-09-05T07:57:01+07:00" level=warning msg="failed to get tunnel info" udid=00008101-000955923C01001E
time="2026-09-05T07:57:01+07:00" level=info msg="device is activated:true"
time="2026-09-05T07:57:01+07:00" level=info msg="send flush request"
time="2026-09-05T07:57:15+07:00" level=info msg="get cloud config"
"ok"
[07:57:20] 000081...: RUN: c:\TIKTOOL PRO V4\ios.exe lang --setlocale=ja_JP --setlang=ja --udid=00008101-000955923C01001E --nojson
[07:57:20] 000081...: time="2026-09-05T07:57:00+07:00" level=warning msg="go-ios agent is not running. You might need to start it with 'ios tunnel start' for ios17+. Use ENABLE_GO_IOS_AGENT=user for userspace tunnel or ENABLE_GO_IOS_AGENT=kernel for kernel tunnel for the experimental daemon mode."
time="2026-09-05T07:57:00+07:00" level=warning msg="failed to get tunnel info" udid=00008101-0013589E02C2001E
time="2026-09-05T07:57:00+07:00" level=info msg="device is activated:true"
time="2026-09-05T07:57:00+07:00" level=info msg="send flush request"
time="2026-09-05T07:57:17+07:00" level=info msg="get cloud config"
"ok"
[07:57:20] 000081...: RUN: c:\TIKTOOL PRO V4\ios.exe lang --setlocale=ja_JP --setlang=ja --udid=00008101-0013589E02C2001E --nojson
[07:57:22] 000081...: time="2026-09-05T07:56:59+07:00" level=warning msg="go-ios agent is not running. You might need to start it with 'ios tunnel start' for ios17+. Use ENABLE_GO_IOS_AGENT=user for userspace tunnel or ENABLE_GO_IOS_AGENT=kernel for kernel tunnel for the experimental daemon mode."
time="2026-09-05T07:56:59+07:00" level=warning msg="failed to get tunnel info" udid=00008101-00113939347A001E
time="2026-09-05T07:57:00+07:00" level=info msg="device is activated:true"
time="2026-09-05T07:57:00+07:00" level=info msg="send flush request"
time="2026-09-05T07:57:15+07:00" level=info msg="get cloud config"
"ok"
[07:57:22] 000081...: RUN: c:\TIKTOOL PRO V4\ios.exe lang --setlocale=ja_JP --setlang=ja --udid=00008101-00113939347A001E --nojson
[07:57:23] 000081...: time="2026-09-05T07:57:01+07:00" level=warning msg="go-ios agent is not running. You might need to start it with 'ios tunnel start' for ios17+. Use ENABLE_GO_IOS_AGENT=user for userspace tunnel or ENABLE_GO_IOS_AGENT=kernel for kernel tunnel for the experimental daemon mode."
time="2026-09-05T07:57:01+07:00" level=warning msg="failed to get tunnel info" udid=00008101-00024DEE0C45001E
time="2026-09-05T07:57:01+07:00" level=info msg="device is activated:true"
time="2026-09-05T07:57:02+07:00" level=info msg="send flush request"
time="2026-09-05T07:57:17+07:00" level=info msg="get cloud config"
"ok"
[07:57:23] 000081...: RUN: c:\TIKTOOL PRO V4\ios.exe lang --setlocale=ja_JP --setlang=ja --udid=00008101-00024DEE0C45001E --nojson
[07:57:29] 000081...: time="2026-09-05T07:57:00+07:00" level=warning msg="go-ios agent is not running. You might need to start it with 'ios tunnel start' for ios17+. Use ENABLE_GO_IOS_AGENT=user for userspace tunnel or ENABLE_GO_IOS_AGENT=kernel for kernel tunnel for the experimental daemon mode."
time="2026-09-05T07:57:00+07:00" level=warning msg="failed to get tunnel info" udid=00008101-001869181AC1001E
time="2026-09-05T07:57:00+07:00" level=info msg="device is activated:true"
time="2026-09-05T07:57:00+07:00" level=info msg="send flush request"
time="2026-09-05T07:57:14+07:00" level=info msg="get cloud config"
"ok"
[07:57:29] 000081...: RUN: c:\TIKTOOL PRO V4\ios.exe lang --setlocale=ja_JP --setlang=ja --udid=00008101-001869181AC1001E --nojson
[07:57:29] 000081...: time="2026-09-05T07:56:59+07:00" level=warning msg="go-ios agent is not running. You might need to start it with 'ios tunnel start' for ios17+. Use ENABLE_GO_IOS_AGENT=user for userspace tunnel or ENABLE_GO_IOS_AGENT=kernel for kernel tunnel for the experimental daemon mode."
time="2026-09-05T07:56:59+07:00" level=warning msg="failed to get tunnel info" udid=00008101-000D6D113A89001E
time="2026-09-05T07:56:59+07:00" level=info msg="device is activated:true"
time="2026-09-05T07:56:59+07:00" level=info msg="send flush request"
time="2026-09-05T07:57:15+07:00" level=info msg="get cloud config"
"ok"
[07:57:29] 000081...: RUN: c:\TIKTOOL PRO V4\ios.exe lang --setlocale=ja_JP --setlang=ja --udid=00008101-000D6D113A89001E --nojson
[07:57:30] 000081...: time="2026-09-05T07:57:00+07:00" level=warning msg="go-ios agent is not running. You might need to start it with 'ios tunnel start' for ios17+. Use ENABLE_GO_IOS_AGENT=user for userspace tunnel or ENABLE_GO_IOS_AGENT=kernel for kernel tunnel for the experimental daemon mode."
time="2026-09-05T07:57:00+07:00" level=warning msg="failed to get tunnel info" udid=00008101-001434DE2683001E
time="2026-09-05T07:57:00+07:00" level=info msg="device is activated:true"
time="2026-09-05T07:57:00+07:00" level=info msg="send flush request"
time="2026-09-05T07:57:17+07:00" level=info msg="get cloud config"
"ok"
[07:57:30] 000081...: RUN: c:\TIKTOOL PRO V4\ios.exe lang --setlocale=ja_JP --setlang=ja --udid=00008101-001434DE2683001E --nojson
[07:57:32] 000081...: {"Language":"ja","Locale":"ja_JP","SupportedLocales":["sv_AX","en_CN","ro_RO","en_VG","es_VC","fr_MA","en_AL","es_TT","ar_SS","fr_VU","fr_CI","en_GS","en_BW","en_JM","es_BS","en_BD","en_MG","en_PT","en_HK","ar_LB","fr_GN","ru_UA","en_CO","en_KE","en_NR","fr_MU","en_FI","nl_BQ","en_WS","en_DG","ar_SA","en_RW","en_ZM","en_BE","en_ER","en_MH","bn_BD","nl_NL","pt_AO","el_CY","en_KY","es_CL","en_VI","en_FJ","es_VE","fr_MC","en_TZ","en_ID","es_TC","en_GU","zh_TW","es_GQ","ko_CN","mr_IN","en_GB","es_MX","en_ES","es_BB","es_PR","fr_GP","pt_GW","fi_FI","en_FK","en_NA","zh_CN","en_IE","ca_IT","en_TH","en_LR","ar_KM","en_BZ","de_CH","en_JP","te_IN","en_US","en_BG","ar_QA","en_PW","ar_TN","da_GL","fr_GQ","de_LI","cs_CZ","hu_HU","zh_HK","en_NU","es_VG","ta_IN","ar_EG","ro_MD","en_LS","fr_CM","ar_SD","en_GD","ar_IL","ar_LY","en_UA","fr_TD","pt_LU","es_PA","ta_SG","en_KI","es_CO","en_FM","fr_MF","ar_EH","tr_CY","en_LT","es_IC","en_DK","pt_ST","es_GT","en_GE","fr_YT","ms_BN","en_BI","he_IL","pt_TL","en_SS","es_KY","kk_KZ","en_CA","es_VI","zh-Hant_JP","fr_MG","ar_MR","hr_HR","en_AR","ar_SY","fr_SN","en_TK","en_GY","pt_CV","fr_DZ","es_ES","ar_AE","en_MM","en_001","zh-Hant_MY","en_PG","fr_RW","ca_ES","fr_GA","en_SA","fr_BE","hi_IN","en_AS","pt_MO","en_LV","ta_LK","en_DM","en_LC","en_GG","es_BZ","tr_TR","it_CH","zh-Hans_MO","en_150","es_US","it_VA","en_EE","fr_TG","en_PH","sv_FI","es_EA","ms_SG","es_HN","es_CR","fr_RE","en_CC","fr_BF","en_NF","en_CV","en_SB","en_AT","ar_MA","nl_BE","en_GH","th_TH","es_GD","pt_FR","en_ZA","en_MO","es_003","de_IT","es_PE","de_DE","en_SC","en_NZ","en_NG","en_AU","el_GR","en_GI","ar_001","en_BM","ar_IQ","en_MP","es_PY","fr_DJ","es_EC","en_US_POSIX","vi_VN","en_CX","en_KN","en_SD","en_FR","es_CA","kn_IN","en_IL","es_AR","en_TO","zh-Hans_HK","es_GY","bg_BG","fr_NC","ta_MY","en_BN","en_UG","en_HU","uk_UA","en_SX","en_PK","en_CY","es_CU","sk_SK","en_SE","fr_BI","fr_ML","de_BE","en_IM","fr_PF","es_DM","es_LC","en_ZW","fr_CA","pl_PL","zh-Hans_JP","nl_SR","ja_JP","en_JE","fr_LU","pt_CH","en_PL","es_PH","zh_MO","fr_GF","en_CZ","fr_BJ","en_IN","zh-Hans_MY","en_AE","fr_NE","en_RO","en_MS","es_419","it_IT","ar_TD","en_SZ","fr_WF","ru_MD","ml_IN","es_CW","es_SV","en_SG","en_CH","pt_BR","en_IO","bn_IN","ar_PS","en_TR","ar_KW","es_DO","en_GM","it_SM","ms_MY","sl_SI","en_MT","es_BM","es_UY","en_PN","es_HT","en_KR","en_SH","en_VU","es_KN","fr_BL","en_NL","ca_FR","en_AG","fr_KM","fr_SC","fr_CD","ko_KP","or_IN","en_BR","zh-Hant_CN","en_MU","ru_RU","fr_TN","ar_DZ","nb_SJ","en_SI","hr_BA","es_NI","ar_ER","en_VC","fr_HT","en_TT","ar_SO","ca_AD","fr_FR","da_DK","en_BS","nl_CW","es_BO","nb_NO","en_MV","de_LU","en_CK","ar_JO","pt_GQ","fr_MQ","zh_SG","ms_ID","en_AI","fr_CF","ko_KR","en_MW","en_UM","en_SK","en_CL","en_NO","fr_MR","en_TV","fr_SY","en_TC","fr_CG","nl_SX","es_BQ","en_MX","en_BB","sv_SE","de_AT","en_PR","ar_YE","ar_DJ","lt_LT","nl_AW","ar_OM","en_SL","ru_BY","ru_KZ","en_CM","ar_BH","ru_KG","en_IT","id_ID","pt_MZ","en_TW","fr_PM","es_AG","pt_PT","en_DE","fr_CH","en_GR","gu_IN","en_RU","es_BR","en_MY"],"SupportedLanguages":["ur","lt","ja","id","mr","ms","hi","es-419","es","pl","ca","ta","fr","en-IN","or","fr-CA","da","bg","te","kk-Cyrl","pt-BR","zh-Hant-HK","hr","gu","de","th","sk","ro","sl","nb","kk","en-GB","hu","zh-HK","bn","ar","it","kn","ko","uk","pa","ru","vi","zh-Hans","zh-Hant","en-AU","ml","pt-PT","tr","fi","en-US","el","cs","sv","nl","he","en","es-US"]}
[07:57:32] 000081...: Batch Activate hoàn tất thành công.
[07:57:33] 000081...: time="2026-09-05T07:57:01+07:00" level=warning msg="go-ios agent is not running. You might need to start it with 'ios tunnel start' for ios17+. Use ENABLE_GO_IOS_AGENT=user for userspace tunnel or ENABLE_GO_IOS_AGENT=kernel for kernel tunnel for the experimental daemon mode."
time="2026-09-05T07:57:01+07:00" level=warning msg="failed to get tunnel info" udid=00008101-001E6CEC3EC1001E
time="2026-09-05T07:57:01+07:00" level=info msg="device is activated:true"
time="2026-09-05T07:57:02+07:00" level=info msg="send flush request"
time="2026-09-05T07:57:19+07:00" level=info msg="get cloud config"
"ok"
[07:57:33] 000081...: RUN: c:\TIKTOOL PRO V4\ios.exe lang --setlocale=ja_JP --setlang=ja --udid=00008101-001E6CEC3EC1001E --nojson
[07:57:39] 000081...: {"Language":"ja","Locale":"ja_JP","SupportedLocales":["sv_AX","en_CN","ro_RO","en_VG","es_VC","fr_MA","en_AL","es_TT","ar_SS","fr_VU","en_GS","fr_CI","en_BW","en_JM","es_BS","en_BD","en_MG","en_PT","en_HK","ar_LB","ru_UA","fr_GN","en_CO","en_KE","en_NR","fr_MU","en_FI","nl_BQ","en_WS","en_DG","ar_SA","en_RW","en_ZM","en_BE","en_ER","bn_BD","el_CY","en_MH","pt_AO","nl_NL","en_KY","es_CL","en_VI","en_FJ","es_VE","fr_MC","en_TZ","en_ID","es_TC","zh_TW","en_GU","es_GQ","ko_CN","mr_IN","en_GB","es_MX","en_ES","es_BB","es_PR","fr_GP","pt_GW","fi_FI","en_FK","en_NA","zh_CN","en_IE","ca_IT","en_TH","en_LR","ar_KM","en_BZ","de_CH","en_JP","te_IN","en_US","en_BG","ar_QA","en_PW","ar_TN","da_GL","fr_GQ","de_LI","cs_CZ","en_NU","zh_HK","hu_HU","es_VG","ta_IN","ar_EG","ro_MD","en_LS","fr_CM","ar_SD","en_GD","ar_IL","ar_LY","en_UA","fr_TD","pt_LU","es_PA","ta_SG","en_KI","es_CO","en_FM","fr_MF","tr_CY","ar_EH","en_LT","es_IC","en_DK","pt_ST","es_GT","fr_YT","en_GE","ms_BN","en_BI","he_IL","pt_TL","en_SS","es_KY","kk_KZ","en_CA","es_VI","zh-Hant_JP","ar_MR","fr_MG","hr_HR","en_AR","en_TK","ar_SY","fr_SN","en_GY","pt_CV","en_MM","fr_DZ","ar_AE","es_ES","en_001","zh-Hant_MY","en_PG","fr_RW","ca_ES","fr_GA","en_SA","fr_BE","hi_IN","en_AS","pt_MO","en_LV","ta_LK","en_DM","en_LC","en_GG","tr_TR","es_BZ","it_CH","zh-Hans_MO","en_150","it_VA","fr_TG","en_EE","es_US","en_PH","sv_FI","es_EA","en_CV","ms_SG","es_CR","fr_RE","en_CC","en_SB","en_NF","fr_BF","es_HN","en_AT","ar_MA","nl_BE","en_GH","es_GD","th_TH","en_ZA","pt_FR","en_MO","es_003","de_IT","es_PE","de_DE","en_NZ","en_SC","en_NG","en_AU","el_GR","en_GI","ar_001","en_BM","ar_IQ","en_MP","es_PY","fr_DJ","es_EC","vi_VN","en_US_POSIX","en_CX","en_KN","en_SD","en_FR","es_CA","kn_IN","en_IL","es_AR","en_TO","zh-Hans_HK","bg_BG","es_GY","fr_NC","ta_MY","en_BN","en_UG","en_HU","uk_UA","en_SX","en_PK","en_CY","en_SE","es_CU","sk_SK","fr_BI","fr_ML","de_BE","en_IM","fr_PF","es_DM","es_LC","en_ZW","fr_CA","pl_PL","zh-Hans_JP","nl_SR","pt_CH","en_JE","fr_LU","ja_JP","en_PL","es_PH","en_CZ","zh_MO","fr_GF","fr_BJ","en_IN","zh-Hans_MY","en_AE","fr_NE","en_RO","en_MS","es_419","it_IT","ar_TD","en_SZ","fr_WF","es_SV","ml_IN","en_SG","es_CW","en_CH","ru_MD","pt_BR","en_IO","ar_PS","bn_IN","en_TR","ar_KW","es_DO","en_GM","it_SM","ms_MY","es_UY","es_BM","en_MT","sl_SI","en_PN","es_HT","en_KR","en_SH","en_VU","es_KN","fr_BL","en_NL","ca_FR","en_AG","fr_KM","fr_SC","fr_CD","ko_KP","or_IN","en_BR","zh-Hant_CN","en_MU","ru_RU","fr_TN","ar_DZ","nb_SJ","en_SI","en_VC","es_NI","ar_ER","hr_BA","fr_HT","en_TT","ar_SO","ca_AD","fr_FR","da_DK","en_BS","nl_CW","en_MV","es_BO","nb_NO","de_LU","en_CK","ar_JO","pt_GQ","fr_MQ","zh_SG","ms_ID","en_AI","fr_CF","ko_KR","en_MW","en_UM","en_SK","en_CL","en_NO","fr_MR","en_TV","fr_SY","en_TC","fr_CG","nl_SX","es_BQ","ar_YE","ru_BY","en_BB","de_AT","en_PR","sv_SE","ar_DJ","lt_LT","nl_AW","ar_OM","en_SL","en_CM","en_MX","ru_KZ","ar_BH","ru_KG","en_IT","id_ID","pt_MZ","fr_PM","en_TW","es_AG","pt_PT","en_DE","fr_CH","gu_IN","en_RU","en_GR","es_BR","en_MY"],"SupportedLanguages":["ur","lt","ja","id","mr","ms","hi","es-419","es","pl","ca","ta","fr","en-IN","or","fr-CA","da","bg","te","kk-Cyrl","pt-BR","zh-Hant-HK","hr","gu","de","th","sk","ro","sl","nb","kk","en-GB","hu","zh-HK","bn","ar","it","kn","ko","uk","pa","ru","vi","zh-Hans","zh-Hant","en-AU","ml","pt-PT","tr","fi","en-US","el","cs","sv","nl","he","en","es-US"]}
[07:57:39] 000081...: Batch Activate hoàn tất thành công.
[07:57:40] 000081...: ⚡ Lệnh đổi ngôn ngữ đã gửi (SpringBoard đang cập nhật, timeout 20s là bình thường).
[07:57:40] 000081...: Batch Activate hoàn tất thành công.
[07:57:40] 000081...: ⚡ Lệnh đổi ngôn ngữ đã gửi (SpringBoard đang cập nhật, timeout 20s là bình thường).
[07:57:40] 000081...: Batch Activate hoàn tất thành công.
[07:57:42] 000081...: ⚡ Lệnh đổi ngôn ngữ đã gửi (SpringBoard đang cập nhật, timeout 20s là bình thường).
[07:57:42] 000081...: Batch Activate hoàn tất thành công.
[07:57:43] 000081...: ⚡ Lệnh đổi ngôn ngữ đã gửi (SpringBoard đang cập nhật, timeout 20s là bình thường).
[07:57:43] 000081...: Batch Activate hoàn tất thành công.
[07:57:49] 000081...: ⚡ Lệnh đổi ngôn ngữ đã gửi (SpringBoard đang cập nhật, timeout 20s là bình thường).
[07:57:49] 000081...: Batch Activate hoàn tất thành công.
[07:57:49] 000081...: ⚡ Lệnh đổi ngôn ngữ đã gửi (SpringBoard đang cập nhật, timeout 20s là bình thường).
[07:57:49] 000081...: Batch Activate hoàn tất thành công.
[07:57:53] 000081...: ⚡ Lệnh đổi ngôn ngữ đã gửi (SpringBoard đang cập nhật, timeout 20s là bình thường).
[07:57:53] 000081...: Batch Activate hoàn tất thành công.
[07:58:11] 000081...: Đã ngắt kết nối.
[07:58:11] 000081...: Đã ngắt kết nối.
[07:58:12] 000081...: Đã ngắt kết nối.
[07:58:12] 000081...: Đã ngắt kết nối.
[07:58:12] 000081...: Đã ngắt kết nối.
[07:58:13] 000081...: Đã ngắt kết nối.
[07:58:13] 000081...: Đã ngắt kết nối.
[07:58:13] 000081...: Đã ngắt kết nối.
[07:58:14] 000081...: Đã ngắt kết nối.
[07:58:14] 000081...: Đã ngắt kết nối.
[07:58:31] 000081...: Kết nối: iPhone • iOS 26.6.1
[07:58:33] 000081...: Kết nối: iPhone • iOS 26.6.1
[07:58:34] 000081...: Kết nối: iPhone • iOS 26.6.1
[07:58:35] 000081...: Kết nối: iPhone • iOS 26.6.1
[07:58:36] 000081...: Kết nối: iPhone • iOS 26.6.1
[07:58:38] 000081...: Kết nối: iPhone • iOS 26.6.1
[07:58:39] 000081...: Kết nối: iPhone • iOS 26.6.1
[07:58:41] 000081...: Kết nối: iPhone • iOS 26.6.1
[07:58:41] 000081...: Kết nối: iPhone • iOS 26.6.1
[07:58:48] 000081...: Kết nối: iPhone • iOS 26.6.1
[07:58:52] SYSTEM...: Restore chuyển kho: A ➜ B | 63 bản backup | 10 máy ghép nối
[07:58:52] 000081...: SUCCESS: Validated pairing with device 00008101-000101C61E44001E
[07:58:52] 000081...: SUCCESS: Validated pairing with device 00008101-000B05581468001E
[07:58:53] 000081...: SUCCESS: Validated pairing with device 00008101-000508C23CE0001E
[07:58:53] 000081...: SUCCESS: Validated pairing with device 00008101-000C55A12E91003A
[07:58:53] 000081...: SUCCESS: Validated pairing with device 00008101-000C0D0C3C86001E
[07:58:53] 000081...: SUCCESS: Validated pairing with device 00008101-000E41E036E8001E
[07:58:53] 000081...: SUCCESS: Validated pairing with device 00008101-000E10A41E78001E
[07:58:53] 000081...: SUCCESS: Validated pairing with device 00008101-00012CE20202001E
[07:58:53] 000081...: SUCCESS: Validated pairing with device 00008101-0011548002C1001E
[07:58:53] 000081...: SUCCESS: Validated pairing with device 00008101-000D08DA1180001E
[07:59:10] 000081...: [=                                                 ]   1% Finished
[07:59:10] 000081...: [=                                                 ]   1% Finished
[07:59:10] 000081...: [=                                                 ]   1% Finished
[07:59:10] 000081...: [=                                                 ]   1% Finished
[07:59:11] 000081...: [=                                                 ]   1% Finished
[07:59:11] 000081...: [=                                                 ]   1% Finished
[07:59:11] 000081...: [=                                                 ]   1% Finished
[07:59:11] 000081...: [=                                                 ]   1% Finished
[07:59:11] 000081...: [====                                              ]   6% Finished
[07:59:11] 000081...: [=                                                 ]   1% Finished
[07:59:11] 000081...: [=                                                 ]   1% Finished
[07:59:11] 000081...: [====                                              ]   7% Finished
[07:59:12] 000081...: [=                                                 ]   1% Finished
[07:59:12] 000081...: [====                                              ]   7% Finished
[07:59:13] 000081...: [====                                              ]   6% Finished
[07:59:13] 000081...: [======                                            ]  11% Finished
[07:59:13] 000081...: [==                                                ]   3% Finished
[07:59:13] 000081...: [====                                              ]   6% Finished
[07:59:13] 000081...: [====                                              ]   6% Finished
[07:59:13] 000081...: [=========                                         ]  17% Finished
[07:59:14] 000081...: [====                                              ]   7% Finished
[07:59:15] 000081...: [==========                                        ]  19% Finished
[07:59:16] 000081...: [======                                            ]  11% Finished
[07:59:16] 000081...: [=========                                         ]  18% Finished
[07:59:17] 000081...: [======                                            ]  11% Finished
[07:59:17] 000081...: [=====                                             ]  10% Finished
[07:59:17] 000081...: [========                                          ]  16% Finished
[07:59:17] 000081...: [====                                              ]   6% Finished
[07:59:17] 000081...: [========                                          ]  14% Finished
[07:59:18] 000081...: [========                                          ]  15% Finished
[07:59:18] 000081...: [==========                                        ]  19% Finished
[07:59:21] 000081...: [=========                                         ]  18% Finished
[07:59:21] 000081...: [=========                                         ]  18% Finished
[07:59:21] 000081...: [============                                      ]  23% Finished
[07:59:21] 000081...: [===================                               ]  38% Finished
[07:59:21] 000081...: [===================                               ]  38% Finished
[07:59:21] 000081...: [==================                                ]  35% Finished
[07:59:22] 000081...: [===================                               ]  37% Finished
[07:59:23] 000081...: [======================                            ]  43% Finished
[07:59:23] 000081...: [======================                            ]  43% Finished
[07:59:24] 000081...: [=====================                             ]  42% Finished
[07:59:24] 000081...: [===================                               ]  38% Finished
[07:59:24] 000081...: [====================                              ]  40% Finished
[07:59:25] 000081...: [=========                                         ]  18% Finished
[07:59:25] 000081...: [===========                                       ]  20% Finished
[07:59:25] 000081...: [=================                                 ]  34% Finished
[07:59:25] 000081...: [===================                               ]  37% Finished
[07:59:26] 000081...: [============                                      ]  23% Finished
[07:59:26] 000081...: [===================                               ]  38% Finished
[07:59:26] 000081...: [===========                                       ]  22% Finished
[07:59:26] 000081...: [===================                               ]  37% Finished
[07:59:26] 000081...: [======================                            ]  44% Finished
[07:59:26] 000081...: [===================                               ]  37% Finished
[07:59:26] 000081...: [=====================                             ]  42% Finished
[07:59:26] 000081...: [====================                              ]  39% Finished
[07:59:27] 000081...: [=====================                             ]  42% Finished
[07:59:27] 000081...: [=======================                           ]  44% Finished
[07:59:27] 000081...: [======================                            ]  42% Finished
[07:59:27] 000081...: [========================                          ]  48% Finished
[07:59:27] 000081...: [========================                          ]  48% Finished
[07:59:28] 000081...: [===========================                       ]  53% Finished
[07:59:28] 000081...: [==========================                        ]  50% Finished
[07:59:28] 000081...: [============================                      ]  55% Finished
[07:59:28] 000081...: [==============================                    ]  58% Finished
[07:59:28] 000081...: [=========================                         ]  50% Finished
[07:59:28] 000081...: [===============================                   ]  60% Finished
[07:59:29] 000081...: [=========================                         ]  48% Finished
[07:59:29] 000081...: [==========================                        ]  50% Finished
[07:59:29] 000081...: [============================                      ]  55% Finished
[07:59:29] 000081...: [============================                      ]  55% Finished
[07:59:30] 000081...: [==============================                    ]  60% Finished
[07:59:30] 000081...: [==========================                        ]  52% Finished
[07:59:31] 000081...: [=======================================           ]  77% Finished
[07:59:31] 000081...: [=======================================           ]  76% Finished
[07:59:31] 000081...: [========================                          ]  47% Finished
[07:59:31] 000081...: [=============================                     ]  57% Finished
[07:59:31] 000081...: [=========================                         ]  49% Finished
[07:59:31] 000081...: [=========================                         ]  50% Finished
[07:59:32] 000081...: [===========================                       ]  54% Finished
[07:59:32] 000081...: [=========================                         ]  50% Finished
[07:59:32] 000081...: [========================                          ]  47% Finished
[07:59:32] 000081...: [===============================                   ]  60% Finished
[07:59:32] 000081...: [============================                      ]  55% Finished
[07:59:32] 000081...: [==============================                    ]  59% Finished
[07:59:32] 000081...: [============================                      ]  55% Finished
[07:59:32] 000081...: [===========================                       ]  53% Finished
[07:59:33] 000081...: [======================================            ]  75% Finished
[07:59:33] 000081...: [=========================================         ]  81% Finished
[07:59:33] 000081...: [=========================                         ]  50% Finished
[07:59:33] 000081...: [===============================                   ]  60% Finished
[07:59:33] 000081...: [===============================                   ]  60% Finished
[07:59:33] 000081...: [============================                      ]  55% Finished
[07:59:33] 000081...: [==============================                    ]  58% Finished
[07:59:34] 000081...: [======================================            ]  74% Finished
[07:59:34] 000081...: [==============================                    ]  60% Finished
[07:59:35] 000081...: [================================                  ]  62% Finished
[07:59:36] 000081...: [=======================================           ]  76% Finished
[07:59:36] 000081...: [=========================================         ]  80% Finished
[07:59:36] 000081...: [===========================================       ]  85% Finished
[07:59:36] 000081...: [===============================================   ]  94% Finished
[07:59:36] 000081...: [=======================================           ]  77% Finished
[07:59:37] 000081...: [=========================================         ]  81% Finished
[07:59:37] 000081...: [===============================================   ]  94% Finished
[07:59:37] 000081...: [=======================================           ]  77% Finished
[07:59:37] 000081...: [=========================================         ]  82% Finished
[07:59:38] 000081...: [======================================            ]  76% Finished
[07:59:39] 000081...: [=====================================             ]  74% Finished
[07:59:39] 000081...: [===========================================       ]  84% Finished
[07:59:39] 000081...: [=========================================         ]  81% Finished
[07:59:39] 000081...: [===============================================   ]  93% Finished
[07:59:40] 000081...: [======================================            ]  75% Finished
[07:59:40] 000081...: [=========================================         ]  81% Finished
[07:59:41] 000081...: [===========================================       ]  85% Finished
[07:59:41] 000081...: [================================================= ]  98% Finished
[07:59:41] 000081...: [===============================================   ]  94% Finished
[07:59:41] 000081...: [===============================================   ]  93% Finished
[07:59:42] 000081...: [===============================================   ]  93% Finished
[07:59:42] 000081...: [==========================================        ]  83% Finished
[07:59:42] 000081...: [============================================      ]  86% Finished
[07:59:42] 000081...: [==================================================]  98% Finished
[07:59:43] 000081...: [========================================          ]  79% Finished
[07:59:43] 000081...: [===========================================       ]  84% Finished
[07:59:43] 000081...: [================================================  ]  94% Finished
[07:59:43] 000081...: [==================================================]  99% Finished
[07:59:43] 000081...: [================================================  ]  96% Finished
[07:59:43] 000081...: [==================================================]  99% Finished
[07:59:43] 000081...: [===============================================   ]  94% Finished
[07:59:44] 000081...: [===============================================   ]  94% Finished
[07:59:44] 000081...: [==================================================] 100% Finished
[07:59:52] 000081...: [==================================================] 100% Finished
[07:59:52] 000081...: [==================================================] 100% Finished
[07:59:52] 000081...: Restore Successful.
[07:59:52] 000081...: Khôi phục dữ liệu Restore hoàn tất thành công.
[07:59:52] 000081...: Đã chuyển kho thành công: A ➔ Kho đối diện:
92_iPhone_nguynmaituyn469
[07:59:52] 000081...: ✓ Đã chuyển iPhone thứ 11 qua Kho đối diện thành công!
[07:59:52] 000081...: [==================================================] 100% Finished
[07:59:52] 000081...: Restore Successful.
[07:59:52] 000081...: Khôi phục dữ liệu Restore hoàn tất thành công.
[07:59:52] 000081...: Đã chuyển kho thành công: A ➔ Kho đối diện:
103_iPhone_nguynngthanh0426
[07:59:52] 000081...: ✓ Đã chuyển iPhone thứ 12 qua Kho đối diện thành công!
[07:59:55] 000081...: [==================================================] 100% Finished
[07:59:55] 000081...: [==================================================] 100% Finished
[07:59:55] 000081...: Restore Successful.
[07:59:55] 000081...: Khôi phục dữ liệu Restore hoàn tất thành công.
[07:59:55] 000081...: Đã chuyển kho thành công: A ➔ Kho đối diện:
90_iPhone_trnnhsan595
[07:59:55] 000081...: ✓ Đã chuyển iPhone thứ 13 qua Kho đối diện thành công!
[07:59:55] 000081...: [==================================================] 100% Finished
[07:59:55] 000081...: Restore Successful.
[07:59:55] 000081...: Khôi phục dữ liệu Restore hoàn tất thành công.
[07:59:55] 000081...: Đã chuyển kho thành công: A ➔ Kho đối diện:
91_iPhone_giangbchtr9519
[07:59:55] 000081...: ✓ Đã chuyển iPhone thứ 14 qua Kho đối diện thành công!
[07:59:55] 000081...: [==================================================] 100% Finished
[07:59:55] 000081...: [==================================================] 100% Finished
[07:59:55] 000081...: Restore Successful.
[07:59:55] 000081...: Khôi phục dữ liệu Restore hoàn tất thành công.
[07:59:55] 000081...: Đã chuyển kho thành công: A ➔ Kho đối diện:
93_iPhone_ngthanhhng2700
[07:59:55] 000081...: ✓ Đã chuyển iPhone thứ 15 qua Kho đối diện thành công!
[07:59:56] 000081...: [==================================================] 100% Finished
[07:59:56] 000081...: [==================================================] 100% Finished
[07:59:56] 000081...: Restore Successful.
[07:59:56] 000081...: Khôi phục dữ liệu Restore hoàn tất thành công.
[07:59:56] 000081...: Đã chuyển kho thành công: A ➔ Kho đối diện:
86_iPhone_phmthcquyn53
[07:59:56] 000081...: ✓ Đã chuyển iPhone thứ 16 qua Kho đối diện thành công!
[07:59:56] 000081...: [==================================================] 100% Finished
[07:59:56] 000081...: Restore Successful.
[07:59:56] 000081...: Khôi phục dữ liệu Restore hoàn tất thành công.
[07:59:56] 000081...: Đã chuyển kho thành công: A ➔ Kho đối diện:
87_iPhone_nguynkimtho5069
[07:59:56] 000081...: ✓ Đã chuyển iPhone thứ 17 qua Kho đối diện thành công!
[07:59:56] 000081...: [==================================================] 100% Finished
[07:59:56] 000081...: Restore Successful.
[07:59:56] 000081...: Khôi phục dữ liệu Restore hoàn tất thành công.
[07:59:56] 000081...: Đã chuyển kho thành công: A ➔ Kho đối diện:
95_iPhone_phannhbo309
[07:59:56] 000081...: ✓ Đã chuyển iPhone thứ 18 qua Kho đối diện thành công!
[07:59:57] 000081...: [==================================================]  99% Finished
[07:59:57] 000081...: [==================================================] 100% Finished
[07:59:57] 000081...: Restore Successful.
[07:59:57] 000081...: Khôi phục dữ liệu Restore hoàn tất thành công.
[07:59:57] 000081...: Đã chuyển kho thành công: A ➔ Kho đối diện:
94_iPhone_mchthintrang293
[07:59:57] 000081...: ✓ Đã chuyển iPhone thứ 19 qua Kho đối diện thành công!
[07:59:58] 000081...: [==================================================] 100% Finished
[07:59:58] 000081...: Restore Successful.
[07:59:58] 000081...: Khôi phục dữ liệu Restore hoàn tất thành công.
[07:59:58] 000081...: Đã chuyển kho thành công: A ➔ Kho đối diện:
89_iPhone_hunhqunhdao3428
[07:59:58] 000081...: ✓ Đã chuyển iPhone thứ 20 qua Kho đối diện thành công!
[07:59:58] SYSTEM...: ==========================================================
[07:59:58] SYSTEM...: 🔔 ĐÃ RESTORE XONG 20 MÁY – RÚT TẤT CẢ RA & CẮM ĐỢT MỚI!
[07:59:58] SYSTEM...:    Tất cả iPhone đang reboot, KHÔNG cần chờ thêm.
[07:59:58] SYSTEM...: ==========================================================
[08:00:02] 000081...: Đã ngắt kết nối.
[08:00:02] 000081...: Đã ngắt kết nối.
[08:00:04] 000081...: Đã ngắt kết nối.
[08:00:04] 000081...: Đã ngắt kết nối.
[08:00:05] 000081...: Đã ngắt kết nối.
[08:00:05] 000081...: Đã ngắt kết nối.
[08:00:06] 000081...: Đã ngắt kết nối.
[08:00:06] 000081...: Đã ngắt kết nối.
[08:00:06] 000081...: Đã ngắt kết nối.
[08:00:08] 000081...: Đã ngắt kết nối.
[08:00:24] 000081...: Kết nối: iPhone • iOS 26.6.1
[08:00:25] 000081...: Kết nối: iPhone • iOS 26.6.1
[08:00:26] 000081...: Kết nối: iPhone • iOS 26.6.1
[08:00:26] 000081...: Kết nối: iPhone • iOS 26.6.1
[08:00:26] 000081...: Kết nối: iPhone • iOS 26.6.1
[08:00:27] 000081...: Kết nối: iPhone • iOS 26.6.1
[08:00:28] 000081...: Kết nối: iPhone • iOS 26.6.1
[08:00:28] 000081...: Kết nối: iPhone • iOS 26.6.1
[08:00:29] 000081...: Kết nối: iPhone • iOS 26.6.1
[08:00:35] 000081...: Kết nối: iPhone • iOS 26.6.1
[08:01:57] SYSTEM...: Bắt đầu Batch Activate cho toàn bộ thiết bị...
[08:01:57] 000081...: RUN: c:\TIKTOOL PRO V4\ideviceactivation.exe activate -u 00008101-000C55A12E91003A -b
[08:01:57] 000081...: RUN: c:\TIKTOOL PRO V4\ideviceactivation.exe activate -u 00008101-000C0D0C3C86001E -b
[08:01:57] 000081...: RUN: c:\TIKTOOL PRO V4\ideviceactivation.exe activate -u 00008101-000101C61E44001E -b
[08:01:57] 000081...: RUN: c:\TIKTOOL PRO V4\ideviceactivation.exe activate -u 00008101-000E10A41E78001E -b
[08:01:57] 000081...: RUN: c:\TIKTOOL PRO V4\ideviceactivation.exe activate -u 00008101-00012CE20202001E -b
[08:01:57] 000081...: RUN: c:\TIKTOOL PRO V4\ideviceactivation.exe activate -u 00008101-000E41E036E8001E -b
[08:01:57] 000081...: RUN: c:\TIKTOOL PRO V4\ideviceactivation.exe activate -u 00008101-000B05581468001E -b
[08:01:57] 000081...: RUN: c:\TIKTOOL PRO V4\ideviceactivation.exe activate -u 00008101-0011548002C1001E -b
[08:01:57] 000081...: RUN: c:\TIKTOOL PRO V4\ideviceactivation.exe activate -u 00008101-000D08DA1180001E -b
[08:01:57] 000081...: RUN: c:\TIKTOOL PRO V4\ideviceactivation.exe activate -u 00008101-000508C23CE0001E -b
[08:02:02] 000081...: NOTE: This device appears to be already activated. The server might report an error 'Device Unknown' instead of acknowledging the activation.
Activation server reports that device is already activated.
[08:02:02] 000081...: RUN: c:\TIKTOOL PRO V4\ios.exe prepare --skip-all --udid=00008101-000C55A12E91003A --nojson
[08:02:02] 000081...: NOTE: This device appears to be already activated. The server might report an error 'Device Unknown' instead of acknowledging the activation.
Activation server reports that device is already activated.
[08:02:02] 000081...: RUN: c:\TIKTOOL PRO V4\ios.exe prepare --skip-all --udid=00008101-0011548002C1001E --nojson
[08:02:02] 000081...: NOTE: This device appears to be already activated. The server might report an error 'Device Unknown' instead of acknowledging the activation.
Activation server reports that device is already activated.
[08:02:02] 000081...: RUN: c:\TIKTOOL PRO V4\ios.exe prepare --skip-all --udid=00008101-000E41E036E8001E --nojson
[08:02:02] 000081...: NOTE: This device appears to be already activated. The server might report an error 'Device Unknown' instead of acknowledging the activation.
Activation server reports that device is already activated.
[08:02:02] 000081...: RUN: c:\TIKTOOL PRO V4\ios.exe prepare --skip-all --udid=00008101-000C0D0C3C86001E --nojson
[08:02:03] 000081...: NOTE: This device appears to be already activated. The server might report an error 'Device Unknown' instead of acknowledging the activation.
Activation server reports that device is already activated.
[08:02:03] 000081...: RUN: c:\TIKTOOL PRO V4\ios.exe prepare --skip-all --udid=00008101-000101C61E44001E --nojson
[08:02:03] 000081...: NOTE: This device appears to be already activated. The server might report an error 'Device Unknown' instead of acknowledging the activation.
Activation server reports that device is already activated.
[08:02:03] 000081...: RUN: c:\TIKTOOL PRO V4\ios.exe prepare --skip-all --udid=00008101-000E10A41E78001E --nojson
[08:02:03] 000081...: NOTE: This device appears to be already activated. The server might report an error 'Device Unknown' instead of acknowledging the activation.
Activation server reports that device is already activated.
[08:02:03] 000081...: RUN: c:\TIKTOOL PRO V4\ios.exe prepare --skip-all --udid=00008101-00012CE20202001E --nojson
[08:02:03] 000081...: NOTE: This device appears to be already activated. The server might report an error 'Device Unknown' instead of acknowledging the activation.
Activation server reports that device is already activated.
[08:02:03] 000081...: RUN: c:\TIKTOOL PRO V4\ios.exe prepare --skip-all --udid=00008101-000508C23CE0001E --nojson
[08:02:03] 000081...: NOTE: This device appears to be already activated. The server might report an error 'Device Unknown' instead of acknowledging the activation.
Activation server reports that device is already activated.
[08:02:03] 000081...: RUN: c:\TIKTOOL PRO V4\ios.exe prepare --skip-all --udid=00008101-000D08DA1180001E --nojson
[08:02:03] 000081...: NOTE: This device appears to be already activated. The server might report an error 'Device Unknown' instead of acknowledging the activation.
Activation server reports that device is already activated.
[08:02:03] 000081...: RUN: c:\TIKTOOL PRO V4\ios.exe prepare --skip-all --udid=00008101-000B05581468001E --nojson
[08:02:03] 000081...: time="2026-09-05T08:02:02+07:00" level=warning msg="go-ios agent is not running. You might need to start it with 'ios tunnel start' for ios17+. Use ENABLE_GO_IOS_AGENT=user for userspace tunnel or ENABLE_GO_IOS_AGENT=kernel for kernel tunnel for the experimental daemon mode."
time="2026-09-05T08:02:02+07:00" level=warning msg="failed to get tunnel info" udid=00008101-000C55A12E91003A
time="2026-09-05T08:02:02+07:00" level=info msg="device is activated:true"
time="2026-09-05T08:02:02+07:00" level=info msg="send flush request"
time="2026-09-05T08:02:02+07:00" level=info msg="get cloud config"
"ok"
[08:02:03] 000081...: RUN: c:\TIKTOOL PRO V4\ios.exe lang --setlocale=ja_JP --setlang=ja --udid=00008101-000C55A12E91003A --nojson
[08:02:06] 000081...: time="2026-09-05T08:02:03+07:00" level=warning msg="go-ios agent is not running. You might need to start it with 'ios tunnel start' for ios17+. Use ENABLE_GO_IOS_AGENT=user for userspace tunnel or ENABLE_GO_IOS_AGENT=kernel for kernel tunnel for the experimental daemon mode."
time="2026-09-05T08:02:03+07:00" level=warning msg="failed to get tunnel info" udid=00008101-000C0D0C3C86001E
time="2026-09-05T08:02:03+07:00" level=info msg="device is activated:true"
time="2026-09-05T08:02:03+07:00" level=info msg="send flush request"
time="2026-09-05T08:02:03+07:00" level=info msg="get cloud config"
"ok"
[08:02:06] 000081...: RUN: c:\TIKTOOL PRO V4\ios.exe lang --setlocale=ja_JP --setlang=ja --udid=00008101-000C0D0C3C86001E --nojson
[08:02:07] 000081...: time="2026-09-05T08:02:03+07:00" level=warning msg="go-ios agent is not running. You might need to start it with 'ios tunnel start' for ios17+. Use ENABLE_GO_IOS_AGENT=user for userspace tunnel or ENABLE_GO_IOS_AGENT=kernel for kernel tunnel for the experimental daemon mode."
time="2026-09-05T08:02:03+07:00" level=warning msg="failed to get tunnel info" udid=00008101-0011548002C1001E
time="2026-09-05T08:02:03+07:00" level=info msg="device is activated:true"
time="2026-09-05T08:02:03+07:00" level=info msg="send flush request"
time="2026-09-05T08:02:03+07:00" level=info msg="get cloud config"
"ok"
[08:02:07] 000081...: RUN: c:\TIKTOOL PRO V4\ios.exe lang --setlocale=ja_JP --setlang=ja --udid=00008101-0011548002C1001E --nojson
[08:02:07] 000081...: time="2026-09-05T08:02:03+07:00" level=warning msg="go-ios agent is not running. You might need to start it with 'ios tunnel start' for ios17+. Use ENABLE_GO_IOS_AGENT=user for userspace tunnel or ENABLE_GO_IOS_AGENT=kernel for kernel tunnel for the experimental daemon mode."
time="2026-09-05T08:02:03+07:00" level=warning msg="failed to get tunnel info" udid=00008101-000101C61E44001E
time="2026-09-05T08:02:03+07:00" level=info msg="device is activated:true"
time="2026-09-05T08:02:03+07:00" level=info msg="send flush request"
time="2026-09-05T08:02:03+07:00" level=info msg="get cloud config"
"ok"
[08:02:07] 000081...: RUN: c:\TIKTOOL PRO V4\ios.exe lang --setlocale=ja_JP --setlang=ja --udid=00008101-000101C61E44001E --nojson
[08:02:08] 000081...: time="2026-09-05T08:02:03+07:00" level=warning msg="go-ios agent is not running. You might need to start it with 'ios tunnel start' for ios17+. Use ENABLE_GO_IOS_AGENT=user for userspace tunnel or ENABLE_GO_IOS_AGENT=kernel for kernel tunnel for the experimental daemon mode."
time="2026-09-05T08:02:03+07:00" level=warning msg="failed to get tunnel info" udid=00008101-000508C23CE0001E
time="2026-09-05T08:02:03+07:00" level=info msg="device is activated:true"
time="2026-09-05T08:02:03+07:00" level=info msg="send flush request"
time="2026-09-05T08:02:03+07:00" level=info msg="get cloud config"
"ok"
[08:02:08] 000081...: RUN: c:\TIKTOOL PRO V4\ios.exe lang --setlocale=ja_JP --setlang=ja --udid=00008101-000508C23CE0001E --nojson
[08:02:08] 000081...: time="2026-09-05T08:02:03+07:00" level=warning msg="go-ios agent is not running. You might need to start it with 'ios tunnel start' for ios17+. Use ENABLE_GO_IOS_AGENT=user for userspace tunnel or ENABLE_GO_IOS_AGENT=kernel for kernel tunnel for the experimental daemon mode."
time="2026-09-05T08:02:03+07:00" level=warning msg="failed to get tunnel info" udid=00008101-000E10A41E78001E
time="2026-09-05T08:02:03+07:00" level=info msg="device is activated:true"
time="2026-09-05T08:02:03+07:00" level=info msg="send flush request"
time="2026-09-05T08:02:03+07:00" level=info msg="get cloud config"
"ok"
[08:02:08] 000081...: RUN: c:\TIKTOOL PRO V4\ios.exe lang --setlocale=ja_JP --setlang=ja --udid=00008101-000E10A41E78001E --nojson
[08:02:08] 000081...: time="2026-09-05T08:02:03+07:00" level=warning msg="go-ios agent is not running. You might need to start it with 'ios tunnel start' for ios17+. Use ENABLE_GO_IOS_AGENT=user for userspace tunnel or ENABLE_GO_IOS_AGENT=kernel for kernel tunnel for the experimental daemon mode."
time="2026-09-05T08:02:03+07:00" level=warning msg="failed to get tunnel info" udid=00008101-000E41E036E8001E
time="2026-09-05T08:02:03+07:00" level=info msg="device is activated:true"
time="2026-09-05T08:02:03+07:00" level=info msg="send flush request"
time="2026-09-05T08:02:03+07:00" level=info msg="get cloud config"
"ok"
[08:02:08] 000081...: RUN: c:\TIKTOOL PRO V4\ios.exe lang --setlocale=ja_JP --setlang=ja --udid=00008101-000E41E036E8001E --nojson
[08:02:08] 000081...: time="2026-09-05T08:02:03+07:00" level=warning msg="go-ios agent is not running. You might need to start it with 'ios tunnel start' for ios17+. Use ENABLE_GO_IOS_AGENT=user for userspace tunnel or ENABLE_GO_IOS_AGENT=kernel for kernel tunnel for the experimental daemon mode."
time="2026-09-05T08:02:03+07:00" level=warning msg="failed to get tunnel info" udid=00008101-000B05581468001E
time="2026-09-05T08:02:03+07:00" level=info msg="device is activated:true"
time="2026-09-05T08:02:03+07:00" level=info msg="send flush request"
time="2026-09-05T08:02:03+07:00" level=info msg="get cloud config"
"ok"
[08:02:08] 000081...: RUN: c:\TIKTOOL PRO V4\ios.exe lang --setlocale=ja_JP --setlang=ja --udid=00008101-000B05581468001E --nojson
[08:02:09] 000081...: time="2026-09-05T08:02:03+07:00" level=warning msg="go-ios agent is not running. You might need to start it with 'ios tunnel start' for ios17+. Use ENABLE_GO_IOS_AGENT=user for userspace tunnel or ENABLE_GO_IOS_AGENT=kernel for kernel tunnel for the experimental daemon mode."
time="2026-09-05T08:02:03+07:00" level=warning msg="failed to get tunnel info" udid=00008101-000D08DA1180001E
time="2026-09-05T08:02:03+07:00" level=info msg="device is activated:true"
time="2026-09-05T08:02:03+07:00" level=info msg="send flush request"
time="2026-09-05T08:02:03+07:00" level=info msg="get cloud config"
"ok"
[08:02:09] 000081...: RUN: c:\TIKTOOL PRO V4\ios.exe lang --setlocale=ja_JP --setlang=ja --udid=00008101-000D08DA1180001E --nojson
[08:02:09] 000081...: time="2026-09-05T08:02:03+07:00" level=warning msg="go-ios agent is not running. You might need to start it with 'ios tunnel start' for ios17+. Use ENABLE_GO_IOS_AGENT=user for userspace tunnel or ENABLE_GO_IOS_AGENT=kernel for kernel tunnel for the experimental daemon mode."
time="2026-09-05T08:02:03+07:00" level=warning msg="failed to get tunnel info" udid=00008101-00012CE20202001E
time="2026-09-05T08:02:03+07:00" level=info msg="device is activated:true"
time="2026-09-05T08:02:03+07:00" level=info msg="send flush request"
time="2026-09-05T08:02:03+07:00" level=info msg="get cloud config"
"ok"
[08:02:09] 000081...: RUN: c:\TIKTOOL PRO V4\ios.exe lang --setlocale=ja_JP --setlang=ja --udid=00008101-00012CE20202001E --nojson
[08:02:16] 000081...: {"Language":"ja","Locale":"ja_JP","SupportedLocales":["sv_AX","en_CN","ro_RO","en_VG","es_VC","fr_MA","en_AL","es_TT","ar_SS","fr_VU","fr_CI","en_GS","en_BW","en_JM","es_BS","en_BD","en_MG","en_PT","ar_LB","ru_UA","fr_GN","en_HK","en_CO","en_KE","en_NR","fr_MU","en_FI","nl_BQ","en_WS","en_DG","ar_SA","en_RW","en_ZM","en_BE","en_ER","bn_BD","en_MH","nl_NL","pt_AO","el_CY","en_KY","es_CL","en_VI","en_FJ","es_VE","fr_MC","en_TZ","en_ID","es_TC","en_GU","zh_TW","es_GQ","en_GB","mr_IN","ko_CN","es_MX","en_ES","es_BB","es_PR","fr_GP","pt_GW","fi_FI","en_FK","en_NA","zh_CN","en_IE","ca_IT","en_TH","en_LR","ar_KM","en_BZ","de_CH","en_JP","te_IN","en_BG","en_US","da_GL","ar_TN","ar_QA","en_PW","fr_GQ","de_LI","cs_CZ","hu_HU","zh_HK","en_NU","es_VG","ta_IN","ar_EG","ro_MD","en_LS","fr_CM","ar_SD","en_GD","ar_IL","ar_LY","en_UA","fr_TD","pt_LU","es_PA","ta_SG","en_KI","es_CO","en_FM","fr_MF","tr_CY","ar_EH","en_LT","es_IC","en_DK","pt_ST","es_GT","fr_YT","en_GE","ms_BN","en_BI","he_IL","pt_TL","en_SS","es_KY","kk_KZ","en_CA","es_VI","zh-Hant_JP","fr_MG","ar_MR","hr_HR","en_AR","en_TK","ar_SY","fr_SN","en_GY","pt_CV","en_MM","es_ES","ar_AE","fr_DZ","en_001","en_PG","ca_ES","fr_RW","zh-Hant_MY","fr_GA","en_SA","fr_BE","hi_IN","en_AS","pt_MO","en_LV","ta_LK","en_DM","en_LC","en_GG","es_BZ","tr_TR","it_CH","zh-Hans_MO","es_US","en_150","fr_TG","en_EE","it_VA","en_PH","es_EA","es_HN","en_CV","ms_SG","sv_FI","fr_RE","en_CC","fr_BF","en_NF","en_SB","es_CR","en_AT","ar_MA","nl_BE","en_GH","es_GD","th_TH","pt_FR","en_ZA","en_MO","es_003","de_IT","es_PE","de_DE","en_SC","en_NZ","en_NG","en_AU","el_GR","en_GI","ar_001","en_BM","ar_IQ","en_MP","es_PY","fr_DJ","es_EC","vi_VN","en_US_POSIX","en_CX","en_KN","en_SD","en_FR","es_CA","kn_IN","en_IL","es_AR","en_TO","zh-Hans_HK","es_GY","bg_BG","fr_NC","ta_MY","en_BN","en_UG","en_HU","en_PK","en_SX","uk_UA","en_CY","es_CU","sk_SK","en_SE","fr_BI","fr_ML","de_BE","en_IM","fr_PF","es_DM","es_LC","en_ZW","fr_CA","pl_PL","pt_CH","nl_SR","ja_JP","en_JE","fr_LU","zh-Hans_JP","en_PL","zh_MO","en_CZ","fr_GF","es_PH","fr_BJ","en_IN","zh-Hans_MY","en_AE","fr_NE","en_RO","en_MS","es_419","it_IT","ar_TD","en_SZ","fr_WF","ru_MD","es_SV","en_SG","ml_IN","en_CH","es_CW","pt_BR","en_IO","bn_IN","ar_PS","en_TR","ar_KW","es_DO","en_GM","it_SM","ms_MY","es_UY","en_MT","es_BM","sl_SI","en_PN","es_HT","en_KR","en_SH","en_VU","es_KN","fr_BL","en_NL","ca_FR","en_AG","fr_KM","fr_SC","fr_CD","ko_KP","or_IN","nb_SJ","zh-Hant_CN","en_BR","ru_RU","fr_TN","ar_DZ","en_MU","en_SI","hr_BA","es_NI","ar_ER","en_VC","fr_HT","en_TT","ar_SO","ca_AD","fr_FR","da_DK","en_BS","nl_CW","es_BO","nb_NO","en_MV","de_LU","en_CK","ar_JO","pt_GQ","fr_MQ","zh_SG","ms_ID","en_AI","fr_CF","ko_KR","en_MW","en_UM","en_SK","en_CL","en_NO","fr_MR","en_TV","fr_SY","en_TC","fr_CG","nl_SX","es_BQ","ar_YE","ru_BY","sv_SE","de_AT","en_MX","en_PR","ar_DJ","lt_LT","ar_OM","en_SL","nl_AW","en_CM","ru_KZ","en_BB","ar_BH","ru_KG","id_ID","pt_MZ","fr_PM","en_TW","en_IT","es_AG","pt_PT","en_DE","fr_CH","en_GR","en_RU","gu_IN","en_MY","es_BR"],"SupportedLanguages":["ur","lt","ja","id","mr","ms","hi","es-419","es","pl","ca","ta","fr","en-IN","or","fr-CA","da","bg","te","kk-Cyrl","pt-BR","zh-Hant-HK","hr","gu","de","th","sk","ro","sl","nb","kk","en-GB","hu","zh-HK","bn","ar","it","kn","ko","uk","pa","ru","vi","zh-Hans","zh-Hant","en-AU","ml","pt-PT","tr","fi","en-US","el","cs","sv","nl","he","en","es-US"]}
[08:02:16] 000081...: Batch Activate hoàn tất thành công.
[08:02:23] 000081...: ⚡ Lệnh đổi ngôn ngữ đã gửi (SpringBoard đang cập nhật, timeout 20s là bình thường).
[08:02:23] 000081...: Batch Activate hoàn tất thành công.
[08:02:27] 000081...: ⚡ Lệnh đổi ngôn ngữ đã gửi (SpringBoard đang cập nhật, timeout 20s là bình thường).
[08:02:27] 000081...: Batch Activate hoàn tất thành công.
[08:02:27] 000081...: ⚡ Lệnh đổi ngôn ngữ đã gửi (SpringBoard đang cập nhật, timeout 20s là bình thường).
[08:02:27] 000081...: Batch Activate hoàn tất thành công.
[08:02:28] 000081...: ⚡ Lệnh đổi ngôn ngữ đã gửi (SpringBoard đang cập nhật, timeout 20s là bình thường).
[08:02:28] 000081...: Batch Activate hoàn tất thành công.
[08:02:28] 000081...: ⚡ Lệnh đổi ngôn ngữ đã gửi (SpringBoard đang cập nhật, timeout 20s là bình thường).
[08:02:28] 000081...: Batch Activate hoàn tất thành công.
[08:02:28] 000081...: ⚡ Lệnh đổi ngôn ngữ đã gửi (SpringBoard đang cập nhật, timeout 20s là bình thường).
[08:02:28] 000081...: Batch Activate hoàn tất thành công.
[08:02:28] 000081...: ⚡ Lệnh đổi ngôn ngữ đã gửi (SpringBoard đang cập nhật, timeout 20s là bình thường).
[08:02:28] 000081...: Batch Activate hoàn tất thành công.
[08:02:29] 000081...: ⚡ Lệnh đổi ngôn ngữ đã gửi (SpringBoard đang cập nhật, timeout 20s là bình thường).
[08:02:29] 000081...: Batch Activate hoàn tất thành công.
[08:02:29] 000081...: ⚡ Lệnh đổi ngôn ngữ đã gửi (SpringBoard đang cập nhật, timeout 20s là bình thường).
[08:02:29] 000081...: Batch Activate hoàn tất thành công.
[08:02:49] 000081...: Đã ngắt kết nối.
[08:02:49] 000081...: Đã ngắt kết nối.
[08:02:49] 000081...: Đã ngắt kết nối.
[08:02:50] 000081...: Đã ngắt kết nối.
[08:02:50] 000081...: Đã ngắt kết nối.
[08:02:50] 000081...: Đã ngắt kết nối.
[08:02:51] 000081...: Đã ngắt kết nối.
[08:02:52] 000081...: Đã ngắt kết nối.
[08:02:52] 000081...: Đã ngắt kết nối.
[08:02:53] 000081...: Đã ngắt kết nối.
[08:03:04] 000081...: Kết nối: iPhone • iOS 26.6.1
[08:03:06] 000081...: Kết nối: iPhone • iOS 26.6.1
[08:03:07] 000081...: Kết nối: iPhone • iOS 26.6.1
[08:03:08] 000081...: Kết nối: iPhone • iOS 26.6.1
[08:03:09] 000081...: Kết nối: iPhone • iOS 26.6.1
[08:03:10] 000081...: Kết nối: iPhone • iOS 26.6.1
[08:03:11] 000081...: Kết nối: iPhone • iOS 26.6.1
[08:03:13] 000081...: Kết nối: iPhone • iOS 26.6.1
[08:03:14] 000081...: Kết nối: iPhone • iOS 26.6.1
[08:03:15] 000081...: Kết nối: iPhone • iOS 26.6.1
[08:03:18] SYSTEM...: Restore chuyển kho: A ➜ B | 53 bản backup | 10 máy ghép nối
[08:03:19] 000081...: SUCCESS: Validated pairing with device 00008101-001434DE2683001E
[08:03:20] 000081...: SUCCESS: Validated pairing with device 00008101-00024DEE0C45001E
[08:03:20] 000081...: SUCCESS: Validated pairing with device 00008101-000955923C01001E
[08:03:20] 000081...: SUCCESS: Validated pairing with device 00008101-001974843E43001E
[08:03:20] 000081...: SUCCESS: Validated pairing with device 00008101-001E6CEC3EC1001E
[08:03:20] 000081...: SUCCESS: Validated pairing with device 00008101-00113939347A001E
[08:03:20] 000081...: SUCCESS: Validated pairing with device 00008101-0013589E02C2001E
[08:03:20] 000081...: SUCCESS: Validated pairing with device 00008101-001869181AC1001E
[08:03:20] 000081...: SUCCESS: Validated pairing with device 00008101-000309042201001E
[08:03:20] 000081...: SUCCESS: Validated pairing with device 00008101-000D6D113A89001E
[08:03:37] 000081...: [=                                                 ]   1% Finished
[08:03:37] 000081...: [=                                                 ]   1% Finished
[08:03:37] 000081...: [=                                                 ]   1% Finished
[08:03:38] 000081...: [====                                              ]   6% Finished
[08:03:38] 000081...: [====                                              ]   7% Finished
[08:03:38] 000081...: [=                                                 ]   1% Finished
[08:03:38] 000081...: [=                                                 ]   1% Finished
[08:03:38] 000081...: [=                                                 ]   1% Finished
[08:03:38] 000081...: [=                                                 ]   1% Finished
[08:03:39] 000081...: [=                                                 ]   1% Finished
[08:03:39] 000081...: [=                                                 ]   1% Finished
[08:03:39] 000081...: [=                                                 ]   1% Finished
[08:03:39] 000081...: [=                                                 ]   1% Finished
[08:03:39] 000081...: [=                                                 ]   1% Finished
[08:03:39] 000081...: [=                                                 ]   1% Finished
[08:03:39] 000081...: [=========                                         ]  17% Finished
[08:03:39] 000081...: [====                                              ]   6% Finished
[08:03:40] 000081...: [====                                              ]   6% Finished
[08:03:40] 000081...: [=========                                         ]  17% Finished
[08:03:40] 000081...: [====                                              ]   6% Finished
[08:03:41] 000081...: [====                                              ]   7% Finished
[08:03:41] 000081...: [====                                              ]   6% Finished
[08:03:42] 000081...: [====                                              ]   6% Finished
[08:03:42] 000081...: [======                                            ]  11% Finished
[08:03:43] 000081...: [====                                              ]   7% Finished
[08:03:43] 000081...: [========                                          ]  14% Finished
[08:03:44] 000081...: [====                                              ]   6% Finished
[08:03:44] 000081...: [=========                                         ]  17% Finished
[08:03:45] 000081...: [===================                               ]  36% Finished
[08:03:45] 000081...: [==========                                        ]  18% Finished
[08:03:45] 000081...: [==================                                ]  35% Finished
[08:03:45] 000081...: [===========                                       ]  20% Finished
[08:03:46] 000081...: [=========                                         ]  17% Finished
[08:03:46] 000081...: [============                                      ]  22% Finished
[08:03:46] 000081...: [=========                                         ]  17% Finished
[08:03:46] 000081...: [===========                                       ]  22% Finished
[08:03:47] 000081...: [=====================                             ]  42% Finished
[08:03:47] 000081...: [=========                                         ]  17% Finished
[08:03:48] 000081...: [=====================                             ]  41% Finished
[08:03:48] 000081...: [=========                                         ]  17% Finished
[08:03:48] 000081...: [=========                                         ]  17% Finished
[08:03:48] 000081...: [===========                                       ]  22% Finished
[08:03:49] 000081...: [==================                                ]  35% Finished
[08:03:50] 000081...: [===================                               ]  37% Finished
[08:03:50] 000081...: [===================                               ]  36% Finished
[08:03:51] 000081...: [=====================                             ]  41% Finished
[08:03:52] 000081...: [==================                                ]  36% Finished
[08:03:52] 000081...: [=======================                           ]  44% Finished
[08:03:52] 000081...: [==================                                ]  34% Finished
[08:03:52] 000081...: [=====================                             ]  42% Finished
[08:03:52] 000081...: [=========================                         ]  49% Finished
[08:03:52] 000081...: [========================                          ]  47% Finished
[08:03:52] 000081...: [==========================                        ]  50% Finished
[08:03:52] 000081...: [============                                      ]  23% Finished
[08:03:52] 000081...: [===================                               ]  37% Finished
[08:03:53] 000081...: [============================                      ]  55% Finished
[08:03:53] 000081...: [===========================                       ]  54% Finished
[08:03:53] 000081...: [==================                                ]  35% Finished
[08:03:54] 000081...: [====================                              ]  39% Finished
[08:03:54] 000081...: [==============================                    ]  60% Finished
[08:03:54] 000081...: [=====================                             ]  42% Finished
[08:03:54] 000081...: [===================                               ]  37% Finished
[08:03:54] 000081...: [======================                            ]  43% Finished
[08:03:55] 000081...: [====================                              ]  40% Finished
[08:03:55] 000081...: [==============================                    ]  59% Finished
[08:03:55] 000081...: [=======================                           ]  45% Finished
[08:03:55] 000081...: [=========================                         ]  49% Finished
[08:03:56] 000081...: [==========================                        ]  50% Finished
[08:03:56] 000081...: [=======================================           ]  77% Finished
[08:03:56] 000081...: [=====================================             ]  74% Finished
[08:03:56] 000081...: [==========================                        ]  50% Finished
[08:03:56] 000081...: [============================                      ]  55% Finished
[08:03:56] 000081...: [=========================                         ]  50% Finished
[08:03:56] 000081...: [============================                      ]  55% Finished
[08:03:57] 000081...: [===========================================       ]  84% Finished
[08:03:57] 000081...: [==============================                    ]  60% Finished
[08:03:57] 000081...: [============================                      ]  55% Finished
[08:03:58] 000081...: [========================                          ]  48% Finished
[08:03:58] 000081...: [=========================================         ]  82% Finished
[08:03:58] 000081...: [=========================                         ]  49% Finished
[08:03:59] 000081...: [===========================                       ]  53% Finished
[08:03:59] 000081...: [===============================================   ]  93% Finished
[08:03:59] 000081...: [===========================                       ]  54% Finished
[08:03:59] 000081...: [=====================================             ]  73% Finished
[08:04:00] 000081...: [==============================                    ]  58% Finished
[08:04:00] 000081...: [==============================                    ]  59% Finished
[08:04:00] 000081...: [==================================================]  98% Finished
[08:04:00] 000081...: [=======================================           ]  78% Finished
[08:04:00] 000081...: [===============================================   ]  93% Finished
[08:04:01] 000081...: [=========================                         ]  48% Finished
[08:04:01] 000081...: [=========================                         ]  50% Finished
[08:04:01] 000081...: [=========================                         ]  50% Finished
[08:04:01] 000081...: [==========================                        ]  50% Finished
[08:04:01] 000081...: [=======================================           ]  77% Finished
[08:04:01] 000081...: [============================                      ]  55% Finished
[08:04:02] 000081...: [===============================                   ]  60% Finished
[08:04:02] 000081...: [======================================            ]  74% Finished
[08:04:02] 000081...: [============================                      ]  55% Finished
[08:04:02] 000081...: [===========================================       ]  86% Finished
[08:04:02] 000081...: [==============================                    ]  60% Finished
[08:04:02] 000081...: [==========================================        ]  83% Finished
[08:04:02] 000081...: [============================                      ]  55% Finished
[08:04:02] 000081...: [========================================          ]  79% Finished
[08:04:03] 000081...: [===============================                   ]  60% Finished
[08:04:03] 000081...: [=====================================             ]  74% Finished
[08:04:04] 000081...: [=======================================           ]  76% Finished
[08:04:05] 000081...: [================================================  ]  94% Finished
[08:04:05] 000081...: [===============================================   ]  93% Finished
[08:04:06] 000081...: [===============================================   ]  94% Finished
[08:04:06] 000081...: [=========================================         ]  81% Finished
[08:04:07] 000081...: [======================================            ]  76% Finished
[08:04:07] 000081...: [=====================================             ]  73% Finished
[08:04:08] 000081...: [===============================================   ]  93% Finished
[08:04:08] 000081...: [======================================            ]  75% Finished
[08:04:08] 000081...: [=======================================           ]  78% Finished
[08:04:08] 000081...: [=========================================         ]  82% Finished
[08:04:08] 000081...: [===============================================   ]  93% Finished
[08:04:08] 000081...: [==================================================]  98% Finished
[08:04:09] 000081...: [=========================================         ]  82% Finished
[08:04:09] 000081...: [==========================================        ]  83% Finished
[08:04:10] 000081...: [===============================================   ]  93% Finished
[08:04:10] 000081...: [===========================================       ]  86% Finished
[08:04:10] 000081...: [================================================  ]  94% Finished
[08:04:10] 000081...: [==================================================] 100% Finished
[08:04:11] 000081...: [===============================================   ]  94% Finished
[08:04:11] 000081...: [==================================================]  99% Finished
[08:04:14] 000081...: [==================================================] 100% Finished
[08:04:14] 000081...: [==================================================] 100% Finished
[08:04:14] 000081...: Restore Successful.
[08:04:14] 000081...: Khôi phục dữ liệu Restore hoàn tất thành công.
[08:04:14] 000081...: Đã chuyển kho thành công: A ➔ Kho đối diện:
96_iPhone_nguynnhcm243
[08:04:14] 000081...: ✓ Đã chuyển iPhone thứ 21 qua Kho đối diện thành công!
[08:04:14] 000081...: ⚡ Auto Activate sau Restore: đang chờ thiết bị reboot...
[08:04:14] 000081...: ⏳ Restore hoàn tất. Bắt đầu đếm ngược (80s) cho iPhone khởi động hoàn toàn...
[08:04:15] 000081...: [==================================================] 100% Finished
[08:04:15] 000081...: [==================================================] 100% Finished
[08:04:15] 000081...: Restore Successful.
[08:04:15] 000081...: Khôi phục dữ liệu Restore hoàn tất thành công.
[08:04:15] 000081...: Đã chuyển kho thành công: A ➔ Kho đối diện:
123_iPhone_vphngqunh8323
[08:04:15] 000081...: ✓ Đã chuyển iPhone thứ 22 qua Kho đối diện thành công!
[08:04:15] 000081...: ⚡ Auto Activate sau Restore: đang chờ thiết bị reboot...
[08:04:15] 000081...: ⏳ Restore hoàn tất. Bắt đầu đếm ngược (80s) cho iPhone khởi động hoàn toàn...
[08:04:18] 000081...: [==================================================]  99% Finished
[08:04:18] 000081...: [==================================================] 100% Finished
[08:04:18] 000081...: Restore Successful.
[08:04:18] 000081...: Khôi phục dữ liệu Restore hoàn tất thành công.
[08:04:18] 000081...: Đã chuyển kho thành công: A ➔ Kho đối diện:
106_iPhone_ngphngan7890
[08:04:18] 000081...: ✓ Đã chuyển iPhone thứ 23 qua Kho đối diện thành công!
[08:04:18] 000081...: ⚡ Auto Activate sau Restore: đang chờ thiết bị reboot...
[08:04:18] 000081...: ⏳ Restore hoàn tất. Bắt đầu đếm ngược (80s) cho iPhone khởi động hoàn toàn...
[08:04:19] 000081...: [==================================================] 100% Finished
[08:04:19] 000081...: [==================================================] 100% Finished
[08:04:19] 000081...: Restore Successful.
[08:04:19] 000081...: Khôi phục dữ liệu Restore hoàn tất thành công.
[08:04:19] 000081...: Đã chuyển kho thành công: A ➔ Kho đối diện:
105_iPhone_doncmthy238
[08:04:19] 000081...: ✓ Đã chuyển iPhone thứ 24 qua Kho đối diện thành công!
[08:04:19] 000081...: ⚡ Auto Activate sau Restore: đang chờ thiết bị reboot...
[08:04:19] 000081...: ⏳ Restore hoàn tất. Bắt đầu đếm ngược (80s) cho iPhone khởi động hoàn toàn...
[08:04:21] 000081...: [==================================================] 100% Finished
[08:04:21] 000081...: [==================================================] 100% Finished
[08:04:21] 000081...: Restore Successful.
[08:04:21] 000081...: Khôi phục dữ liệu Restore hoàn tất thành công.
[08:04:21] 000081...: Đã chuyển kho thành công: A ➔ Kho đối diện:
113_iPhone_phanqulm2427
[08:04:21] 000081...: ✓ Đã chuyển iPhone thứ 25 qua Kho đối diện thành công!
[08:04:21] 000081...: ⚡ Auto Activate sau Restore: đang chờ thiết bị reboot...
[08:04:21] 000081...: ⏳ Restore hoàn tất. Bắt đầu đếm ngược (80s) cho iPhone khởi động hoàn toàn...
[08:04:21] 000081...: [==================================================] 100% Finished
[08:04:21] 000081...: [==================================================] 100% Finished
[08:04:21] 000081...: Restore Successful.
[08:04:21] 000081...: Khôi phục dữ liệu Restore hoàn tất thành công.
[08:04:21] 000081...: Đã chuyển kho thành công: A ➔ Kho đối diện:
102_iPhone_hongphngthi5865
[08:04:21] 000081...: ✓ Đã chuyển iPhone thứ 26 qua Kho đối diện thành công!
[08:04:21] 000081...: ⚡ Auto Activate sau Restore: đang chờ thiết bị reboot...
[08:04:21] 000081...: ⏳ Restore hoàn tất. Bắt đầu đếm ngược (80s) cho iPhone khởi động hoàn toàn...
[08:04:23] 000081...: [==================================================] 100% Finished
[08:04:23] 000081...: [==================================================] 100% Finished
[08:04:23] 000081...: Restore Successful.
[08:04:23] 000081...: Khôi phục dữ liệu Restore hoàn tất thành công.
[08:04:23] 000081...: Đã chuyển kho thành công: A ➔ Kho đối diện:
119_iPhone_thnthanhanh1
[08:04:23] 000081...: ✓ Đã chuyển iPhone thứ 27 qua Kho đối diện thành công!
[08:04:23] 000081...: ⚡ Auto Activate sau Restore: đang chờ thiết bị reboot...
[08:04:23] 000081...: ⏳ Restore hoàn tất. Bắt đầu đếm ngược (80s) cho iPhone khởi động hoàn toàn...
[08:04:23] 000081...: Đã ngắt kết nối.
[08:04:24] 000081...: [==================================================] 100% Finished
[08:04:24] 000081...: [==================================================] 100% Finished
[08:04:24] 000081...: Restore Successful.
[08:04:24] 000081...: Khôi phục dữ liệu Restore hoàn tất thành công.
[08:04:24] 000081...: Đã chuyển kho thành công: A ➔ Kho đối diện:
99_iPhone_ngnthanh6263
[08:04:24] 000081...: ✓ Đã chuyển iPhone thứ 28 qua Kho đối diện thành công!
[08:04:24] 000081...: ⚡ Auto Activate sau Restore: đang chờ thiết bị reboot...
[08:04:24] 000081...: ⏳ Restore hoàn tất. Bắt đầu đếm ngược (80s) cho iPhone khởi động hoàn toàn...
[08:04:24] 000081...: [==================================================] 100% Finished
[08:04:24] 000081...: Restore Successful.
[08:04:24] 000081...: Khôi phục dữ liệu Restore hoàn tất thành công.
[08:04:24] 000081...: Đã chuyển kho thành công: A ➔ Kho đối diện:
122_iPhone_trnthanhthy041
[08:04:24] 000081...: ✓ Đã chuyển iPhone thứ 28 qua Kho đối diện thành công!
[08:04:24] 000081...: ⚡ Auto Activate sau Restore: đang chờ thiết bị reboot...
[08:04:24] 000081...: ⏳ Restore hoàn tất. Bắt đầu đếm ngược (80s) cho iPhone khởi động hoàn toàn...
[08:04:24] 000081...: [==================================================] 100% Finished
[08:04:24] 000081...: Restore Successful.
[08:04:24] 000081...: Khôi phục dữ liệu Restore hoàn tất thành công.
[08:04:24] 000081...: Đã chuyển kho thành công: A ➔ Kho đối diện:
104_iPhone_tranghngvn487
[08:04:24] 000081...: ✓ Đã chuyển iPhone thứ 30 qua Kho đối diện thành công!
[08:04:24] 000081...: ⚡ Auto Activate sau Restore: đang chờ thiết bị reboot...
[08:04:24] 000081...: ⏳ Restore hoàn tất. Bắt đầu đếm ngược (80s) cho iPhone khởi động hoàn toàn...
[08:04:24] 000081...: Đã ngắt kết nối.
[08:04:28] 000081...: Đã ngắt kết nối.
[08:04:29] 000081...: Đã ngắt kết nối.
[08:04:30] 000081...: Đã ngắt kết nối.
[08:04:31] 000081...: Đã ngắt kết nối.
[08:04:32] 000081...: Đã ngắt kết nối.
[08:04:33] 000081...: Đã ngắt kết nối.
[08:04:34] 000081...: ⏳ Đang chờ iPhone khởi động lại: còn 60s...
[08:04:34] 000081...: Đã ngắt kết nối.
[08:04:35] 000081...: ⏳ Đang chờ iPhone khởi động lại: còn 60s...
[08:04:38] 000081...: ⏳ Đang chờ iPhone khởi động lại: còn 60s...
[08:04:39] 000081...: ⏳ Đang chờ iPhone khởi động lại: còn 60s...
[08:04:41] 000081...: ⏳ Đang chờ iPhone khởi động lại: còn 60s...
[08:04:41] 000081...: ⏳ Đang chờ iPhone khởi động lại: còn 60s...
[08:04:42] 000081...: Đã ngắt kết nối.
[08:04:43] 000081...: ⏳ Đang chờ iPhone khởi động lại: còn 60s...
[08:04:44] 000081...: ⏳ Đang chờ iPhone khởi động lại: còn 60s...
[08:04:44] 000081...: ⏳ Đang chờ iPhone khởi động lại: còn 60s...
[08:04:44] 000081...: ⏳ Đang chờ iPhone khởi động lại: còn 60s...
[08:04:45] 000081...: Kết nối: iPhone • iOS 26.6.1
[08:04:46] 000081...: Kết nối: iPhone • iOS 26.6.1
[08:04:49] 000081...: Kết nối: iPhone (Not Trust) • iOS ?
[08:04:50] 000081...: Đã xác nhận Trust: iPhone • iOS 26.6.1
[08:04:54] 000081...: ⏳ Đang chờ iPhone khởi động lại: còn 40s...
[08:04:55] 000081...: ⏳ Đang chờ iPhone khởi động lại: còn 40s...
[08:04:55] 000081...: Kết nối: iPhone • iOS 26.6.1
[08:04:58] 000081...: ⏳ Đang chờ iPhone khởi động lại: còn 40s...
[08:04:59] 000081...: ⏳ Đang chờ iPhone khởi động lại: còn 40s...
[08:05:01] 000081...: Kết nối: iPhone • iOS 26.6.1
[08:05:01] 000081...: Kết nối: iPhone • iOS 26.6.1
[08:05:01] 000081...: Kết nối: iPhone • iOS 26.6.1
[08:05:01] 000081...: Kết nối: iPhone • iOS 26.6.1
[08:05:01] 000081...: ⏳ Đang chờ iPhone khởi động lại: còn 40s...
[08:05:01] 000081...: ⏳ Đang chờ iPhone khởi động lại: còn 40s...
[08:05:03] 000081...: ⏳ Đang chờ iPhone khởi động lại: còn 40s...
[08:05:04] 000081...: ⏳ Đang chờ iPhone khởi động lại: còn 40s...
[08:05:04] 000081...: ⏳ Đang chờ iPhone khởi động lại: còn 40s...
[08:05:04] 000081...: ⏳ Đang chờ iPhone khởi động lại: còn 40s...
[08:05:06] 000081...: Kết nối: iPhone • iOS 26.6.1
[08:05:11] 000081...: Kết nối: iPhone • iOS 26.6.1
[08:05:14] 000081...: ⏳ Đang chờ iPhone khởi động lại: còn 20s...
[08:05:15] 000081...: ⏳ Đang chờ iPhone khởi động lại: còn 20s...
[08:05:18] 000081...: ⏳ Đang chờ iPhone khởi động lại: còn 20s...
[08:05:19] 000081...: ⏳ Đang chờ iPhone khởi động lại: còn 20s...
[08:05:21] 000081...: ⏳ Đang chờ iPhone khởi động lại: còn 20s...
[08:05:21] 000081...: ⏳ Đang chờ iPhone khởi động lại: còn 20s...
[08:05:23] 000081...: ⏳ Đang chờ iPhone khởi động lại: còn 20s...
[08:05:24] 000081...: ⏳ Đang chờ iPhone khởi động lại: còn 20s...
[08:05:24] 000081...: ⏳ Đang chờ iPhone khởi động lại: còn 20s...
[08:05:24] 000081...: ⏳ Đang chờ iPhone khởi động lại: còn 20s...
[08:05:34] 000081...: ⌛ Đã hết 80 giây chờ! Đang kiểm tra kết nối thiết bị...
[08:05:35] 000081...: ⌛ Đã hết 80 giây chờ! Đang kiểm tra kết nối thiết bị...
[08:05:37] 000081...: ✅ iPhone đã khởi động xong & kết nối ổn định ➔ Bắt đầu Batch Activate...
[08:05:37] 000081...: RUN: c:\TIKTOOL PRO V4\ideviceactivation.exe activate -u 00008101-001434DE2683001E -b
[08:05:38] 000081...: ✅ iPhone đã khởi động xong & kết nối ổn định ➔ Bắt đầu Batch Activate...
[08:05:38] 000081...: RUN: c:\TIKTOOL PRO V4\ideviceactivation.exe activate -u 00008101-001974843E43001E -b
[08:05:38] 000081...: ⌛ Đã hết 80 giây chờ! Đang kiểm tra kết nối thiết bị...
[08:05:39] 000081...: ⌛ Đã hết 80 giây chờ! Đang kiểm tra kết nối thiết bị...
[08:05:41] 000081...: ⌛ Đã hết 80 giây chờ! Đang kiểm tra kết nối thiết bị...
[08:05:41] 000081...: ⌛ Đã hết 80 giây chờ! Đang kiểm tra kết nối thiết bị...
[08:05:41] 000081...: ✅ iPhone đã khởi động xong & kết nối ổn định ➔ Bắt đầu Batch Activate...
[08:05:41] 000081...: RUN: c:\TIKTOOL PRO V4\ideviceactivation.exe activate -u 00008101-000D6D113A89001E -b
[08:05:42] 000081...: NOTE: This device appears to be already activated. The server might report an error 'Device Unknown' instead of acknowledging the activation.
Activation server reports that device is already activated.
[08:05:42] 000081...: RUN: c:\TIKTOOL PRO V4\ios.exe prepare --skip-all --udid=00008101-001434DE2683001E --nojson
[08:05:42] 000081...: ✅ iPhone đã khởi động xong & kết nối ổn định ➔ Bắt đầu Batch Activate...
[08:05:42] 000081...: RUN: c:\TIKTOOL PRO V4\ideviceactivation.exe activate -u 00008101-000309042201001E -b
[08:05:43] 000081...: ⌛ Đã hết 80 giây chờ! Đang kiểm tra kết nối thiết bị...
[08:05:43] 000081...: NOTE: This device appears to be already activated. The server might report an error 'Device Unknown' instead of acknowledging the activation.
Activation server reports that device is already activated.
[08:05:43] 000081...: RUN: c:\TIKTOOL PRO V4\ios.exe prepare --skip-all --udid=00008101-001974843E43001E --nojson
[08:05:44] 000081...: ⌛ Đã hết 80 giây chờ! Đang kiểm tra kết nối thiết bị...
[08:05:44] 000081...: ⌛ Đã hết 80 giây chờ! Đang kiểm tra kết nối thiết bị...
[08:05:44] 000081...: ✅ iPhone đã khởi động xong & kết nối ổn định ➔ Bắt đầu Batch Activate...
[08:05:44] 000081...: RUN: c:\TIKTOOL PRO V4\ideviceactivation.exe activate -u 00008101-00113939347A001E -b
[08:05:44] 000081...: ⌛ Đã hết 80 giây chờ! Đang kiểm tra kết nối thiết bị...
[08:05:44] 000081...: ✅ iPhone đã khởi động xong & kết nối ổn định ➔ Bắt đầu Batch Activate...
[08:05:44] 000081...: RUN: c:\TIKTOOL PRO V4\ideviceactivation.exe activate -u 00008101-0013589E02C2001E -b
[08:05:46] 000081...: ✅ iPhone đã khởi động xong & kết nối ổn định ➔ Bắt đầu Batch Activate...
[08:05:46] 000081...: RUN: c:\TIKTOOL PRO V4\ideviceactivation.exe activate -u 00008101-001E6CEC3EC1001E -b
[08:05:47] 000081...: NOTE: This device appears to be already activated. The server might report an error 'Device Unknown' instead of acknowledging the activation.
Activation server reports that device is already activated.
[08:05:47] 000081...: RUN: c:\TIKTOOL PRO V4\ios.exe prepare --skip-all --udid=00008101-000D6D113A89001E --nojson
[08:05:47] 000081...: ✅ iPhone đã khởi động xong & kết nối ổn định ➔ Bắt đầu Batch Activate...
[08:05:47] 000081...: RUN: c:\TIKTOOL PRO V4\ideviceactivation.exe activate -u 00008101-00024DEE0C45001E -b
[08:05:47] 000081...: ✅ iPhone đã khởi động xong & kết nối ổn định ➔ Bắt đầu Batch Activate...
[08:05:47] 000081...: RUN: c:\TIKTOOL PRO V4\ideviceactivation.exe activate -u 00008101-000955923C01001E -b
[08:05:47] 000081...: ✅ iPhone đã khởi động xong & kết nối ổn định ➔ Bắt đầu Batch Activate...
[08:05:47] 000081...: RUN: c:\TIKTOOL PRO V4\ideviceactivation.exe activate -u 00008101-001869181AC1001E -b
[08:05:47] 000081...: NOTE: This device appears to be already activated. The server might report an error 'Device Unknown' instead of acknowledging the activation.
Activation server reports that device is already activated.
[08:05:47] 000081...: RUN: c:\TIKTOOL PRO V4\ios.exe prepare --skip-all --udid=00008101-000309042201001E --nojson
[08:05:49] 000081...: NOTE: This device appears to be already activated. The server might report an error 'Device Unknown' instead of acknowledging the activation.
Activation server reports that device is already activated.
[08:05:49] 000081...: RUN: c:\TIKTOOL PRO V4\ios.exe prepare --skip-all --udid=00008101-00113939347A001E --nojson
[08:05:50] 000081...: NOTE: This device appears to be already activated. The server might report an error 'Device Unknown' instead of acknowledging the activation.
Activation server reports that device is already activated.
[08:05:50] 000081...: RUN: c:\TIKTOOL PRO V4\ios.exe prepare --skip-all --udid=00008101-0013589E02C2001E --nojson
[08:05:51] 000081...: NOTE: This device appears to be already activated. The server might report an error 'Device Unknown' instead of acknowledging the activation.
Activation server reports that device is already activated.
[08:05:51] 000081...: RUN: c:\TIKTOOL PRO V4\ios.exe prepare --skip-all --udid=00008101-001E6CEC3EC1001E --nojson
[08:05:52] 000081...: NOTE: This device appears to be already activated. The server might report an error 'Device Unknown' instead of acknowledging the activation.
Activation server reports that device is already activated.
[08:05:52] 000081...: RUN: c:\TIKTOOL PRO V4\ios.exe prepare --skip-all --udid=00008101-000955923C01001E --nojson
[08:05:52] 000081...: NOTE: This device appears to be already activated. The server might report an error 'Device Unknown' instead of acknowledging the activation.
Activation server reports that device is already activated.
[08:05:52] 000081...: RUN: c:\TIKTOOL PRO V4\ios.exe prepare --skip-all --udid=00008101-00024DEE0C45001E --nojson
[08:05:53] 000081...: NOTE: This device appears to be already activated. The server might report an error 'Device Unknown' instead of acknowledging the activation.
Activation server reports that device is already activated.
[08:05:53] 000081...: RUN: c:\TIKTOOL PRO V4\ios.exe prepare --skip-all --udid=00008101-001869181AC1001E --nojson
[08:06:11] 000081...: time="2026-09-05T08:05:48+07:00" level=warning msg="go-ios agent is not running. You might need to start it with 'ios tunnel start' for ios17+. Use ENABLE_GO_IOS_AGENT=user for userspace tunnel or ENABLE_GO_IOS_AGENT=kernel for kernel tunnel for the experimental daemon mode."
time="2026-09-05T08:05:48+07:00" level=warning msg="failed to get tunnel info" udid=00008101-000309042201001E
time="2026-09-05T08:05:48+07:00" level=info msg="device is activated:true"
time="2026-09-05T08:05:48+07:00" level=info msg="send flush request"
time="2026-09-05T08:06:04+07:00" level=info msg="get cloud config"
"ok"
[08:06:11] 000081...: RUN: c:\TIKTOOL PRO V4\ios.exe lang --setlocale=ja_JP --setlang=ja --udid=00008101-000309042201001E --nojson
[08:06:12] 000081...: time="2026-09-05T08:05:52+07:00" level=warning msg="go-ios agent is not running. You might need to start it with 'ios tunnel start' for ios17+. Use ENABLE_GO_IOS_AGENT=user for userspace tunnel or ENABLE_GO_IOS_AGENT=kernel for kernel tunnel for the experimental daemon mode."
time="2026-09-05T08:05:52+07:00" level=warning msg="failed to get tunnel info" udid=00008101-000955923C01001E
time="2026-09-05T08:05:52+07:00" level=info msg="device is activated:true"
time="2026-09-05T08:05:52+07:00" level=info msg="send flush request"
time="2026-09-05T08:06:09+07:00" level=info msg="get cloud config"
"ok"
[08:06:12] 000081...: RUN: c:\TIKTOOL PRO V4\ios.exe lang --setlocale=ja_JP --setlang=ja --udid=00008101-000955923C01001E --nojson
[08:06:13] 000081...: time="2026-09-05T08:05:47+07:00" level=warning msg="go-ios agent is not running. You might need to start it with 'ios tunnel start' for ios17+. Use ENABLE_GO_IOS_AGENT=user for userspace tunnel or ENABLE_GO_IOS_AGENT=kernel for kernel tunnel for the experimental daemon mode."
time="2026-09-05T08:05:47+07:00" level=warning msg="failed to get tunnel info" udid=00008101-000D6D113A89001E
time="2026-09-05T08:05:47+07:00" level=info msg="device is activated:true"
time="2026-09-05T08:05:47+07:00" level=info msg="send flush request"
time="2026-09-05T08:06:03+07:00" level=info msg="get cloud config"
"ok"
[08:06:13] 000081...: RUN: c:\TIKTOOL PRO V4\ios.exe lang --setlocale=ja_JP --setlang=ja --udid=00008101-000D6D113A89001E --nojson
[08:06:14] 000081...: time="2026-09-05T08:05:42+07:00" level=warning msg="go-ios agent is not running. You might need to start it with 'ios tunnel start' for ios17+. Use ENABLE_GO_IOS_AGENT=user for userspace tunnel or ENABLE_GO_IOS_AGENT=kernel for kernel tunnel for the experimental daemon mode."
time="2026-09-05T08:05:42+07:00" level=warning msg="failed to get tunnel info" udid=00008101-001434DE2683001E
time="2026-09-05T08:05:42+07:00" level=info msg="device is activated:true"
time="2026-09-05T08:05:42+07:00" level=info msg="send flush request"
time="2026-09-05T08:06:00+07:00" level=info msg="get cloud config"
"ok"
[08:06:14] 000081...: RUN: c:\TIKTOOL PRO V4\ios.exe lang --setlocale=ja_JP --setlang=ja --udid=00008101-001434DE2683001E --nojson
[08:06:14] 000081...: time="2026-09-05T08:05:50+07:00" level=warning msg="go-ios agent is not running. You might need to start it with 'ios tunnel start' for ios17+. Use ENABLE_GO_IOS_AGENT=user for userspace tunnel or ENABLE_GO_IOS_AGENT=kernel for kernel tunnel for the experimental daemon mode."
time="2026-09-05T08:05:50+07:00" level=warning msg="failed to get tunnel info" udid=00008101-0013589E02C2001E
time="2026-09-05T08:05:50+07:00" level=info msg="device is activated:true"
time="2026-09-05T08:05:51+07:00" level=info msg="send flush request"
time="2026-09-05T08:06:06+07:00" level=info msg="get cloud config"
"ok"
[08:06:14] 000081...: RUN: c:\TIKTOOL PRO V4\ios.exe lang --setlocale=ja_JP --setlang=ja --udid=00008101-0013589E02C2001E --nojson
[08:06:20] 000081...: time="2026-09-05T08:05:43+07:00" level=warning msg="go-ios agent is not running. You might need to start it with 'ios tunnel start' for ios17+. Use ENABLE_GO_IOS_AGENT=user for userspace tunnel or ENABLE_GO_IOS_AGENT=kernel for kernel tunnel for the experimental daemon mode."
time="2026-09-05T08:05:43+07:00" level=warning msg="failed to get tunnel info" udid=00008101-001974843E43001E
time="2026-09-05T08:05:43+07:00" level=info msg="device is activated:true"
time="2026-09-05T08:05:43+07:00" level=info msg="send flush request"
time="2026-09-05T08:06:04+07:00" level=info msg="get cloud config"
"ok"
[08:06:20] 000081...: RUN: c:\TIKTOOL PRO V4\ios.exe lang --setlocale=ja_JP --setlang=ja --udid=00008101-001974843E43001E --nojson
[08:06:23] 000081...: time="2026-09-05T08:05:51+07:00" level=warning msg="go-ios agent is not running. You might need to start it with 'ios tunnel start' for ios17+. Use ENABLE_GO_IOS_AGENT=user for userspace tunnel or ENABLE_GO_IOS_AGENT=kernel for kernel tunnel for the experimental daemon mode."
time="2026-09-05T08:05:51+07:00" level=warning msg="failed to get tunnel info" udid=00008101-001E6CEC3EC1001E
time="2026-09-05T08:05:51+07:00" level=info msg="device is activated:true"
time="2026-09-05T08:05:51+07:00" level=info msg="send flush request"
time="2026-09-05T08:06:07+07:00" level=info msg="get cloud config"
"ok"
[08:06:23] 000081...: RUN: c:\TIKTOOL PRO V4\ios.exe lang --setlocale=ja_JP --setlang=ja --udid=00008101-001E6CEC3EC1001E --nojson
[08:06:24] 000081...: time="2026-09-05T08:05:52+07:00" level=warning msg="go-ios agent is not running. You might need to start it with 'ios tunnel start' for ios17+. Use ENABLE_GO_IOS_AGENT=user for userspace tunnel or ENABLE_GO_IOS_AGENT=kernel for kernel tunnel for the experimental daemon mode."
time="2026-09-05T08:05:52+07:00" level=warning msg="failed to get tunnel info" udid=00008101-00024DEE0C45001E
time="2026-09-05T08:05:52+07:00" level=info msg="device is activated:true"
time="2026-09-05T08:05:52+07:00" level=info msg="send flush request"
time="2026-09-05T08:06:11+07:00" level=info msg="get cloud config"
"ok"
[08:06:24] 000081...: RUN: c:\TIKTOOL PRO V4\ios.exe lang --setlocale=ja_JP --setlang=ja --udid=00008101-00024DEE0C45001E --nojson
[08:06:26] 000081...: {"Language":"ja","Locale":"ja_JP","SupportedLocales":["sv_AX","en_CN","ro_RO","en_VG","es_VC","fr_MA","en_AL","es_TT","ar_SS","fr_VU","en_GS","fr_CI","en_BW","en_JM","es_BS","en_BD","en_MG","en_PT","en_HK","fr_GN","ru_UA","ar_LB","en_CO","en_KE","en_NR","fr_MU","en_FI","nl_BQ","en_WS","en_DG","ar_SA","en_RW","en_ZM","en_BE","en_ER","bn_BD","en_MH","nl_NL","pt_AO","el_CY","en_KY","es_CL","en_VI","en_FJ","es_VE","fr_MC","en_TZ","en_ID","es_TC","en_GU","zh_TW","es_GQ","ko_CN","mr_IN","en_GB","es_MX","en_ES","es_BB","es_PR","fr_GP","pt_GW","fi_FI","en_FK","en_NA","zh_CN","en_IE","en_LR","en_TH","ca_IT","ar_KM","en_BZ","de_CH","en_JP","te_IN","en_US","da_GL","ar_QA","en_PW","ar_TN","en_BG","fr_GQ","de_LI","cs_CZ","hu_HU","zh_HK","en_NU","es_VG","ta_IN","ar_EG","ro_MD","en_LS","fr_CM","ar_SD","en_GD","ar_IL","ar_LY","en_UA","fr_TD","pt_LU","es_PA","ta_SG","en_KI","es_CO","en_FM","fr_MF","tr_CY","ar_EH","en_LT","es_IC","en_DK","pt_ST","es_GT","en_GE","fr_YT","ms_BN","en_BI","he_IL","pt_TL","en_SS","es_KY","kk_KZ","en_CA","es_VI","zh-Hant_JP","fr_MG","ar_MR","hr_HR","en_AR","ar_SY","fr_SN","en_TK","en_GY","pt_CV","en_MM","es_ES","ar_AE","fr_DZ","en_001","zh-Hant_MY","en_PG","ca_ES","fr_RW","fr_GA","en_SA","fr_BE","hi_IN","en_AS","pt_MO","en_LV","ta_LK","en_DM","en_LC","en_GG","es_BZ","tr_TR","it_CH","zh-Hans_MO","en_150","it_VA","es_US","en_EE","fr_TG","es_EA","es_HN","sv_FI","en_CV","ms_SG","es_CR","en_PH","en_CC","en_SB","en_NF","fr_RE","fr_BF","en_AT","ar_MA","nl_BE","en_GH","es_GD","th_TH","pt_FR","en_ZA","en_MO","es_003","de_IT","es_PE","de_DE","en_SC","en_NZ","en_NG","en_AU","el_GR","en_GI","ar_001","en_BM","ar_IQ","en_MP","es_PY","fr_DJ","es_EC","vi_VN","en_US_POSIX","en_CX","en_KN","en_SD","en_FR","es_CA","kn_IN","en_IL","es_AR","en_TO","zh-Hans_HK","es_GY","bg_BG","fr_NC","ta_MY","en_BN","en_UG","en_HU","en_PK","uk_UA","en_SX","en_CY","en_SE","es_CU","sk_SK","fr_BI","fr_ML","de_BE","en_IM","fr_PF","es_DM","es_LC","en_ZW","fr_CA","pl_PL","zh-Hans_JP","nl_SR","en_JE","ja_JP","fr_LU","pt_CH","en_PL","es_PH","zh_MO","fr_GF","en_CZ","fr_BJ","en_IN","zh-Hans_MY","en_AE","fr_NE","en_RO","en_MS","es_419","it_IT","ar_TD","en_SZ","fr_WF","ru_MD","ml_IN","en_SG","es_CW","es_SV","en_CH","pt_BR","en_IO","bn_IN","ar_PS","en_TR","ar_KW","es_DO","en_GM","it_SM","ms_MY","sl_SI","es_UY","es_BM","en_MT","en_PN","es_HT","en_KR","en_SH","en_VU","es_KN","fr_BL","en_NL","ca_FR","en_AG","fr_KM","fr_SC","fr_CD","ko_KP","or_IN","nb_SJ","zh-Hant_CN","en_MU","en_BR","fr_TN","ar_DZ","ru_RU","en_SI","hr_BA","es_NI","ar_ER","en_VC","fr_HT","en_TT","ar_SO","ca_AD","da_DK","fr_FR","en_BS","nl_CW","en_MV","es_BO","nb_NO","de_LU","en_CK","ar_JO","pt_GQ","fr_MQ","zh_SG","ms_ID","en_AI","fr_CF","ko_KR","en_MW","en_UM","en_SK","en_CL","en_NO","fr_MR","en_TV","fr_SY","en_TC","fr_CG","nl_SX","es_BQ","ar_YE","en_BB","sv_SE","de_AT","en_PR","en_MX","ar_DJ","lt_LT","nl_AW","ar_OM","en_SL","en_CM","ru_KZ","ru_BY","ar_BH","ru_KG","en_IT","pt_MZ","en_TW","id_ID","fr_PM","es_AG","pt_PT","en_DE","fr_CH","gu_IN","en_RU","en_GR","es_BR","en_MY"],"SupportedLanguages":["ur","lt","ja","id","mr","ms","hi","es-419","es","pl","ca","ta","fr","en-IN","or","fr-CA","da","bg","te","kk-Cyrl","pt-BR","zh-Hant-HK","hr","gu","de","th","sk","ro","sl","nb","kk","en-GB","hu","zh-HK","bn","ar","it","kn","ko","uk","pa","ru","vi","zh-Hans","zh-Hant","en-AU","ml","pt-PT","tr","fi","en-US","el","cs","sv","nl","he","en","es-US"]}
[08:06:26] 000081...: Batch Activate hoàn tất thành công.
[08:06:26] 000081...: time="2026-09-05T08:05:49+07:00" level=warning msg="go-ios agent is not running. You might need to start it with 'ios tunnel start' for ios17+. Use ENABLE_GO_IOS_AGENT=user for userspace tunnel or ENABLE_GO_IOS_AGENT=kernel for kernel tunnel for the experimental daemon mode."
time="2026-09-05T08:05:49+07:00" level=warning msg="failed to get tunnel info" udid=00008101-00113939347A001E
time="2026-09-05T08:05:49+07:00" level=info msg="device is activated:true"
time="2026-09-05T08:05:49+07:00" level=info msg="send flush request"
time="2026-09-05T08:06:09+07:00" level=info msg="get cloud config"
"ok"
[08:06:26] 000081...: RUN: c:\TIKTOOL PRO V4\ios.exe lang --setlocale=ja_JP --setlang=ja --udid=00008101-00113939347A001E --nojson
[08:06:31] 000081...: ⚡ Lệnh đổi ngôn ngữ đã gửi (SpringBoard đang cập nhật, timeout 20s là bình thường).
[08:06:31] 000081...: Batch Activate hoàn tất thành công.
[08:06:32] 000081...: ⚡ Lệnh đổi ngôn ngữ đã gửi (SpringBoard đang cập nhật, timeout 20s là bình thường).
[08:06:32] 000081...: Batch Activate hoàn tất thành công.
[08:06:32] 000081...: time="2026-09-05T08:05:53+07:00" level=warning msg="go-ios agent is not running. You might need to start it with 'ios tunnel start' for ios17+. Use ENABLE_GO_IOS_AGENT=user for userspace tunnel or ENABLE_GO_IOS_AGENT=kernel for kernel tunnel for the experimental daemon mode."
time="2026-09-05T08:05:53+07:00" level=warning msg="failed to get tunnel info" udid=00008101-001869181AC1001E
time="2026-09-05T08:05:53+07:00" level=info msg="device is activated:true"
time="2026-09-05T08:05:53+07:00" level=info msg="send flush request"
time="2026-09-05T08:06:17+07:00" level=info msg="get cloud config"
"ok"
[08:06:32] 000081...: RUN: c:\TIKTOOL PRO V4\ios.exe lang --setlocale=ja_JP --setlang=ja --udid=00008101-001869181AC1001E --nojson
[08:06:33] 000081...: ⚡ Lệnh đổi ngôn ngữ đã gửi (SpringBoard đang cập nhật, timeout 20s là bình thường).
[08:06:33] 000081...: Batch Activate hoàn tất thành công.
[08:06:34] 000081...: ⚡ Lệnh đổi ngôn ngữ đã gửi (SpringBoard đang cập nhật, timeout 20s là bình thường).
[08:06:34] 000081...: Batch Activate hoàn tất thành công.
[08:06:40] 000081...: ⚡ Lệnh đổi ngôn ngữ đã gửi (SpringBoard đang cập nhật, timeout 20s là bình thường).
[08:06:40] 000081...: Batch Activate hoàn tất thành công.
[08:06:43] 000081...: ⚡ Lệnh đổi ngôn ngữ đã gửi (SpringBoard đang cập nhật, timeout 20s là bình thường).
[08:06:43] 000081...: Batch Activate hoàn tất thành công.
[08:06:44] 000081...: ⚡ Lệnh đổi ngôn ngữ đã gửi (SpringBoard đang cập nhật, timeout 20s là bình thường).
[08:06:44] 000081...: Batch Activate hoàn tất thành công.
[08:06:46] 000081...: ⚡ Lệnh đổi ngôn ngữ đã gửi (SpringBoard đang cập nhật, timeout 20s là bình thường).
[08:06:46] 000081...: Batch Activate hoàn tất thành công.
[08:06:52] 000081...: ⚡ Lệnh đổi ngôn ngữ đã gửi (SpringBoard đang cập nhật, timeout 20s là bình thường).
[08:06:52] 000081...: Batch Activate hoàn tất thành công.
[08:07:04] 000081...: Đã ngắt kết nối.
[08:07:04] 000081...: Đã ngắt kết nối.
[08:07:04] 000081...: Đã ngắt kết nối.
[08:07:05] 000081...: Đã ngắt kết nối.
[08:07:05] 000081...: Đã ngắt kết nối.
[08:07:05] 000081...: Đã ngắt kết nối.
[08:07:06] 000081...: Đã ngắt kết nối.
[08:07:06] 000081...: Đã ngắt kết nối.
[08:07:06] 000081...: Đã ngắt kết nối.
[08:07:06] 000081...: Đã ngắt kết nối.
[08:07:23] 000081...: Kết nối: iPhone • iOS 26.6.1
[08:07:25] 000081...: Kết nối: iPhone • iOS 26.6.1
[08:07:26] 000081...: Kết nối: iPhone • iOS 26.6.1
[08:07:28] 000081...: Kết nối: iPhone • iOS 26.6.1
[08:07:29] 000081...: Kết nối: iPhone • iOS 26.6.1
[08:07:30] 000081...: Kết nối: iPhone • iOS 26.6.1
[08:07:33] 000081...: Kết nối: iPhone • iOS 26.6.1
[08:07:35] 000081...: Kết nối: iPhone • iOS 26.6.1
[08:07:36] 000081...: Kết nối: iPhone • iOS 26.6.1
[08:07:37] 000081...: Kết nối: iPhone • iOS 26.6.1
[08:07:51] SYSTEM...: Restore chuyển kho: A ➜ B | 43 bản backup | 10 máy ghép nối
[08:07:52] 000081...: SUCCESS: Validated pairing with device 00008101-000B05581468001E
[08:07:52] 000081...: SUCCESS: Validated pairing with device 00008101-000508C23CE0001E
[08:07:52] 000081...: SUCCESS: Validated pairing with device 00008101-000D08DA1180001E
[08:07:52] 000081...: SUCCESS: Validated pairing with device 00008101-000101C61E44001E
[08:07:52] 000081...: SUCCESS: Validated pairing with device 00008101-00012CE20202001E
[08:07:52] 000081...: SUCCESS: Validated pairing with device 00008101-000C55A12E91003A
[08:07:52] 000081...: SUCCESS: Validated pairing with device 00008101-0011548002C1001E
[08:07:52] 000081...: SUCCESS: Validated pairing with device 00008101-000C0D0C3C86001E
[08:07:52] 000081...: SUCCESS: Validated pairing with device 00008101-000E41E036E8001E
[08:07:52] 000081...: SUCCESS: Validated pairing with device 00008101-000E10A41E78001E
[08:08:09] 000081...: [=                                                 ]   1% Finished
[08:08:10] 000081...: [=                                                 ]   1% Finished
[08:08:10] 000081...: [=                                                 ]   1% Finished
[08:08:10] 000081...: [=                                                 ]   1% Finished
[08:08:10] 000081...: [=                                                 ]   1% Finished
[08:08:10] 000081...: [=                                                 ]   1% Finished
[08:08:10] 000081...: [===                                               ]   6% Finished
[08:08:11] 000081...: [=                                                 ]   1% Finished
[08:08:11] 000081...: [==                                                ]   3% Finished
[08:08:11] 000081...: [=                                                 ]   1% Finished
[08:08:11] 000081...: [=                                                 ]   1% Finished
[08:08:11] 000081...: [=                                                 ]   1% Finished
[08:08:11] 000081...: [====                                              ]   6% Finished
[08:08:12] 000081...: [=                                                 ]   1% Finished
[08:08:12] 000081...: [=========                                         ]  16% Finished
[08:08:12] 000081...: [=                                                 ]   1% Finished
[08:08:12] 000081...: [====                                              ]   6% Finished
[08:08:12] 000081...: [====                                              ]   6% Finished
[08:08:14] 000081...: [======                                            ]  11% Finished
[08:08:14] 000081...: [======                                            ]  11% Finished
[08:08:14] 000081...: [====                                              ]   6% Finished
[08:08:14] 000081...: [==                                                ]   3% Finished
[08:08:15] 000081...: [=========                                         ]  17% Finished
[08:08:15] 000081...: [=========                                         ]  18% Finished
[08:08:15] 000081...: [====                                              ]   6% Finished
[08:08:16] 000081...: [====                                              ]   7% Finished
[08:08:17] 000081...: [======                                            ]  11% Finished
[08:08:17] 000081...: [===========                                       ]  21% Finished
[08:08:17] 000081...: [==================                                ]  34% Finished
[08:08:17] 000081...: [====                                              ]   6% Finished
[08:08:17] 000081...: [======                                            ]  11% Finished
[08:08:18] 000081...: [=========                                         ]  17% Finished
[08:08:18] 000081...: [======                                            ]  10% Finished
[08:08:18] 000081...: [=========                                         ]  17% Finished
[08:08:19] 000081...: [====================                              ]  39% Finished
[08:08:20] 000081...: [==========                                        ]  19% Finished
[08:08:20] 000081...: [=========                                         ]  17% Finished
[08:08:20] 000081...: [===========                                       ]  22% Finished
[08:08:20] 000081...: [==================                                ]  36% Finished
[08:08:20] 000081...: [=========                                         ]  17% Finished
[08:08:21] 000081...: [===================                               ]  37% Finished
[08:08:21] 000081...: [==========                                        ]  18% Finished
[08:08:22] 000081...: [======================                            ]  42% Finished
[08:08:22] 000081...: [=====================                             ]  41% Finished
[08:08:24] 000081...: [==================                                ]  36% Finished
[08:08:24] 000081...: [============                                      ]  23% Finished
[08:08:24] 000081...: [===================                               ]  37% Finished
[08:08:25] 000081...: [==================                                ]  36% Finished
[08:08:25] 000081...: [=========                                         ]  18% Finished
[08:08:25] 000081...: [=========================                         ]  49% Finished
[08:08:25] 000081...: [===================                               ]  37% Finished
[08:08:26] 000081...: [======================                            ]  42% Finished
[08:08:26] 000081...: [===================                               ]  36% Finished
[08:08:26] 000081...: [========================                          ]  47% Finished
[08:08:26] 000081...: [===========================                       ]  54% Finished
[08:08:26] 000081...: [=======================                           ]  45% Finished
[08:08:26] 000081...: [===================                               ]  37% Finished
[08:08:26] 000081...: [======================                            ]  43% Finished
[08:08:27] 000081...: [============                                      ]  22% Finished
[08:08:27] 000081...: [===================                               ]  37% Finished
[08:08:27] 000081...: [=======================                           ]  46% Finished
[08:08:27] 000081...: [==========================                        ]  50% Finished
[08:08:27] 000081...: [======================                            ]  43% Finished
[08:08:27] 000081...: [==========================                        ]  51% Finished
[08:08:27] 000081...: [==============================                    ]  59% Finished
[08:08:27] 000081...: [======================                            ]  43% Finished
[08:08:28] 000081...: [============================                      ]  55% Finished
[08:08:28] 000081...: [=============================                     ]  56% Finished
[08:08:28] 000081...: [======================                            ]  44% Finished
[08:08:28] 000081...: [======================                            ]  42% Finished
[08:08:28] 000081...: [==============================                    ]  60% Finished
[08:08:29] 000081...: [======================================            ]  75% Finished
[08:08:30] 000081...: [=======================================           ]  76% Finished
[08:08:30] 000081...: [===============================                   ]  61% Finished
[08:08:30] 000081...: [======================================            ]  75% Finished
[08:08:30] 000081...: [==========================================        ]  82% Finished
[08:08:30] 000081...: [=========================                         ]  48% Finished
[08:08:30] 000081...: [==========================                        ]  50% Finished
[08:08:31] 000081...: [==========================                        ]  50% Finished
[08:08:31] 000081...: [=========================================         ]  81% Finished
[08:08:31] 000081...: [============================                      ]  55% Finished
[08:08:31] 000081...: [============================                      ]  55% Finished
[08:08:31] 000081...: [==========================                        ]  50% Finished
[08:08:31] 000081...: [========================================          ]  80% Finished
[08:08:32] 000081...: [===============================                   ]  60% Finished
[08:08:32] 000081...: [============================                      ]  55% Finished
[08:08:32] 000081...: [========================                          ]  48% Finished
[08:08:32] 000081...: [==========================                        ]  50% Finished
[08:08:33] 000081...: [==============================                    ]  60% Finished
[08:08:33] 000081...: [===========================                       ]  53% Finished
[08:08:33] 000081...: [============================================      ]  87% Finished
[08:08:33] 000081...: [================================================  ]  95% Finished
[08:08:33] 000081...: [=========================                         ]  50% Finished
[08:08:33] 000081...: [==========================                        ]  51% Finished
[08:08:33] 000081...: [==============================                    ]  58% Finished
[08:08:33] 000081...: [============================                      ]  56% Finished
[08:08:33] 000081...: [============================                      ]  55% Finished
[08:08:34] 000081...: [===============================================   ]  93% Finished
[08:08:34] 000081...: [============================                      ]  55% Finished
[08:08:34] 000081...: [==============================                    ]  60% Finished
[08:08:34] 000081...: [===============================                   ]  61% Finished
[08:08:35] 000081...: [==============================                    ]  60% Finished
[08:08:35] 000081...: [================================================= ]  98% Finished
[08:08:35] 000081...: [==================================================] 100% Finished
[08:08:35] 000081...: [===========================================       ]  85% Finished
[08:08:35] 000081...: [===============================================   ]  94% Finished
[08:08:36] 000081...: [======================================            ]  75% Finished
[08:08:36] 000081...: [=====================================             ]  73% Finished
[08:08:36] 000081...: [=======================================           ]  77% Finished
[08:08:37] 000081...: [==================================================]  99% Finished
[08:08:37] 000081...: [=======================================           ]  77% Finished
[08:08:38] 000081...: [=======================================           ]  78% Finished
[08:08:38] 000081...: [========================================          ]  80% Finished
[08:08:39] 000081...: [=======================================           ]  77% Finished
[08:08:39] 000081...: [=======================================           ]  76% Finished
[08:08:39] 000081...: [===========================================       ]  86% Finished
[08:08:39] 000081...: [=======================================           ]  77% Finished
[08:08:40] 000081...: [=========================================         ]  81% Finished
[08:08:40] 000081...: [==========================================        ]  83% Finished
[08:08:40] 000081...: [===============================================   ]  93% Finished
[08:08:41] 000081...: [===============================================   ]  94% Finished
[08:08:41] 000081...: [===========================================       ]  85% Finished
[08:08:41] 000081...: [===========================================       ]  84% Finished
[08:08:41] 000081...: [===============================================   ]  93% Finished
[08:08:42] 000081...: [===========================================       ]  84% Finished
[08:08:42] 000081...: [==================================================]  98% Finished
[08:08:42] 000081...: [================================================  ]  94% Finished
[08:08:42] 000081...: [==================================================]  99% Finished
[08:08:43] 000081...: [===============================================   ]  93% Finished
[08:08:43] 000081...: [============================================      ]  86% Finished
[08:08:43] 000081...: [================================================  ]  94% Finished
[08:08:43] 000081...: [===============================================   ]  94% Finished
[08:08:47] 000081...: [==================================================]  99% Finished
[08:08:47] 000081...: [==================================================] 100% Finished
[08:08:47] 000081...: Restore Successful.
[08:08:47] 000081...: Khôi phục dữ liệu Restore hoàn tất thành công.
[08:08:47] 000081...: Đã chuyển kho thành công: A ➔ Kho đối diện:
108_iPhone_thytmtrang309
[08:08:47] 000081...: ✓ Đã chuyển iPhone thứ 31 qua Kho đối diện thành công!
[08:08:47] 000081...: ⚡ Auto Activate sau Restore: đang chờ thiết bị reboot...
[08:08:47] 000081...: ⏳ Restore hoàn tất. Bắt đầu đếm ngược (80s) cho iPhone khởi động hoàn toàn...
[08:08:48] 000081...: [==================================================] 100% Finished
[08:08:48] 000081...: Restore Successful.
[08:08:48] 000081...: Khôi phục dữ liệu Restore hoàn tất thành công.
[08:08:48] 000081...: Đã chuyển kho thành công: A ➔ Kho đối diện:
107_iPhone_nguynththanhtrc937
[08:08:48] 000081...: ✓ Đã chuyển iPhone thứ 32 qua Kho đối diện thành công!
[08:08:48] 000081...: ⚡ Auto Activate sau Restore: đang chờ thiết bị reboot...
[08:08:48] 000081...: ⏳ Restore hoàn tất. Bắt đầu đếm ngược (80s) cho iPhone khởi động hoàn toàn...
[08:08:50] 000081...: [==================================================] 100% Finished
[08:08:50] 000081...: Restore Successful.
[08:08:50] 000081...: Khôi phục dữ liệu Restore hoàn tất thành công.
[08:08:50] 000081...: Đã chuyển kho thành công: A ➔ Kho đối diện:
111_iPhone_phngmphng8384
[08:08:50] 000081...: ✓ Đã chuyển iPhone thứ 33 qua Kho đối diện thành công!
[08:08:50] 000081...: ⚡ Auto Activate sau Restore: đang chờ thiết bị reboot...
[08:08:50] 000081...: ⏳ Restore hoàn tất. Bắt đầu đếm ngược (80s) cho iPhone khởi động hoàn toàn...
[08:08:54] 000081...: [==================================================] 100% Finished
[08:08:54] 000081...: Restore Successful.
[08:08:54] 000081...: Khôi phục dữ liệu Restore hoàn tất thành công.
[08:08:54] 000081...: Đã chuyển kho thành công: A ➔ Kho đối diện:
127_iPhone_lthcmhng0270
[08:08:54] 000081...: ✓ Đã chuyển iPhone thứ 34 qua Kho đối diện thành công!
[08:08:54] 000081...: ⚡ Auto Activate sau Restore: đang chờ thiết bị reboot...
[08:08:54] 000081...: ⏳ Restore hoàn tất. Bắt đầu đếm ngược (80s) cho iPhone khởi động hoàn toàn...
[08:08:55] 000081...: [==================================================] 100% Finished
[08:08:55] 000081...: [==================================================] 100% Finished
[08:08:55] 000081...: Restore Successful.
[08:08:55] 000081...: Khôi phục dữ liệu Restore hoàn tất thành công.
[08:08:55] 000081...: Đã chuyển kho thành công: A ➔ Kho đối diện:
114_iPhone_nguynminhthy3937
[08:08:55] 000081...: ✓ Đã chuyển iPhone thứ 35 qua Kho đối diện thành công!
[08:08:55] 000081...: ⚡ Auto Activate sau Restore: đang chờ thiết bị reboot...
[08:08:55] 000081...: ⏳ Restore hoàn tất. Bắt đầu đếm ngược (80s) cho iPhone khởi động hoàn toàn...
[08:08:56] 000081...: [==================================================] 100% Finished
[08:08:56] 000081...: [==================================================] 100% Finished
[08:08:56] 000081...: Restore Successful.
[08:08:56] 000081...: Khôi phục dữ liệu Restore hoàn tất thành công.
[08:08:56] 000081...: Đã chuyển kho thành công: A ➔ Kho đối diện:
110_iPhone_kimbchhu5519
[08:08:56] 000081...: ✓ Đã chuyển iPhone thứ 36 qua Kho đối diện thành công!
[08:08:56] 000081...: ⚡ Auto Activate sau Restore: đang chờ thiết bị reboot...
[08:08:56] 000081...: ⏳ Restore hoàn tất. Bắt đầu đếm ngược (80s) cho iPhone khởi động hoàn toàn...
[08:08:56] 000081...: [==================================================] 100% Finished
[08:08:56] 000081...: Restore Successful.
[08:08:56] 000081...: Khôi phục dữ liệu Restore hoàn tất thành công.
[08:08:56] 000081...: Đã chuyển kho thành công: A ➔ Kho đối diện:
112_iPhone_othanhgiang868
[08:08:56] 000081...: ✓ Đã chuyển iPhone thứ 37 qua Kho đối diện thành công!
[08:08:56] 000081...: ⚡ Auto Activate sau Restore: đang chờ thiết bị reboot...
[08:08:56] 000081...: ⏳ Restore hoàn tất. Bắt đầu đếm ngược (80s) cho iPhone khởi động hoàn toàn...
[08:08:56] 000081...: [==================================================]  99% Finished
[08:08:56] 000081...: [==================================================] 100% Finished
[08:08:56] 000081...: Restore Successful.
[08:08:56] 000081...: Khôi phục dữ liệu Restore hoàn tất thành công.
[08:08:56] 000081...: Đã chuyển kho thành công: A ➔ Kho đối diện:
115_iPhone_inhdiuphng134
[08:08:56] 000081...: ✓ Đã chuyển iPhone thứ 38 qua Kho đối diện thành công!
[08:08:56] 000081...: ⚡ Auto Activate sau Restore: đang chờ thiết bị reboot...
[08:08:56] 000081...: ⏳ Restore hoàn tất. Bắt đầu đếm ngược (80s) cho iPhone khởi động hoàn toàn...
[08:08:56] 000081...: [==================================================] 100% Finished
[08:08:56] 000081...: Restore Successful.
[08:08:56] 000081...: Khôi phục dữ liệu Restore hoàn tất thành công.
[08:08:56] 000081...: Đã chuyển kho thành công: A ➔ Kho đối diện:
116_iPhone_phanxunhoa8639
[08:08:56] 000081...: ✓ Đã chuyển iPhone thứ 39 qua Kho đối diện thành công!
[08:08:56] 000081...: ⚡ Auto Activate sau Restore: đang chờ thiết bị reboot...
[08:08:56] 000081...: ⏳ Restore hoàn tất. Bắt đầu đếm ngược (80s) cho iPhone khởi động hoàn toàn...
[08:08:57] 000081...: [================================================= ]  98% Finished
[08:08:57] 000081...: [==================================================] 100% Finished
[08:08:57] 000081...: [==================================================] 100% Finished
[08:08:57] 000081...: Restore Successful.
[08:08:57] 000081...: Khôi phục dữ liệu Restore hoàn tất thành công.
[08:08:57] 000081...: Đã chuyển kho thành công: A ➔ Kho đối diện:
109_iPhone_mgiathi082
[08:08:57] 000081...: ✓ Đã chuyển iPhone thứ 40 qua Kho đối diện thành công!
[08:08:57] 000081...: ⚡ Auto Activate sau Restore: đang chờ thiết bị reboot...
[08:08:57] 000081...: ⏳ Restore hoàn tất. Bắt đầu đếm ngược (80s) cho iPhone khởi động hoàn toàn...
[08:08:57] 000081...: Đã ngắt kết nối.
[08:08:58] 000081...: Đã ngắt kết nối.
[08:09:00] 000081...: Đã ngắt kết nối.
[08:09:04] 000081...: Đã ngắt kết nối.
[08:09:05] 000081...: Đã ngắt kết nối.
[08:09:05] 000081...: Đã ngắt kết nối.
[08:09:05] 000081...: Đã ngắt kết nối.
[08:09:06] 000081...: Đã ngắt kết nối.
[08:09:06] 000081...: Đã ngắt kết nối.
[08:09:07] 000081...: Đã ngắt kết nối.
[08:09:07] 000081...: ⏳ Đang chờ iPhone khởi động lại: còn 60s...
[08:09:08] 000081...: ⏳ Đang chờ iPhone khởi động lại: còn 60s...
[08:09:10] 000081...: ⏳ Đang chờ iPhone khởi động lại: còn 60s...
[08:09:14] 000081...: ⏳ Đang chờ iPhone khởi động lại: còn 60s...
[08:09:15] 000081...: ⏳ Đang chờ iPhone khởi động lại: còn 60s...
[08:09:16] 000081...: ⏳ Đang chờ iPhone khởi động lại: còn 60s...
[08:09:16] 000081...: ⏳ Đang chờ iPhone khởi động lại: còn 60s...
[08:09:16] 000081...: ⏳ Đang chờ iPhone khởi động lại: còn 60s...
[08:09:16] 000081...: ⏳ Đang chờ iPhone khởi động lại: còn 60s...
[08:09:17] 000081...: ⏳ Đang chờ iPhone khởi động lại: còn 60s...
[08:09:20] 000081...: Kết nối: iPhone (Not Trust) • iOS ?
[08:09:20] 000081...: Kết nối: iPhone • iOS 26.6.1
[08:09:21] 000081...: Kết nối: iPhone • iOS 26.6.1
[08:09:21] 000081...: Đã xác nhận Trust: iPhone • iOS 26.6.1
[08:09:25] 000081...: Kết nối: iPhone • iOS 26.6.1
[08:09:26] 000081...: Kết nối: iPhone • iOS 26.6.1
[08:09:27] 000081...: ⏳ Đang chờ iPhone khởi động lại: còn 40s...
[08:09:28] 000081...: ⏳ Đang chờ iPhone khởi động lại: còn 40s...
[08:09:30] 000081...: ⏳ Đang chờ iPhone khởi động lại: còn 40s...
[08:09:31] 000081...: Kết nối: iPhone • iOS 26.6.1
[08:09:34] 000081...: ⏳ Đang chờ iPhone khởi động lại: còn 40s...
[08:09:35] 000081...: ⏳ Đang chờ iPhone khởi động lại: còn 40s...
[08:09:36] 000081...: ⏳ Đang chờ iPhone khởi động lại: còn 40s...
[08:09:36] 000081...: ⏳ Đang chờ iPhone khởi động lại: còn 40s...
[08:09:36] 000081...: ⏳ Đang chờ iPhone khởi động lại: còn 40s...
[08:09:36] 000081...: ⏳ Đang chờ iPhone khởi động lại: còn 40s...
[08:09:37] 000081...: ⏳ Đang chờ iPhone khởi động lại: còn 40s...
[08:09:37] 000081...: Kết nối: iPhone • iOS 26.6.1
[08:09:37] 000081...: Kết nối: iPhone • iOS 26.6.1
[08:09:37] 000081...: Kết nối: iPhone • iOS 26.6.1
[08:09:37] 000081...: Kết nối: iPhone • iOS 26.6.1
[08:09:47] 000081...: ⏳ Đang chờ iPhone khởi động lại: còn 20s...
[08:09:48] 000081...: ⏳ Đang chờ iPhone khởi động lại: còn 20s...
[08:09:50] 000081...: ⏳ Đang chờ iPhone khởi động lại: còn 20s...
[08:09:54] 000081...: ⏳ Đang chờ iPhone khởi động lại: còn 20s...
[08:09:55] 000081...: ⏳ Đang chờ iPhone khởi động lại: còn 20s...
[08:09:56] 000081...: ⏳ Đang chờ iPhone khởi động lại: còn 20s...
[08:09:56] 000081...: ⏳ Đang chờ iPhone khởi động lại: còn 20s...
[08:09:56] 000081...: ⏳ Đang chờ iPhone khởi động lại: còn 20s...
[08:09:56] 000081...: ⏳ Đang chờ iPhone khởi động lại: còn 20s...
[08:09:57] 000081...: ⏳ Đang chờ iPhone khởi động lại: còn 20s...
[08:10:07] 000081...: ⌛ Đã hết 80 giây chờ! Đang kiểm tra kết nối thiết bị...
[08:10:08] 000081...: ⌛ Đã hết 80 giây chờ! Đang kiểm tra kết nối thiết bị...
[08:10:10] 000081...: ⌛ Đã hết 80 giây chờ! Đang kiểm tra kết nối thiết bị...
[08:10:10] 000081...: ✅ iPhone đã khởi động xong & kết nối ổn định ➔ Bắt đầu Batch Activate...
[08:10:10] 000081...: RUN: c:\TIKTOOL PRO V4\ideviceactivation.exe activate -u 00008101-000C55A12E91003A -b
[08:10:11] 000081...: ✅ iPhone đã khởi động xong & kết nối ổn định ➔ Bắt đầu Batch Activate...
[08:10:11] 000081...: RUN: c:\TIKTOOL PRO V4\ideviceactivation.exe activate -u 00008101-000B05581468001E -b
[08:10:13] 000081...: ✅ iPhone đã khởi động xong & kết nối ổn định ➔ Bắt đầu Batch Activate...
[08:10:13] 000081...: RUN: c:\TIKTOOL PRO V4\ideviceactivation.exe activate -u 00008101-000101C61E44001E -b
[08:10:14] 000081...: ⌛ Đã hết 80 giây chờ! Đang kiểm tra kết nối thiết bị...
[08:10:15] 000081...: ⌛ Đã hết 80 giây chờ! Đang kiểm tra kết nối thiết bị...
[08:10:15] 000081...: NOTE: This device appears to be already activated. The server might report an error 'Device Unknown' instead of acknowledging the activation.
Activation server reports that device is already activated.
[08:10:15] 000081...: RUN: c:\TIKTOOL PRO V4\ios.exe prepare --skip-all --udid=00008101-000C55A12E91003A --nojson
[08:10:16] 000081...: ⌛ Đã hết 80 giây chờ! Đang kiểm tra kết nối thiết bị...
[08:10:16] 000081...: ⌛ Đã hết 80 giây chờ! Đang kiểm tra kết nối thiết bị...
[08:10:16] 000081...: ⌛ Đã hết 80 giây chờ! Đang kiểm tra kết nối thiết bị...
[08:10:16] 000081...: ⌛ Đã hết 80 giây chờ! Đang kiểm tra kết nối thiết bị...
[08:10:17] 000081...: NOTE: This device appears to be already activated. The server might report an error 'Device Unknown' instead of acknowledging the activation.
Activation server reports that device is already activated.
[08:10:17] 000081...: RUN: c:\TIKTOOL PRO V4\ios.exe prepare --skip-all --udid=00008101-000B05581468001E --nojson
[08:10:17] 000081...: ⌛ Đã hết 80 giây chờ! Đang kiểm tra kết nối thiết bị...
[08:10:17] 000081...: ✅ iPhone đã khởi động xong & kết nối ổn định ➔ Bắt đầu Batch Activate...
[08:10:17] 000081...: RUN: c:\TIKTOOL PRO V4\ideviceactivation.exe activate -u 00008101-00012CE20202001E -b
[08:10:18] 000081...: ✅ iPhone đã khởi động xong & kết nối ổn định ➔ Bắt đầu Batch Activate...
[08:10:18] 000081...: RUN: c:\TIKTOOL PRO V4\ideviceactivation.exe activate -u 00008101-000C0D0C3C86001E -b
[08:10:18] 000081...: NOTE: This device appears to be already activated. The server might report an error 'Device Unknown' instead of acknowledging the activation.
Activation server reports that device is already activated.
[08:10:18] 000081...: RUN: c:\TIKTOOL PRO V4\ios.exe prepare --skip-all --udid=00008101-000101C61E44001E --nojson
[08:10:19] 000081...: ✅ iPhone đã khởi động xong & kết nối ổn định ➔ Bắt đầu Batch Activate...
[08:10:19] 000081...: RUN: c:\TIKTOOL PRO V4\ideviceactivation.exe activate -u 00008101-000D08DA1180001E -b
[08:10:19] 000081...: ✅ iPhone đã khởi động xong & kết nối ổn định ➔ Bắt đầu Batch Activate...
[08:10:19] 000081...: RUN: c:\TIKTOOL PRO V4\ideviceactivation.exe activate -u 00008101-0011548002C1001E -b
[08:10:19] 000081...: ✅ iPhone đã khởi động xong & kết nối ổn định ➔ Bắt đầu Batch Activate...
[08:10:19] 000081...: RUN: c:\TIKTOOL PRO V4\ideviceactivation.exe activate -u 00008101-000E41E036E8001E -b
[08:10:19] 000081...: ✅ iPhone đã khởi động xong & kết nối ổn định ➔ Bắt đầu Batch Activate...
[08:10:19] 000081...: RUN: c:\TIKTOOL PRO V4\ideviceactivation.exe activate -u 00008101-000E10A41E78001E -b
[08:10:20] 000081...: ✅ iPhone đã khởi động xong & kết nối ổn định ➔ Bắt đầu Batch Activate...
[08:10:20] 000081...: RUN: c:\TIKTOOL PRO V4\ideviceactivation.exe activate -u 00008101-000508C23CE0001E -b
[08:10:23] 000081...: NOTE: This device appears to be already activated. The server might report an error 'Device Unknown' instead of acknowledging the activation.
Activation server reports that device is already activated.
[08:10:23] 000081...: RUN: c:\TIKTOOL PRO V4\ios.exe prepare --skip-all --udid=00008101-00012CE20202001E --nojson
[08:10:23] 000081...: NOTE: This device appears to be already activated. The server might report an error 'Device Unknown' instead of acknowledging the activation.
Activation server reports that device is already activated.
[08:10:23] 000081...: RUN: c:\TIKTOOL PRO V4\ios.exe prepare --skip-all --udid=00008101-000C0D0C3C86001E --nojson
[08:10:24] 000081...: NOTE: This device appears to be already activated. The server might report an error 'Device Unknown' instead of acknowledging the activation.
Activation server reports that device is already activated.
[08:10:24] 000081...: RUN: c:\TIKTOOL PRO V4\ios.exe prepare --skip-all --udid=00008101-0011548002C1001E --nojson
[08:10:24] 000081...: NOTE: This device appears to be already activated. The server might report an error 'Device Unknown' instead of acknowledging the activation.
Activation server reports that device is already activated.
[08:10:24] 000081...: RUN: c:\TIKTOOL PRO V4\ios.exe prepare --skip-all --udid=00008101-000D08DA1180001E --nojson
[08:10:24] 000081...: NOTE: This device appears to be already activated. The server might report an error 'Device Unknown' instead of acknowledging the activation.
Activation server reports that device is already activated.
[08:10:24] 000081...: RUN: c:\TIKTOOL PRO V4\ios.exe prepare --skip-all --udid=00008101-000E41E036E8001E --nojson
[08:10:24] 000081...: NOTE: This device appears to be already activated. The server might report an error 'Device Unknown' instead of acknowledging the activation.
Activation server reports that device is already activated.
[08:10:24] 000081...: RUN: c:\TIKTOOL PRO V4\ios.exe prepare --skip-all --udid=00008101-000E10A41E78001E --nojson
[08:10:25] 000081...: NOTE: This device appears to be already activated. The server might report an error 'Device Unknown' instead of acknowledging the activation.
Activation server reports that device is already activated.
[08:10:25] 000081...: RUN: c:\TIKTOOL PRO V4\ios.exe prepare --skip-all --udid=00008101-000508C23CE0001E --nojson
[08:10:37] 000081...: time="2026-09-05T08:10:18+07:00" level=warning msg="go-ios agent is not running. You might need to start it with 'ios tunnel start' for ios17+. Use ENABLE_GO_IOS_AGENT=user for userspace tunnel or ENABLE_GO_IOS_AGENT=kernel for kernel tunnel for the experimental daemon mode."
time="2026-09-05T08:10:18+07:00" level=warning msg="failed to get tunnel info" udid=00008101-000101C61E44001E
time="2026-09-05T08:10:18+07:00" level=info msg="device is activated:true"
time="2026-09-05T08:10:18+07:00" level=info msg="send flush request"
time="2026-09-05T08:10:35+07:00" level=info msg="get cloud config"
"ok"
[08:10:37] 000081...: RUN: c:\TIKTOOL PRO V4\ios.exe lang --setlocale=ja_JP --setlang=ja --udid=00008101-000101C61E44001E --nojson
[08:10:47] 000081...: time="2026-09-05T08:10:17+07:00" level=warning msg="go-ios agent is not running. You might need to start it with 'ios tunnel start' for ios17+. Use ENABLE_GO_IOS_AGENT=user for userspace tunnel or ENABLE_GO_IOS_AGENT=kernel for kernel tunnel for the experimental daemon mode."
time="2026-09-05T08:10:17+07:00" level=warning msg="failed to get tunnel info" udid=00008101-000B05581468001E
time="2026-09-05T08:10:17+07:00" level=info msg="device is activated:true"
time="2026-09-05T08:10:17+07:00" level=info msg="send flush request"
time="2026-09-05T08:10:32+07:00" level=info msg="get cloud config"
"ok"
[08:10:47] 000081...: RUN: c:\TIKTOOL PRO V4\ios.exe lang --setlocale=ja_JP --setlang=ja --udid=00008101-000B05581468001E --nojson
[08:10:48] 000081...: time="2026-09-05T08:10:15+07:00" level=warning msg="go-ios agent is not running. You might need to start it with 'ios tunnel start' for ios17+. Use ENABLE_GO_IOS_AGENT=user for userspace tunnel or ENABLE_GO_IOS_AGENT=kernel for kernel tunnel for the experimental daemon mode."
time="2026-09-05T08:10:15+07:00" level=warning msg="failed to get tunnel info" udid=00008101-000C55A12E91003A
time="2026-09-05T08:10:15+07:00" level=info msg="device is activated:true"
time="2026-09-05T08:10:15+07:00" level=info msg="send flush request"
time="2026-09-05T08:10:36+07:00" level=info msg="get cloud config"
"ok"
[08:10:48] 000081...: RUN: c:\TIKTOOL PRO V4\ios.exe lang --setlocale=ja_JP --setlang=ja --udid=00008101-000C55A12E91003A --nojson
[08:10:51] 000081...: time="2026-09-05T08:10:24+07:00" level=warning msg="go-ios agent is not running. You might need to start it with 'ios tunnel start' for ios17+. Use ENABLE_GO_IOS_AGENT=user for userspace tunnel or ENABLE_GO_IOS_AGENT=kernel for kernel tunnel for the experimental daemon mode."
time="2026-09-05T08:10:24+07:00" level=warning msg="failed to get tunnel info" udid=00008101-000E10A41E78001E
time="2026-09-05T08:10:24+07:00" level=info msg="device is activated:true"
time="2026-09-05T08:10:24+07:00" level=info msg="send flush request"
time="2026-09-05T08:10:41+07:00" level=info msg="get cloud config"
"ok"
[08:10:51] 000081...: RUN: c:\TIKTOOL PRO V4\ios.exe lang --setlocale=ja_JP --setlang=ja --udid=00008101-000E10A41E78001E --nojson
[08:10:52] 000081...: time="2026-09-05T08:10:24+07:00" level=warning msg="go-ios agent is not running. You might need to start it with 'ios tunnel start' for ios17+. Use ENABLE_GO_IOS_AGENT=user for userspace tunnel or ENABLE_GO_IOS_AGENT=kernel for kernel tunnel for the experimental daemon mode."
time="2026-09-05T08:10:24+07:00" level=warning msg="failed to get tunnel info" udid=00008101-0011548002C1001E
time="2026-09-05T08:10:24+07:00" level=info msg="device is activated:true"
time="2026-09-05T08:10:24+07:00" level=info msg="send flush request"
time="2026-09-05T08:10:41+07:00" level=info msg="get cloud config"
"ok"
[08:10:52] 000081...: RUN: c:\TIKTOOL PRO V4\ios.exe lang --setlocale=ja_JP --setlang=ja --udid=00008101-0011548002C1001E --nojson
[08:10:52] 000081...: time="2026-09-05T08:10:23+07:00" level=warning msg="go-ios agent is not running. You might need to start it with 'ios tunnel start' for ios17+. Use ENABLE_GO_IOS_AGENT=user for userspace tunnel or ENABLE_GO_IOS_AGENT=kernel for kernel tunnel for the experimental daemon mode."
time="2026-09-05T08:10:23+07:00" level=warning msg="failed to get tunnel info" udid=00008101-000C0D0C3C86001E
time="2026-09-05T08:10:23+07:00" level=info msg="device is activated:true"
time="2026-09-05T08:10:23+07:00" level=info msg="send flush request"
time="2026-09-05T08:10:42+07:00" level=info msg="get cloud config"
"ok"
[08:10:52] 000081...: RUN: c:\TIKTOOL PRO V4\ios.exe lang --setlocale=ja_JP --setlang=ja --udid=00008101-000C0D0C3C86001E --nojson
[08:10:54] 000081...: time="2026-09-05T08:10:23+07:00" level=warning msg="go-ios agent is not running. You might need to start it with 'ios tunnel start' for ios17+. Use ENABLE_GO_IOS_AGENT=user for userspace tunnel or ENABLE_GO_IOS_AGENT=kernel for kernel tunnel for the experimental daemon mode."
time="2026-09-05T08:10:23+07:00" level=warning msg="failed to get tunnel info" udid=00008101-00012CE20202001E
time="2026-09-05T08:10:23+07:00" level=info msg="device is activated:true"
time="2026-09-05T08:10:23+07:00" level=info msg="send flush request"
time="2026-09-05T08:10:40+07:00" level=info msg="get cloud config"
"ok"
[08:10:54] 000081...: RUN: c:\TIKTOOL PRO V4\ios.exe lang --setlocale=ja_JP --setlang=ja --udid=00008101-00012CE20202001E --nojson
[08:10:57] 000081...: time="2026-09-05T08:10:24+07:00" level=warning msg="go-ios agent is not running. You might need to start it with 'ios tunnel start' for ios17+. Use ENABLE_GO_IOS_AGENT=user for userspace tunnel or ENABLE_GO_IOS_AGENT=kernel for kernel tunnel for the experimental daemon mode."
time="2026-09-05T08:10:24+07:00" level=warning msg="failed to get tunnel info" udid=00008101-000E41E036E8001E
time="2026-09-05T08:10:24+07:00" level=info msg="device is activated:true"
time="2026-09-05T08:10:24+07:00" level=info msg="send flush request"
time="2026-09-05T08:10:40+07:00" level=info msg="get cloud config"
"ok"
[08:10:57] 000081...: RUN: c:\TIKTOOL PRO V4\ios.exe lang --setlocale=ja_JP --setlang=ja --udid=00008101-000E41E036E8001E --nojson
[08:10:57] 000081...: time="2026-09-05T08:10:25+07:00" level=warning msg="go-ios agent is not running. You might need to start it with 'ios tunnel start' for ios17+. Use ENABLE_GO_IOS_AGENT=user for userspace tunnel or ENABLE_GO_IOS_AGENT=kernel for kernel tunnel for the experimental daemon mode."
time="2026-09-05T08:10:25+07:00" level=warning msg="failed to get tunnel info" udid=00008101-000508C23CE0001E
time="2026-09-05T08:10:25+07:00" level=info msg="device is activated:true"
time="2026-09-05T08:10:25+07:00" level=info msg="send flush request"
time="2026-09-05T08:10:42+07:00" level=info msg="get cloud config"
"ok"
[08:10:57] 000081...: RUN: c:\TIKTOOL PRO V4\ios.exe lang --setlocale=ja_JP --setlang=ja --udid=00008101-000508C23CE0001E --nojson
[08:10:57] 000081...: ⚡ Lệnh đổi ngôn ngữ đã gửi (SpringBoard đang cập nhật, timeout 20s là bình thường).
[08:10:57] 000081...: Batch Activate hoàn tất thành công.
[08:10:58] 000081...: {"Language":"ja","Locale":"ja_JP","SupportedLocales":["sv_AX","en_CN","ro_RO","en_VG","es_VC","fr_MA","en_AL","es_TT","ar_SS","fr_VU","fr_CI","en_GS","en_BW","en_JM","es_BS","en_BD","en_MG","en_PT","ar_LB","fr_GN","ru_UA","en_HK","en_CO","en_KE","en_NR","fr_MU","en_FI","nl_BQ","en_WS","en_DG","ar_SA","en_RW","en_ZM","en_BE","en_ER","el_CY","en_MH","nl_NL","pt_AO","bn_BD","en_KY","es_CL","en_VI","es_VE","en_FJ","fr_MC","en_TZ","en_ID","es_TC","zh_TW","en_GU","es_GQ","en_GB","mr_IN","ko_CN","es_MX","en_ES","es_BB","es_PR","fr_GP","pt_GW","fi_FI","en_FK","en_NA","zh_CN","en_IE","en_LR","en_TH","ca_IT","ar_KM","en_BZ","de_CH","da_GL","te_IN","en_US","en_JP","ar_QA","en_PW","ar_TN","en_BG","fr_GQ","de_LI","cs_CZ","hu_HU","en_NU","zh_HK","es_VG","ta_IN","ar_EG","ro_MD","en_LS","fr_CM","ar_SD","en_GD","ar_IL","ar_LY","en_UA","fr_TD","pt_LU","es_PA","ta_SG","en_KI","es_CO","en_FM","fr_MF","ar_EH","tr_CY","en_LT","es_IC","en_DK","pt_ST","es_GT","fr_YT","en_GE","ms_BN","en_BI","he_IL","pt_TL","en_SS","es_KY","kk_KZ","en_CA","es_VI","zh-Hant_JP","fr_MG","ar_MR","hr_HR","en_AR","ar_SY","fr_SN","en_TK","en_GY","pt_CV","fr_DZ","es_ES","en_MM","ar_AE","en_001","zh-Hant_MY","ca_ES","fr_RW","en_PG","fr_GA","en_SA","fr_BE","hi_IN","en_AS","pt_MO","en_LV","ta_LK","en_DM","en_LC","en_GG","es_BZ","tr_TR","it_CH","zh-Hans_MO","en_150","it_VA","fr_TG","en_EE","es_US","en_PH","es_HN","sv_FI","en_CV","ms_SG","es_CR","en_SB","en_CC","fr_BF","en_NF","es_EA","fr_RE","en_AT","ar_MA","nl_BE","en_GH","th_TH","en_ZA","pt_FR","es_GD","en_MO","es_003","de_IT","es_PE","de_DE","en_SC","en_NZ","en_NG","en_AU","el_GR","en_GI","ar_001","en_BM","ar_IQ","en_MP","es_PY","fr_DJ","es_EC","vi_VN","en_US_POSIX","en_CX","en_KN","en_SD","en_FR","es_CA","kn_IN","en_IL","es_AR","en_TO","zh-Hans_HK","bg_BG","es_GY","fr_NC","ta_MY","en_BN","en_UG","en_HU","en_PK","uk_UA","en_SX","en_CY","en_SE","es_CU","sk_SK","fr_BI","fr_ML","de_BE","en_IM","fr_PF","es_DM","es_LC","en_ZW","fr_CA","pl_PL","pt_CH","nl_SR","ja_JP","en_JE","fr_LU","zh-Hans_JP","en_PL","es_PH","en_CZ","fr_GF","zh_MO","fr_BJ","en_IN","zh-Hans_MY","en_AE","fr_NE","en_RO","en_MS","es_419","it_IT","ar_TD","en_SZ","fr_WF","ru_MD","es_SV","es_CW","en_SG","en_CH","ml_IN","pt_BR","en_IO","ar_PS","bn_IN","en_TR","ar_KW","es_DO","en_GM","it_SM","ms_MY","es_UY","es_BM","sl_SI","en_MT","en_PN","es_HT","en_KR","en_SH","en_VU","es_KN","fr_BL","en_NL","ca_FR","en_AG","fr_KM","fr_SC","fr_CD","ko_KP","or_IN","nb_SJ","en_BR","en_MU","ru_RU","fr_TN","ar_DZ","zh-Hant_CN","en_SI","hr_BA","en_VC","ar_ER","es_NI","fr_HT","en_TT","ar_SO","ca_AD","da_DK","fr_FR","en_BS","nl_CW","en_MV","es_BO","nb_NO","de_LU","pt_GQ","ar_JO","en_CK","fr_MQ","zh_SG","ms_ID","en_AI","fr_CF","ko_KR","en_MW","en_UM","en_SK","en_CL","en_NO","fr_MR","en_TV","fr_SY","en_TC","fr_CG","nl_SX","es_BQ","ar_YE","ru_BY","sv_SE","de_AT","en_PR","en_MX","ar_DJ","lt_LT","nl_AW","ar_OM","en_SL","en_CM","ru_KZ","en_BB","ar_BH","ru_KG","id_ID","en_IT","en_TW","fr_PM","pt_MZ","es_AG","pt_PT","en_DE","fr_CH","en_GR","gu_IN","en_RU","en_MY","es_BR"],"SupportedLanguages":["ur","lt","ja","id","mr","ms","hi","es-419","es","pl","ca","ta","fr","en-IN","or","fr-CA","da","bg","te","kk-Cyrl","pt-BR","zh-Hant-HK","hr","gu","de","th","sk","ro","sl","nb","kk","en-GB","hu","zh-HK","bn","ar","it","kn","ko","uk","pa","ru","vi","zh-Hans","zh-Hant","en-AU","ml","pt-PT","tr","fi","en-US","el","cs","sv","nl","he","en","es-US"]}
[08:10:58] 000081...: Batch Activate hoàn tất thành công.
[08:11:01] 000081...: {"Language":"ja","Locale":"ja_JP","SupportedLocales":["sv_AX","en_CN","ro_RO","en_VG","es_VC","fr_MA","en_AL","es_TT","ar_SS","fr_VU","fr_CI","en_GS","en_BW","en_JM","es_BS","en_BD","en_MG","en_PT","en_HK","ar_LB","fr_GN","ru_UA","en_CO","en_KE","en_NR","fr_MU","en_FI","nl_BQ","en_WS","en_DG","ar_SA","en_RW","en_ZM","en_BE","bn_BD","en_MH","el_CY","nl_NL","pt_AO","en_ER","en_KY","es_CL","en_VI","en_FJ","es_VE","fr_MC","en_TZ","en_ID","es_TC","en_GU","zh_TW","es_GQ","en_GB","ko_CN","mr_IN","es_MX","en_ES","es_BB","es_PR","fr_GP","pt_GW","fi_FI","en_FK","en_NA","zh_CN","en_IE","en_LR","en_TH","ca_IT","ar_KM","en_BZ","de_CH","en_JP","te_IN","en_US","en_BG","ar_QA","en_PW","ar_TN","da_GL","fr_GQ","de_LI","cs_CZ","en_NU","zh_HK","hu_HU","es_VG","ta_IN","ar_EG","ro_MD","en_LS","fr_CM","ar_SD","en_GD","ar_IL","ar_LY","en_UA","fr_TD","pt_LU","es_PA","ta_SG","en_KI","es_CO","en_FM","fr_MF","tr_CY","ar_EH","en_LT","es_IC","en_DK","pt_ST","es_GT","fr_YT","en_GE","ms_BN","en_BI","he_IL","pt_TL","en_SS","es_KY","kk_KZ","en_CA","es_VI","ar_MR","fr_MG","zh-Hant_JP","hr_HR","en_AR","en_TK","fr_SN","ar_SY","en_GY","pt_CV","en_MM","es_ES","ar_AE","fr_DZ","en_001","zh-Hant_MY","en_PG","fr_RW","ca_ES","fr_GA","en_SA","fr_BE","hi_IN","en_AS","pt_MO","en_LV","ta_LK","en_DM","en_LC","en_GG","es_BZ","tr_TR","it_CH","zh-Hans_MO","es_US","it_VA","fr_TG","en_EE","en_150","en_PH","es_HN","sv_FI","en_CV","ms_SG","es_CR","fr_RE","en_CC","en_SB","en_NF","fr_BF","es_EA","en_AT","ar_MA","nl_BE","en_GH","es_GD","th_TH","pt_FR","en_ZA","en_MO","es_003","de_IT","es_PE","de_DE","en_NZ","en_SC","en_NG","en_AU","el_GR","en_GI","ar_001","en_BM","ar_IQ","en_MP","es_PY","fr_DJ","es_EC","vi_VN","en_US_POSIX","en_CX","en_KN","en_SD","en_FR","es_CA","kn_IN","en_IL","es_AR","en_TO","zh-Hans_HK","bg_BG","es_GY","fr_NC","ta_MY","en_BN","en_UG","en_HU","en_PK","en_SX","uk_UA","en_CY","en_SE","es_CU","sk_SK","fr_BI","fr_ML","en_IM","de_BE","fr_PF","es_DM","es_LC","en_ZW","fr_CA","pl_PL","zh-Hans_JP","nl_SR","en_JE","pt_CH","fr_LU","ja_JP","en_PL","zh_MO","en_CZ","fr_GF","es_PH","fr_BJ","en_IN","zh-Hans_MY","en_AE","fr_NE","en_RO","en_MS","es_419","it_IT","ar_TD","en_SZ","fr_WF","es_SV","ml_IN","en_SG","es_CW","en_CH","ru_MD","pt_BR","en_IO","bn_IN","en_TR","ar_PS","ar_KW","es_DO","en_GM","it_SM","ms_MY","sl_SI","en_MT","es_UY","es_BM","en_PN","es_HT","en_KR","en_SH","en_VU","es_KN","fr_BL","en_NL","ca_FR","en_AG","fr_KM","fr_SC","fr_CD","ko_KP","or_IN","nb_SJ","zh-Hant_CN","en_MU","en_BR","fr_TN","ar_DZ","ru_RU","en_SI","en_VC","es_NI","hr_BA","ar_ER","fr_HT","en_TT","ar_SO","ca_AD","fr_FR","da_DK","en_BS","nl_CW","es_BO","en_MV","nb_NO","de_LU","en_CK","ar_JO","pt_GQ","fr_MQ","zh_SG","ms_ID","en_AI","fr_CF","ko_KR","en_MW","en_UM","en_SK","en_CL","en_NO","fr_MR","en_TV","fr_SY","en_TC","fr_CG","nl_SX","es_BQ","ar_YE","en_MX","en_BB","sv_SE","en_PR","de_AT","ar_DJ","lt_LT","nl_AW","ar_OM","ru_BY","en_CM","ru_KZ","en_SL","ar_BH","ru_KG","en_IT","id_ID","pt_MZ","en_TW","fr_PM","es_AG","pt_PT","en_DE","fr_CH","en_GR","en_RU","gu_IN","en_MY","es_BR"],"SupportedLanguages":["ur","lt","ja","id","mr","ms","hi","es-419","es","pl","ca","ta","fr","en-IN","or","fr-CA","da","bg","te","kk-Cyrl","pt-BR","zh-Hant-HK","hr","gu","de","th","sk","ro","sl","nb","kk","en-GB","hu","zh-HK","bn","ar","it","kn","ko","uk","pa","ru","vi","zh-Hans","zh-Hant","en-AU","ml","pt-PT","tr","fi","en-US","el","cs","sv","nl","he","en","es-US"]}
[08:11:01] 000081...: Batch Activate hoàn tất thành công.
[08:11:04] 000081...: time="2026-09-05T08:10:24+07:00" level=warning msg="go-ios agent is not running. You might need to start it with 'ios tunnel start' for ios17+. Use ENABLE_GO_IOS_AGENT=user for userspace tunnel or ENABLE_GO_IOS_AGENT=kernel for kernel tunnel for the experimental daemon mode."
time="2026-09-05T08:10:24+07:00" level=warning msg="failed to get tunnel info" udid=00008101-000D08DA1180001E
time="2026-09-05T08:10:24+07:00" level=info msg="device is activated:true"
time="2026-09-05T08:10:24+07:00" level=info msg="send flush request"
time="2026-09-05T08:10:50+07:00" level=info msg="get cloud config"
Command timed out
[08:11:04] 000081...: Skip Setup Assistant thất bại!
[08:11:08] 000081...: {"Language":"ja","Locale":"ja_JP","SupportedLocales":["sv_AX","en_CN","ro_RO","en_VG","es_VC","fr_MA","en_AL","es_TT","ar_SS","fr_VU","en_GS","fr_CI","en_BW","en_JM","es_BS","en_BD","en_MG","en_PT","ar_LB","fr_GN","ru_UA","en_HK","en_CO","en_KE","en_NR","fr_MU","en_FI","nl_BQ","en_WS","en_DG","ar_SA","en_RW","en_ZM","en_BE","en_ER","el_CY","en_MH","nl_NL","pt_AO","bn_BD","en_KY","es_CL","en_VI","es_VE","en_FJ","fr_MC","en_TZ","en_ID","es_TC","zh_TW","en_GU","es_GQ","en_GB","mr_IN","ko_CN","es_MX","en_ES","es_BB","es_PR","fr_GP","pt_GW","fi_FI","en_FK","en_NA","zh_CN","en_IE","en_LR","en_TH","ca_IT","ar_KM","en_BZ","de_CH","da_GL","en_US","en_BG","en_JP","te_IN","en_PW","ar_TN","ar_QA","fr_GQ","de_LI","cs_CZ","hu_HU","zh_HK","en_NU","es_VG","ta_IN","ar_EG","ro_MD","en_LS","fr_CM","ar_SD","en_GD","ar_IL","ar_LY","en_UA","fr_TD","pt_LU","es_PA","ta_SG","en_KI","es_CO","en_FM","fr_MF","tr_CY","ar_EH","en_LT","es_IC","en_DK","pt_ST","es_GT","fr_YT","en_GE","ms_BN","en_BI","he_IL","pt_TL","en_SS","es_KY","kk_KZ","en_CA","es_VI","zh-Hant_JP","ar_MR","fr_MG","hr_HR","en_AR","ar_SY","fr_SN","en_TK","en_GY","pt_CV","en_MM","fr_DZ","ar_AE","es_ES","ca_ES","en_PG","en_001","fr_RW","zh-Hant_MY","fr_GA","en_SA","fr_BE","hi_IN","en_AS","pt_MO","en_LV","ta_LK","en_DM","en_LC","en_GG","es_BZ","tr_TR","it_CH","zh-Hans_MO","en_150","it_VA","fr_TG","en_EE","es_US","en_PH","es_EA","es_HN","en_CV","ms_SG","es_CR","sv_FI","en_CC","en_SB","fr_BF","fr_RE","en_NF","en_AT","ar_MA","nl_BE","en_GH","th_TH","en_ZA","pt_FR","es_GD","en_MO","de_IT","es_003","es_PE","de_DE","en_NZ","en_SC","en_NG","en_AU","el_GR","en_GI","ar_001","en_BM","ar_IQ","en_MP","es_PY","fr_DJ","es_EC","vi_VN","en_US_POSIX","en_CX","en_KN","en_SD","en_FR","es_CA","kn_IN","en_IL","es_AR","en_TO","zh-Hans_HK","bg_BG","es_GY","fr_NC","ta_MY","en_BN","en_UG","uk_UA","en_PK","en_SX","en_HU","en_CY","en_SE","es_CU","sk_SK","fr_BI","fr_ML","en_IM","de_BE","fr_PF","es_DM","es_LC","en_ZW","fr_CA","pl_PL","zh-Hans_JP","nl_SR","ja_JP","en_JE","fr_LU","pt_CH","en_PL","es_PH","zh_MO","en_CZ","fr_GF","fr_BJ","en_IN","zh-Hans_MY","en_AE","en_RO","fr_NE","en_MS","es_419","it_IT","ar_TD","en_SZ","fr_WF","ru_MD","ml_IN","en_SG","es_CW","en_CH","es_SV","pt_BR","en_IO","ar_PS","bn_IN","en_TR","ar_KW","es_DO","en_GM","it_SM","ms_MY","sl_SI","es_UY","en_MT","es_BM","en_PN","es_HT","en_KR","en_SH","en_VU","es_KN","fr_BL","en_NL","ca_FR","en_AG","fr_KM","fr_SC","fr_CD","ko_KP","or_IN","nb_SJ","zh-Hant_CN","en_MU","en_BR","fr_TN","ar_DZ","ru_RU","en_SI","en_VC","es_NI","ar_ER","hr_BA","fr_HT","en_TT","ar_SO","ca_AD","da_DK","fr_FR","en_BS","en_MV","es_BO","nb_NO","nl_CW","de_LU","pt_GQ","ar_JO","en_CK","fr_MQ","zh_SG","ms_ID","en_AI","fr_CF","ko_KR","en_MW","en_UM","en_SK","en_CL","en_NO","fr_MR","en_TV","fr_SY","en_TC","fr_CG","nl_SX","es_BQ","ar_YE","en_BB","sv_SE","de_AT","en_PR","en_MX","ar_DJ","lt_LT","nl_AW","ar_OM","en_SL","en_CM","ru_KZ","ru_BY","ar_BH","ru_KG","en_IT","id_ID","pt_MZ","en_TW","fr_PM","pt_PT","es_AG","en_DE","en_GR","fr_CH","en_RU","gu_IN","en_MY","es_BR"],"SupportedLanguages":["ur","lt","ja","id","mr","ms","hi","es-419","es","pl","ca","ta","fr","en-IN","or","fr-CA","da","bg","te","kk-Cyrl","pt-BR","zh-Hant-HK","hr","gu","de","th","sk","ro","sl","nb","kk","en-GB","hu","zh-HK","bn","ar","it","kn","ko","uk","pa","ru","vi","zh-Hans","zh-Hant","en-AU","ml","pt-PT","tr","fi","en-US","el","cs","sv","nl","he","en","es-US"]}
[08:11:08] 000081...: Batch Activate hoàn tất thành công.
[08:11:10] 000081...: {"Language":"ja","Locale":"ja_JP","SupportedLocales":["sv_AX","en_CN","ro_RO","en_VG","es_VC","fr_MA","en_AL","es_TT","ar_SS","fr_VU","fr_CI","en_GS","en_BW","en_JM","es_BS","en_BD","en_MG","en_PT","en_HK","fr_GN","ru_UA","ar_LB","en_CO","en_KE","en_NR","fr_MU","en_FI","nl_BQ","en_WS","en_DG","ar_SA","en_RW","en_ZM","en_BE","en_ER","en_MH","el_CY","nl_NL","pt_AO","bn_BD","en_KY","es_CL","en_VI","en_FJ","es_VE","fr_MC","en_TZ","en_ID","es_TC","en_GU","zh_TW","es_GQ","ko_CN","mr_IN","en_GB","es_MX","en_ES","es_BB","es_PR","fr_GP","pt_GW","fi_FI","en_FK","en_NA","zh_CN","en_IE","en_LR","ca_IT","en_TH","ar_KM","en_BZ","de_CH","da_GL","en_US","en_BG","te_IN","ar_QA","en_PW","ar_TN","en_JP","fr_GQ","de_LI","cs_CZ","hu_HU","zh_HK","en_NU","es_VG","ta_IN","ar_EG","ro_MD","en_LS","fr_CM","ar_SD","en_GD","ar_IL","ar_LY","en_UA","fr_TD","pt_LU","es_PA","ta_SG","en_KI","es_CO","en_FM","fr_MF","tr_CY","ar_EH","en_LT","es_IC","en_DK","pt_ST","es_GT","fr_YT","en_GE","ms_BN","en_BI","he_IL","pt_TL","en_SS","es_KY","kk_KZ","en_CA","es_VI","ar_MR","fr_MG","zh-Hant_JP","hr_HR","en_AR","ar_SY","en_TK","fr_SN","en_GY","pt_CV","en_MM","fr_DZ","ar_AE","es_ES","en_001","en_PG","ca_ES","zh-Hant_MY","fr_RW","fr_GA","en_SA","fr_BE","hi_IN","en_AS","pt_MO","en_LV","ta_LK","en_DM","en_LC","en_GG","tr_TR","es_BZ","it_CH","es_US","en_150","it_VA","fr_TG","en_EE","zh-Hans_MO","en_PH","es_EA","sv_FI","en_CV","es_HN","es_CR","fr_RE","en_CC","en_SB","fr_BF","en_NF","ms_SG","en_AT","ar_MA","nl_BE","en_GH","es_GD","th_TH","pt_FR","en_ZA","en_MO","es_003","de_IT","es_PE","de_DE","en_SC","en_NZ","en_NG","en_AU","el_GR","en_GI","ar_001","en_BM","ar_IQ","en_MP","es_PY","fr_DJ","es_EC","en_US_POSIX","vi_VN","en_CX","en_KN","en_SD","en_FR","es_CA","kn_IN","en_IL","es_AR","en_TO","zh-Hans_HK","es_GY","bg_BG","fr_NC","ta_MY","en_BN","en_UG","en_HU","en_PK","uk_UA","en_SX","en_CY","en_SE","sk_SK","es_CU","fr_BI","fr_ML","de_BE","en_IM","fr_PF","es_DM","es_LC","en_ZW","fr_CA","pl_PL","pt_CH","zh-Hans_JP","ja_JP","en_JE","fr_LU","nl_SR","en_PL","es_PH","en_CZ","fr_GF","zh_MO","fr_BJ","en_IN","zh-Hans_MY","en_AE","fr_NE","en_RO","en_MS","es_419","it_IT","ar_TD","en_SZ","fr_WF","ru_MD","ml_IN","es_CW","es_SV","en_CH","en_SG","pt_BR","en_IO","bn_IN","ar_PS","en_TR","ar_KW","es_DO","en_GM","it_SM","ms_MY","sl_SI","es_BM","en_MT","es_UY","en_PN","es_HT","en_KR","en_SH","en_VU","es_KN","fr_BL","en_NL","ca_FR","en_AG","fr_KM","fr_SC","fr_CD","ko_KP","or_IN","nb_SJ","zh-Hant_CN","ru_RU","en_MU","fr_TN","ar_DZ","en_BR","en_SI","en_VC","es_NI","ar_ER","hr_BA","fr_HT","en_TT","ar_SO","ca_AD","da_DK","fr_FR","en_BS","en_MV","es_BO","nb_NO","nl_CW","de_LU","en_CK","pt_GQ","ar_JO","fr_MQ","zh_SG","ms_ID","en_AI","fr_CF","ko_KR","en_MW","en_UM","en_SK","en_CL","en_NO","fr_MR","en_TV","fr_SY","en_TC","fr_CG","nl_SX","es_BQ","ar_YE","ru_BY","en_BB","en_MX","en_PR","de_AT","ar_DJ","lt_LT","ar_OM","en_SL","nl_AW","en_CM","ru_KZ","sv_SE","ar_BH","ru_KG","en_IT","pt_MZ","en_TW","fr_PM","id_ID","es_AG","pt_PT","en_DE","fr_CH","en_GR","gu_IN","en_RU","en_MY","es_BR"],"SupportedLanguages":["ur","lt","ja","id","mr","ms","hi","es-419","es","pl","ca","ta","fr","en-IN","or","fr-CA","da","bg","te","kk-Cyrl","pt-BR","zh-Hant-HK","hr","gu","de","th","sk","ro","sl","nb","kk","en-GB","hu","zh-HK","bn","ar","it","kn","ko","uk","pa","ru","vi","zh-Hans","zh-Hant","en-AU","ml","pt-PT","tr","fi","en-US","el","cs","sv","nl","he","en","es-US"]}
[08:11:10] 000081...: Batch Activate hoàn tất thành công.
[08:11:12] 000081...: ⚡ Lệnh đổi ngôn ngữ đã gửi (SpringBoard đang cập nhật, timeout 20s là bình thường).
[08:11:12] 000081...: Batch Activate hoàn tất thành công.
[08:11:14] 000081...: ⚡ Lệnh đổi ngôn ngữ đã gửi (SpringBoard đang cập nhật, timeout 20s là bình thường).
[08:11:14] 000081...: Batch Activate hoàn tất thành công.
[08:11:17] 000081...: ⚡ Lệnh đổi ngôn ngữ đã gửi (SpringBoard đang cập nhật, timeout 20s là bình thường).
[08:11:17] 000081...: Batch Activate hoàn tất thành công.
[08:11:17] 000081...: ⚡ Lệnh đổi ngôn ngữ đã gửi (SpringBoard đang cập nhật, timeout 20s là bình thường).
[08:11:17] 000081...: Batch Activate hoàn tất thành công.
[08:11:30] 000081...: Đã ngắt kết nối.
[08:11:30] 000081...: Đã ngắt kết nối.
[08:11:30] 000081...: Đã ngắt kết nối.
[08:11:31] 000081...: Đã ngắt kết nối.
[08:11:31] 000081...: Đã ngắt kết nối.
[08:11:31] 000081...: Đã ngắt kết nối.
[08:11:32] 000081...: Đã ngắt kết nối.
[08:11:32] 000081...: Đã ngắt kết nối.
[08:11:33] 000081...: Đã ngắt kết nối.
[08:11:33] 000081...: Đã ngắt kết nối.
[08:11:48] 000081...: Kết nối: iPhone • iOS 26.6.1
[08:11:48] 000081...: Kết nối: iPhone • iOS 26.6.1
[08:11:49] 000081...: Kết nối: iPhone • iOS 26.6.1
[08:11:51] 000081...: Kết nối: iPhone • iOS 26.6.1
[08:11:52] 000081...: Kết nối: iPhone • iOS 26.6.1
[08:11:54] 000081...: Kết nối: iPhone • iOS 26.6.1
[08:11:55] 000081...: Kết nối: iPhone • iOS 26.6.1
[08:11:56] 000081...: Kết nối: iPhone • iOS 26.6.1
[08:11:57] 000081...: Kết nối: iPhone • iOS 26.6.1
[08:11:59] 000081...: Kết nối: iPhone • iOS 26.6.1
[08:12:52] SYSTEM...: Restore chuyển kho: A ➜ B | 33 bản backup | 10 máy ghép nối
[08:12:53] 000081...: SUCCESS: Validated pairing with device 00008101-001434DE2683001E
[08:12:54] 000081...: SUCCESS: Validated pairing with device 00008101-00024DEE0C45001E
[08:12:54] 000081...: SUCCESS: Validated pairing with device 00008101-000955923C01001E
[08:12:54] 000081...: SUCCESS: Validated pairing with device 00008101-001974843E43001E
[08:12:54] 000081...: SUCCESS: Validated pairing with device 00008101-000D6D113A89001E
[08:12:54] 000081...: SUCCESS: Validated pairing with device 00008101-001E6CEC3EC1001E
[08:12:54] 000081...: SUCCESS: Validated pairing with device 00008101-00113939347A001E
[08:12:54] 000081...: SUCCESS: Validated pairing with device 00008101-0013589E02C2001E
[08:12:54] 000081...: SUCCESS: Validated pairing with device 00008101-001869181AC1001E
[08:12:54] 000081...: SUCCESS: Validated pairing with device 00008101-000309042201001E
[08:13:10] 000081...: [=                                                 ]   1% Finished
[08:13:10] 000081...: [=                                                 ]   1% Finished
[08:13:10] 000081...: [=                                                 ]   1% Finished
[08:13:11] 000081...: [=                                                 ]   1% Finished
[08:13:11] 000081...: [====                                              ]   6% Finished
[08:13:11] 000081...: [=                                                 ]   1% Finished
[08:13:11] 000081...: [=                                                 ]   1% Finished
[08:13:11] 000081...: [=                                                 ]   1% Finished
[08:13:12] 000081...: [=====                                             ]   9% Finished
[08:13:12] 000081...: [=                                                 ]   1% Finished
[08:13:12] 000081...: [=                                                 ]   1% Finished
[08:13:12] 000081...: [=========                                         ]  17% Finished
[08:13:12] 000081...: [===                                               ]   6% Finished
[08:13:12] 000081...: [=                                                 ]   1% Finished
[08:13:12] 000081...: [=                                                 ]   1% Finished
[08:13:12] 000081...: [=                                                 ]   1% Finished
[08:13:12] 000081...: [==                                                ]   3% Finished
[08:13:12] 000081...: [====                                              ]   7% Finished
[08:13:13] 000081...: [========                                          ]  15% Finished
[08:13:14] 000081...: [====                                              ]   6% Finished
[08:13:15] 000081...: [======                                            ]  11% Finished
[08:13:15] 000081...: [====                                              ]   6% Finished
[08:13:15] 000081...: [===========                                       ]  20% Finished
[08:13:16] 000081...: [====                                              ]   6% Finished
[08:13:16] 000081...: [======                                            ]  11% Finished
[08:13:17] 000081...: [=========                                         ]  17% Finished
[08:13:17] 000081...: [====                                              ]   6% Finished
[08:13:17] 000081...: [====                                              ]   6% Finished
[08:13:17] 000081...: [======                                            ]  11% Finished
[08:13:17] 000081...: [=========                                         ]  18% Finished
[08:13:17] 000081...: [=========                                         ]  17% Finished
[08:13:18] 000081...: [=========                                         ]  18% Finished
[08:13:18] 000081...: [=========                                         ]  18% Finished
[08:13:19] 000081...: [==================                                ]  34% Finished
[08:13:20] 000081...: [=========                                         ]  17% Finished
[08:13:20] 000081...: [===========                                       ]  22% Finished
[08:13:20] 000081...: [=========                                         ]  17% Finished
[08:13:21] 000081...: [=========                                         ]  17% Finished
[08:13:22] 000081...: [====================                              ]  39% Finished
[08:13:22] 000081...: [===========                                       ]  22% Finished
[08:13:22] 000081...: [==================                                ]  36% Finished
[08:13:22] 000081...: [==================                                ]  34% Finished
[08:13:23] 000081...: [===================                               ]  37% Finished
[08:13:23] 000081...: [==================                                ]  36% Finished
[08:13:24] 000081...: [===================                               ]  37% Finished
[08:13:24] 000081...: [===================                               ]  36% Finished
[08:13:24] 000081...: [====================                              ]  39% Finished
[08:13:24] 000081...: [=====================                             ]  41% Finished
[08:13:25] 000081...: [======================                            ]  43% Finished
[08:13:25] 000081...: [============                                      ]  23% Finished
[08:13:25] 000081...: [======================                            ]  43% Finished
[08:13:26] 000081...: [=======================                           ]  44% Finished
[08:13:26] 000081...: [=====================                             ]  41% Finished
[08:13:26] 000081...: [=======================                           ]  46% Finished
[08:13:26] 000081...: [====================                              ]  38% Finished
[08:13:26] 000081...: [===========                                       ]  22% Finished
[08:13:26] 000081...: [==================                                ]  36% Finished
[08:13:26] 000081...: [===========                                       ]  22% Finished
[08:13:26] 000081...: [==================                                ]  36% Finished
[08:13:26] 000081...: [======================                            ]  44% Finished
[08:13:27] 000081...: [==========================                        ]  50% Finished
[08:13:27] 000081...: [======================                            ]  43% Finished
[08:13:27] 000081...: [=====================                             ]  41% Finished
[08:13:27] 000081...: [============================                      ]  55% Finished
[08:13:28] 000081...: [===============================                   ]  60% Finished
[08:13:28] 000081...: [=======================                           ]  45% Finished
[08:13:28] 000081...: [=========================                         ]  49% Finished
[08:13:29] 000081...: [============================                      ]  54% Finished
[08:13:29] 000081...: [=========================                         ]  50% Finished
[08:13:29] 000081...: [=========================                         ]  48% Finished
[08:13:29] 000081...: [==============================                    ]  59% Finished
[08:13:30] 000081...: [============================                      ]  55% Finished
[08:13:30] 000081...: [======================================            ]  74% Finished
[08:13:30] 000081...: [=========================                         ]  49% Finished
[08:13:30] 000081...: [=========================                         ]  49% Finished
[08:13:30] 000081...: [===========================                       ]  53% Finished
[08:13:30] 000081...: [==============================                    ]  60% Finished
[08:13:30] 000081...: [==========================                        ]  51% Finished
[08:13:31] 000081...: [============================                      ]  54% Finished
[08:13:31] 000081...: [===========================                       ]  54% Finished
[08:13:31] 000081...: [=============================                     ]  58% Finished
[08:13:31] 000081...: [============================                      ]  56% Finished
[08:13:31] 000081...: [==============================                    ]  59% Finished
[08:13:31] 000081...: [==============================                    ]  59% Finished
[08:13:31] 000081...: [==========================                        ]  51% Finished
[08:13:32] 000081...: [=====================================             ]  73% Finished
[08:13:33] 000081...: [=============================                     ]  56% Finished
[08:13:33] 000081...: [===============================                   ]  61% Finished
[08:13:33] 000081...: [======================================            ]  75% Finished
[08:13:33] 000081...: [=========================                         ]  48% Finished
[08:13:33] 000081...: [==========================                        ]  50% Finished
[08:13:33] 000081...: [=========================                         ]  48% Finished
[08:13:33] 000081...: [==========================                        ]  50% Finished
[08:13:34] 000081...: [=======================================           ]  78% Finished
[08:13:34] 000081...: [========================================          ]  79% Finished
[08:13:34] 000081...: [============================                      ]  55% Finished
[08:13:34] 000081...: [============================                      ]  55% Finished
[08:13:35] 000081...: [===========================================       ]  86% Finished
[08:13:35] 000081...: [==============================                    ]  60% Finished
[08:13:36] 000081...: [==========================================        ]  83% Finished
[08:13:36] 000081...: [=======================================           ]  77% Finished
[08:13:36] 000081...: [======================================            ]  76% Finished
[08:13:36] 000081...: [=====================================             ]  73% Finished
[08:13:36] 000081...: [===============================                   ]  61% Finished
[08:13:36] 000081...: [===============================================   ]  94% Finished
[08:13:38] 000081...: [=======================================           ]  78% Finished
[08:13:38] 000081...: [======================================            ]  75% Finished
[08:13:38] 000081...: [=========================================         ]  82% Finished
[08:13:38] 000081...: [==================================================] 100% Finished
[08:13:39] 000081...: [================================================  ]  95% Finished
[08:13:39] 000081...: [==================================================]  99% Finished
[08:13:39] 000081...: [===============================================   ]  94% Finished
[08:13:39] 000081...: [========================================          ]  80% Finished
[08:13:40] 000081...: [=======================================           ]  76% Finished
[08:13:40] 000081...: [======================================            ]  74% Finished
[08:13:40] 000081...: [==========================================        ]  83% Finished
[08:13:40] 000081...: [=====================================             ]  73% Finished
[08:13:40] 000081...: [===========================================       ]  85% Finished
[08:13:41] 000081...: [=========================================         ]  81% Finished
[08:13:41] 000081...: [=======================================           ]  78% Finished
[08:13:41] 000081...: [=========================================         ]  80% Finished
[08:13:41] 000081...: [===============================================   ]  93% Finished
[08:13:41] 000081...: [===============================================   ]  94% Finished
[08:13:42] 000081...: [===========================================       ]  85% Finished
[08:13:42] 000081...: [==================================================]  99% Finished
[08:13:43] 000081...: [===============================================   ]  94% Finished
[08:13:43] 000081...: [===============================================   ]  94% Finished
[08:13:43] 000081...: [============================================      ]  86% Finished
[08:13:44] 000081...: [===========================================       ]  85% Finished
[08:13:44] 000081...: [===============================================   ]  93% Finished
[08:13:44] 000081...: [==================================================]  98% Finished
[08:13:44] 000081...: [==================================================] 100% Finished
[08:13:44] 000081...: [================================================  ]  95% Finished
[08:13:45] 000081...: [================================================  ]  94% Finished
[08:13:45] 000081...: [==================================================]  99% Finished
[08:13:51] 000081...: [==================================================] 100% Finished
[08:13:51] 000081...: Restore Successful.
[08:13:51] 000081...: Khôi phục dữ liệu Restore hoàn tất thành công.
[08:13:51] 000081...: Đã chuyển kho thành công: A ➔ Kho đối diện:
143_iPhone_thchngclin0440
[08:13:51] 000081...: ✓ Đã chuyển iPhone thứ 41 qua Kho đối diện thành công!
[08:13:51] 000081...: ⚡ Auto Activate sau Restore: đang chờ thiết bị reboot...
[08:13:51] 000081...: ⏳ Restore hoàn tất. Bắt đầu đếm ngược (80s) cho iPhone khởi động hoàn toàn...
[08:13:52] 000081...: [==================================================] 100% Finished
[08:13:52] 000081...: Restore Successful.
[08:13:52] 000081...: Khôi phục dữ liệu Restore hoàn tất thành công.
[08:13:52] 000081...: Đã chuyển kho thành công: A ➔ Kho đối diện:
142_iPhone_bchhngkhanh975
[08:13:52] 000081...: ✓ Đã chuyển iPhone thứ 42 qua Kho đối diện thành công!
[08:13:52] 000081...: ⚡ Auto Activate sau Restore: đang chờ thiết bị reboot...
[08:13:52] 000081...: ⏳ Restore hoàn tất. Bắt đầu đếm ngược (80s) cho iPhone khởi động hoàn toàn...
[08:13:53] 000081...: [==================================================] 100% Finished
[08:13:53] 000081...: [==================================================] 100% Finished
[08:13:53] 000081...: Restore Successful.
[08:13:53] 000081...: Khôi phục dữ liệu Restore hoàn tất thành công.
[08:13:53] 000081...: Đã chuyển kho thành công: A ➔ Kho đối diện:
120_iPhone_liuvnhu4808
[08:13:53] 000081...: ✓ Đã chuyển iPhone thứ 43 qua Kho đối diện thành công!
[08:13:53] 000081...: ⚡ Auto Activate sau Restore: đang chờ thiết bị reboot...
[08:13:53] 000081...: ⏳ Restore hoàn tất. Bắt đầu đếm ngược (80s) cho iPhone khởi động hoàn toàn...
[08:13:54] 000081...: [==================================================] 100% Finished
[08:13:54] 000081...: [==================================================] 100% Finished
[08:13:54] 000081...: Restore Successful.
[08:13:54] 000081...: Khôi phục dữ liệu Restore hoàn tất thành công.
[08:13:54] 000081...: Đã chuyển kho thành công: A ➔ Kho đối diện:
121_iPhone_lthanhhng4509
[08:13:54] 000081...: ✓ Đã chuyển iPhone thứ 44 qua Kho đối diện thành công!
[08:13:54] 000081...: ⚡ Auto Activate sau Restore: đang chờ thiết bị reboot...
[08:13:54] 000081...: ⏳ Restore hoàn tất. Bắt đầu đếm ngược (80s) cho iPhone khởi động hoàn toàn...
[08:13:55] 000081...: [==================================================] 100% Finished
[08:13:55] 000081...: Restore Successful.
[08:13:55] 000081...: Khôi phục dữ liệu Restore hoàn tất thành công.
[08:13:55] 000081...: Đã chuyển kho thành công: A ➔ Kho đối diện:
117_iPhone_hvhng014
[08:13:55] 000081...: ✓ Đã chuyển iPhone thứ 45 qua Kho đối diện thành công!
[08:13:55] 000081...: ⚡ Auto Activate sau Restore: đang chờ thiết bị reboot...
[08:13:55] 000081...: ⏳ Restore hoàn tất. Bắt đầu đếm ngược (80s) cho iPhone khởi động hoàn toàn...
[08:13:57] 000081...: [==================================================] 100% Finished
[08:13:57] 000081...: Restore Successful.
[08:13:57] 000081...: Khôi phục dữ liệu Restore hoàn tất thành công.
[08:13:57] 000081...: Đã chuyển kho thành công: A ➔ Kho đối diện:
118_iPhone_nguynthdiulinh9122
[08:13:57] 000081...: ✓ Đã chuyển iPhone thứ 46 qua Kho đối diện thành công!
[08:13:57] 000081...: ⚡ Auto Activate sau Restore: đang chờ thiết bị reboot...
[08:13:57] 000081...: ⏳ Restore hoàn tất. Bắt đầu đếm ngược (80s) cho iPhone khởi động hoàn toàn...
[08:13:57] 000081...: [==================================================]  99% Finished
[08:13:57] 000081...: [==================================================] 100% Finished
[08:13:57] 000081...: Restore Successful.
[08:13:57] 000081...: Khôi phục dữ liệu Restore hoàn tất thành công.
[08:13:57] 000081...: Đã chuyển kho thành công: A ➔ Kho đối diện:
137_iPhone_nguynthmduyn080
[08:13:57] 000081...: ✓ Đã chuyển iPhone thứ 47 qua Kho đối diện thành công!
[08:13:57] 000081...: ⚡ Auto Activate sau Restore: đang chờ thiết bị reboot...
[08:13:57] 000081...: ⏳ Restore hoàn tất. Bắt đầu đếm ngược (80s) cho iPhone khởi động hoàn toàn...
[08:13:57] 000081...: [==================================================]  99% Finished
[08:13:57] 000081...: [==================================================] 100% Finished
[08:13:57] 000081...: Restore Successful.
[08:13:57] 000081...: Khôi phục dữ liệu Restore hoàn tất thành công.
[08:13:57] 000081...: Đã chuyển kho thành công: A ➔ Kho đối diện:
139_iPhone_lthyqunh6691
[08:13:57] 000081...: ✓ Đã chuyển iPhone thứ 48 qua Kho đối diện thành công!
[08:13:57] 000081...: ⚡ Auto Activate sau Restore: đang chờ thiết bị reboot...
[08:13:57] 000081...: ⏳ Restore hoàn tất. Bắt đầu đếm ngược (80s) cho iPhone khởi động hoàn toàn...
[08:13:58] 000081...: [==================================================]  99% Finished
[08:13:58] 000081...: [==================================================] 100% Finished
[08:13:58] 000081...: Restore Successful.
[08:13:58] 000081...: Khôi phục dữ liệu Restore hoàn tất thành công.
[08:13:58] 000081...: Đã chuyển kho thành công: A ➔ Kho đối diện:
124_iPhone_nguynminhkhu7696
[08:13:58] 000081...: ✓ Đã chuyển iPhone thứ 49 qua Kho đối diện thành công!
[08:13:58] 000081...: ⚡ Auto Activate sau Restore: đang chờ thiết bị reboot...
[08:13:58] 000081...: ⏳ Restore hoàn tất. Bắt đầu đếm ngược (80s) cho iPhone khởi động hoàn toàn...
[08:13:58] 000081...: [==================================================] 100% Finished
[08:13:58] 000081...: Restore Successful.
[08:13:58] 000081...: Khôi phục dữ liệu Restore hoàn tất thành công.
[08:13:58] 000081...: Đã chuyển kho thành công: A ➔ Kho đối diện:
125_iPhone_nguynthlyna852
[08:13:58] 000081...: ✓ Đã chuyển iPhone thứ 50 qua Kho đối diện thành công!
[08:13:58] 000081...: ⚡ Auto Activate sau Restore: đang chờ thiết bị reboot...
[08:13:58] 000081...: ⏳ Restore hoàn tất. Bắt đầu đếm ngược (80s) cho iPhone khởi động hoàn toàn...
[08:14:01] 000081...: Đã ngắt kết nối.
[08:14:02] 000081...: Đã ngắt kết nối.
[08:14:02] 000081...: Đã ngắt kết nối.
[08:14:05] 000081...: Đã ngắt kết nối.
[08:14:05] 000081...: Đã ngắt kết nối.
[08:14:06] 000081...: Đã ngắt kết nối.
[08:14:07] 000081...: Đã ngắt kết nối.
[08:14:07] 000081...: Đã ngắt kết nối.
[08:14:07] 000081...: Đã ngắt kết nối.
[08:14:07] 000081...: Đã ngắt kết nối.
[08:14:11] 000081...: ⏳ Đang chờ iPhone khởi động lại: còn 60s...
[08:14:12] 000081...: ⏳ Đang chờ iPhone khởi động lại: còn 60s...
[08:14:13] 000081...: ⏳ Đang chờ iPhone khởi động lại: còn 60s...
[08:14:14] 000081...: ⏳ Đang chờ iPhone khởi động lại: còn 60s...
[08:14:15] 000081...: ⏳ Đang chờ iPhone khởi động lại: còn 60s...
[08:14:17] 000081...: ⏳ Đang chờ iPhone khởi động lại: còn 60s...
[08:14:17] 000081...: ⏳ Đang chờ iPhone khởi động lại: còn 60s...
[08:14:17] 000081...: ⏳ Đang chờ iPhone khởi động lại: còn 60s...
[08:14:18] 000081...: ⏳ Đang chờ iPhone khởi động lại: còn 60s...
[08:14:18] 000081...: ⏳ Đang chờ iPhone khởi động lại: còn 60s...
[08:14:21] 000081...: Kết nối: iPhone • iOS 26.6.1
[08:14:23] 000081...: Kết nối: iPhone • iOS 26.6.1
[08:14:24] 000081...: Kết nối: iPhone • iOS 26.6.1
[08:14:25] 000081...: Kết nối: iPhone • iOS 26.6.1
[08:14:31] 000081...: ⏳ Đang chờ iPhone khởi động lại: còn 40s...
[08:14:32] 000081...: ⏳ Đang chờ iPhone khởi động lại: còn 40s...
[08:14:32] 000081...: Kết nối: iPhone • iOS 26.6.1
[08:14:33] 000081...: ⏳ Đang chờ iPhone khởi động lại: còn 40s...
[08:14:34] 000081...: ⏳ Đang chờ iPhone khởi động lại: còn 40s...
[08:14:35] 000081...: ⏳ Đang chờ iPhone khởi động lại: còn 40s...
[08:14:37] 000081...: ⏳ Đang chờ iPhone khởi động lại: còn 40s...
[08:14:37] 000081...: ⏳ Đang chờ iPhone khởi động lại: còn 40s...
[08:14:37] 000081...: ⏳ Đang chờ iPhone khởi động lại: còn 40s...
[08:14:38] 000081...: ⏳ Đang chờ iPhone khởi động lại: còn 40s...
[08:14:38] 000081...: ⏳ Đang chờ iPhone khởi động lại: còn 40s...
[08:14:38] 000081...: Kết nối: iPhone (Not Trust) • iOS ?
[08:14:38] 000081...: Kết nối: iPhone (Not Trust) • iOS ?
[08:14:38] 000081...: Kết nối: iPhone • iOS 26.6.1
[08:14:38] 000081...: Kết nối: iPhone (Not Trust) • iOS ?
[08:14:38] 000081...: Kết nối: iPhone (Not Trust) • iOS ?
[08:14:39] 000081...: Đã xác nhận Trust: iPhone • iOS 26.6.1
[08:14:39] 000081...: Đã xác nhận Trust: iPhone • iOS 26.6.1
[08:14:40] 000081...: Đã xác nhận Trust: iPhone • iOS 26.6.1
[08:14:40] 000081...: Đã xác nhận Trust: iPhone • iOS 26.6.1
[08:14:51] 000081...: ⏳ Đang chờ iPhone khởi động lại: còn 20s...
[08:14:52] 000081...: ⏳ Đang chờ iPhone khởi động lại: còn 20s...
[08:14:53] 000081...: ⏳ Đang chờ iPhone khởi động lại: còn 20s...
[08:14:54] 000081...: ⏳ Đang chờ iPhone khởi động lại: còn 20s...
[08:14:55] 000081...: ⏳ Đang chờ iPhone khởi động lại: còn 20s...
[08:14:57] 000081...: ⏳ Đang chờ iPhone khởi động lại: còn 20s...
[08:14:57] 000081...: ⏳ Đang chờ iPhone khởi động lại: còn 20s...
[08:14:57] 000081...: ⏳ Đang chờ iPhone khởi động lại: còn 20s...
[08:14:58] 000081...: ⏳ Đang chờ iPhone khởi động lại: còn 20s...
[08:14:58] 000081...: ⏳ Đang chờ iPhone khởi động lại: còn 20s...
[08:15:11] 000081...: ⌛ Đã hết 80 giây chờ! Đang kiểm tra kết nối thiết bị...
[08:15:12] 000081...: ⌛ Đã hết 80 giây chờ! Đang kiểm tra kết nối thiết bị...
[08:15:13] 000081...: ⌛ Đã hết 80 giây chờ! Đang kiểm tra kết nối thiết bị...
[08:15:14] 000081...: ✅ iPhone đã khởi động xong & kết nối ổn định ➔ Bắt đầu Batch Activate...
[08:15:14] 000081...: RUN: c:\TIKTOOL PRO V4\ideviceactivation.exe activate -u 00008101-001974843E43001E -b
[08:15:14] 000081...: ⌛ Đã hết 80 giây chờ! Đang kiểm tra kết nối thiết bị...
[08:15:15] 000081...: ⌛ Đã hết 80 giây chờ! Đang kiểm tra kết nối thiết bị...
[08:15:15] 000081...: ✅ iPhone đã khởi động xong & kết nối ổn định ➔ Bắt đầu Batch Activate...
[08:15:15] 000081...: RUN: c:\TIKTOOL PRO V4\ideviceactivation.exe activate -u 00008101-000955923C01001E -b
[08:15:16] 000081...: ✅ iPhone đã khởi động xong & kết nối ổn định ➔ Bắt đầu Batch Activate...
[08:15:16] 000081...: RUN: c:\TIKTOOL PRO V4\ideviceactivation.exe activate -u 00008101-000D6D113A89001E -b
[08:15:17] 000081...: ⌛ Đã hết 80 giây chờ! Đang kiểm tra kết nối thiết bị...
[08:15:17] 000081...: ⌛ Đã hết 80 giây chờ! Đang kiểm tra kết nối thiết bị...
[08:15:17] 000081...: ⌛ Đã hết 80 giây chờ! Đang kiểm tra kết nối thiết bị...
[08:15:18] 000081...: ✅ iPhone đã khởi động xong & kết nối ổn định ➔ Bắt đầu Batch Activate...
[08:15:18] 000081...: RUN: c:\TIKTOOL PRO V4\ideviceactivation.exe activate -u 00008101-0013589E02C2001E -b
[08:15:18] 000081...: ⌛ Đã hết 80 giây chờ! Đang kiểm tra kết nối thiết bị...
[08:15:18] 000081...: ⌛ Đã hết 80 giây chờ! Đang kiểm tra kết nối thiết bị...
[08:15:18] 000081...: ✅ iPhone đã khởi động xong & kết nối ổn định ➔ Bắt đầu Batch Activate...
[08:15:18] 000081...: RUN: c:\TIKTOOL PRO V4\ideviceactivation.exe activate -u 00008101-001434DE2683001E -b
[08:15:19] 000081...: NOTE: This device appears to be already activated. The server might report an error 'Device Unknown' instead of acknowledging the activation.
Activation server reports that device is already activated.
[08:15:19] 000081...: RUN: c:\TIKTOOL PRO V4\ios.exe prepare --skip-all --udid=00008101-001974843E43001E --nojson
[08:15:20] 000081...: ✅ iPhone đã khởi động xong & kết nối ổn định ➔ Bắt đầu Batch Activate...
[08:15:20] 000081...: RUN: c:\TIKTOOL PRO V4\ideviceactivation.exe activate -u 00008101-00024DEE0C45001E -b
[08:15:20] 000081...: ✅ iPhone đã khởi động xong & kết nối ổn định ➔ Bắt đầu Batch Activate...
[08:15:20] 000081...: RUN: c:\TIKTOOL PRO V4\ideviceactivation.exe activate -u 00008101-001E6CEC3EC1001E -b
[08:15:20] 000081...: ✅ iPhone đã khởi động xong & kết nối ổn định ➔ Bắt đầu Batch Activate...
[08:15:20] 000081...: RUN: c:\TIKTOOL PRO V4\ideviceactivation.exe activate -u 00008101-00113939347A001E -b
[08:15:20] 000081...: NOTE: This device appears to be already activated. The server might report an error 'Device Unknown' instead of acknowledging the activation.
Activation server reports that device is already activated.
[08:15:20] 000081...: RUN: c:\TIKTOOL PRO V4\ios.exe prepare --skip-all --udid=00008101-000955923C01001E --nojson
[08:15:21] 000081...: ✅ iPhone đã khởi động xong & kết nối ổn định ➔ Bắt đầu Batch Activate...
[08:15:21] 000081...: RUN: c:\TIKTOOL PRO V4\ideviceactivation.exe activate -u 00008101-001869181AC1001E -b
[08:15:21] 000081...: ✅ iPhone đã khởi động xong & kết nối ổn định ➔ Bắt đầu Batch Activate...
[08:15:21] 000081...: RUN: c:\TIKTOOL PRO V4\ideviceactivation.exe activate -u 00008101-000309042201001E -b
[08:15:21] 000081...: NOTE: This device appears to be already activated. The server might report an error 'Device Unknown' instead of acknowledging the activation.
Activation server reports that device is already activated.
[08:15:21] 000081...: RUN: c:\TIKTOOL PRO V4\ios.exe prepare --skip-all --udid=00008101-000D6D113A89001E --nojson
[08:15:23] 000081...: NOTE: This device appears to be already activated. The server might report an error 'Device Unknown' instead of acknowledging the activation.
Activation server reports that device is already activated.
[08:15:23] 000081...: RUN: c:\TIKTOOL PRO V4\ios.exe prepare --skip-all --udid=00008101-0013589E02C2001E --nojson
[08:15:23] 000081...: NOTE: This device appears to be already activated. The server might report an error 'Device Unknown' instead of acknowledging the activation.
Activation server reports that device is already activated.
[08:15:23] 000081...: RUN: c:\TIKTOOL PRO V4\ios.exe prepare --skip-all --udid=00008101-001434DE2683001E --nojson
[08:15:25] 000081...: NOTE: This device appears to be already activated. The server might report an error 'Device Unknown' instead of acknowledging the activation.
Activation server reports that device is already activated.
[08:15:25] 000081...: RUN: c:\TIKTOOL PRO V4\ios.exe prepare --skip-all --udid=00008101-00024DEE0C45001E --nojson
[08:15:25] 000081...: NOTE: This device appears to be already activated. The server might report an error 'Device Unknown' instead of acknowledging the activation.
Activation server reports that device is already activated.
[08:15:25] 000081...: RUN: c:\TIKTOOL PRO V4\ios.exe prepare --skip-all --udid=00008101-00113939347A001E --nojson
[08:15:25] 000081...: NOTE: This device appears to be already activated. The server might report an error 'Device Unknown' instead of acknowledging the activation.
Activation server reports that device is already activated.
[08:15:25] 000081...: RUN: c:\TIKTOOL PRO V4\ios.exe prepare --skip-all --udid=00008101-001E6CEC3EC1001E --nojson
[08:15:26] 000081...: NOTE: This device appears to be already activated. The server might report an error 'Device Unknown' instead of acknowledging the activation.
Activation server reports that device is already activated.
[08:15:26] 000081...: RUN: c:\TIKTOOL PRO V4\ios.exe prepare --skip-all --udid=00008101-001869181AC1001E --nojson
[08:15:26] 000081...: NOTE: This device appears to be already activated. The server might report an error 'Device Unknown' instead of acknowledging the activation.
Activation server reports that device is already activated.
[08:15:26] 000081...: RUN: c:\TIKTOOL PRO V4\ios.exe prepare --skip-all --udid=00008101-000309042201001E --nojson
[08:15:46] 000081...: time="2026-09-05T08:15:20+07:00" level=warning msg="go-ios agent is not running. You might need to start it with 'ios tunnel start' for ios17+. Use ENABLE_GO_IOS_AGENT=user for userspace tunnel or ENABLE_GO_IOS_AGENT=kernel for kernel tunnel for the experimental daemon mode."
time="2026-09-05T08:15:20+07:00" level=warning msg="failed to get tunnel info" udid=00008101-000955923C01001E
time="2026-09-05T08:15:20+07:00" level=info msg="device is activated:true"
time="2026-09-05T08:15:21+07:00" level=info msg="send flush request"
time="2026-09-05T08:15:39+07:00" level=info msg="get cloud config"
"ok"
[08:15:46] 000081...: RUN: c:\TIKTOOL PRO V4\ios.exe lang --setlocale=ja_JP --setlang=ja --udid=00008101-000955923C01001E --nojson
[08:15:50] 000081...: time="2026-09-05T08:15:21+07:00" level=warning msg="go-ios agent is not running. You might need to start it with 'ios tunnel start' for ios17+. Use ENABLE_GO_IOS_AGENT=user for userspace tunnel or ENABLE_GO_IOS_AGENT=kernel for kernel tunnel for the experimental daemon mode."
time="2026-09-05T08:15:21+07:00" level=warning msg="failed to get tunnel info" udid=00008101-000D6D113A89001E
time="2026-09-05T08:15:22+07:00" level=info msg="device is activated:true"
time="2026-09-05T08:15:22+07:00" level=info msg="send flush request"
time="2026-09-05T08:15:37+07:00" level=info msg="get cloud config"
"ok"
[08:15:50] 000081...: RUN: c:\TIKTOOL PRO V4\ios.exe lang --setlocale=ja_JP --setlang=ja --udid=00008101-000D6D113A89001E --nojson
[08:15:52] 000081...: time="2026-09-05T08:15:26+07:00" level=warning msg="go-ios agent is not running. You might need to start it with 'ios tunnel start' for ios17+. Use ENABLE_GO_IOS_AGENT=user for userspace tunnel or ENABLE_GO_IOS_AGENT=kernel for kernel tunnel for the experimental daemon mode."
time="2026-09-05T08:15:26+07:00" level=warning msg="failed to get tunnel info" udid=00008101-000309042201001E
time="2026-09-05T08:15:26+07:00" level=info msg="device is activated:true"
time="2026-09-05T08:15:26+07:00" level=info msg="send flush request"
time="2026-09-05T08:15:44+07:00" level=info msg="get cloud config"
"ok"
[08:15:52] 000081...: RUN: c:\TIKTOOL PRO V4\ios.exe lang --setlocale=ja_JP --setlang=ja --udid=00008101-000309042201001E --nojson
[08:15:53] 000081...: time="2026-09-05T08:15:26+07:00" level=warning msg="go-ios agent is not running. You might need to start it with 'ios tunnel start' for ios17+. Use ENABLE_GO_IOS_AGENT=user for userspace tunnel or ENABLE_GO_IOS_AGENT=kernel for kernel tunnel for the experimental daemon mode."
time="2026-09-05T08:15:26+07:00" level=warning msg="failed to get tunnel info" udid=00008101-001E6CEC3EC1001E
time="2026-09-05T08:15:26+07:00" level=info msg="device is activated:true"
time="2026-09-05T08:15:26+07:00" level=info msg="send flush request"
time="2026-09-05T08:15:40+07:00" level=info msg="get cloud config"
"ok"
[08:15:53] 000081...: RUN: c:\TIKTOOL PRO V4\ios.exe lang --setlocale=ja_JP --setlang=ja --udid=00008101-001E6CEC3EC1001E --nojson
[08:15:53] 000081...: time="2026-09-05T08:15:19+07:00" level=warning msg="go-ios agent is not running. You might need to start it with 'ios tunnel start' for ios17+. Use ENABLE_GO_IOS_AGENT=user for userspace tunnel or ENABLE_GO_IOS_AGENT=kernel for kernel tunnel for the experimental daemon mode."
time="2026-09-05T08:15:19+07:00" level=warning msg="failed to get tunnel info" udid=00008101-001974843E43001E
time="2026-09-05T08:15:20+07:00" level=info msg="device is activated:true"
time="2026-09-05T08:15:20+07:00" level=info msg="send flush request"
time="2026-09-05T08:15:35+07:00" level=info msg="get cloud config"
"ok"
[08:15:53] 000081...: RUN: c:\TIKTOOL PRO V4\ios.exe lang --setlocale=ja_JP --setlang=ja --udid=00008101-001974843E43001E --nojson
[08:15:54] 000081...: time="2026-09-05T08:15:23+07:00" level=warning msg="go-ios agent is not running. You might need to start it with 'ios tunnel start' for ios17+. Use ENABLE_GO_IOS_AGENT=user for userspace tunnel or ENABLE_GO_IOS_AGENT=kernel for kernel tunnel for the experimental daemon mode."
time="2026-09-05T08:15:23+07:00" level=warning msg="failed to get tunnel info" udid=00008101-0013589E02C2001E
time="2026-09-05T08:15:23+07:00" level=info msg="device is activated:true"
time="2026-09-05T08:15:23+07:00" level=info msg="send flush request"
time="2026-09-05T08:15:42+07:00" level=info msg="get cloud config"
"ok"
[08:15:54] 000081...: RUN: c:\TIKTOOL PRO V4\ios.exe lang --setlocale=ja_JP --setlang=ja --udid=00008101-0013589E02C2001E --nojson
[08:15:54] 000081...: time="2026-09-05T08:15:25+07:00" level=warning msg="go-ios agent is not running. You might need to start it with 'ios tunnel start' for ios17+. Use ENABLE_GO_IOS_AGENT=user for userspace tunnel or ENABLE_GO_IOS_AGENT=kernel for kernel tunnel for the experimental daemon mode."
time="2026-09-05T08:15:25+07:00" level=warning msg="failed to get tunnel info" udid=00008101-00113939347A001E
time="2026-09-05T08:15:25+07:00" level=info msg="device is activated:true"
time="2026-09-05T08:15:26+07:00" level=info msg="send flush request"
time="2026-09-05T08:15:43+07:00" level=info msg="get cloud config"
"ok"
[08:15:54] 000081...: RUN: c:\TIKTOOL PRO V4\ios.exe lang --setlocale=ja_JP --setlang=ja --udid=00008101-00113939347A001E --nojson
[08:16:01] 000081...: time="2026-09-05T08:15:26+07:00" level=warning msg="go-ios agent is not running. You might need to start it with 'ios tunnel start' for ios17+. Use ENABLE_GO_IOS_AGENT=user for userspace tunnel or ENABLE_GO_IOS_AGENT=kernel for kernel tunnel for the experimental daemon mode."
time="2026-09-05T08:15:26+07:00" level=warning msg="failed to get tunnel info" udid=00008101-001869181AC1001E
time="2026-09-05T08:15:26+07:00" level=info msg="device is activated:true"
time="2026-09-05T08:15:26+07:00" level=info msg="send flush request"
time="2026-09-05T08:15:41+07:00" level=info msg="get cloud config"
"ok"
[08:16:01] 000081...: RUN: c:\TIKTOOL PRO V4\ios.exe lang --setlocale=ja_JP --setlang=ja --udid=00008101-001869181AC1001E --nojson
[08:16:01] 000081...: time="2026-09-05T08:15:23+07:00" level=warning msg="go-ios agent is not running. You might need to start it with 'ios tunnel start' for ios17+. Use ENABLE_GO_IOS_AGENT=user for userspace tunnel or ENABLE_GO_IOS_AGENT=kernel for kernel tunnel for the experimental daemon mode."
time="2026-09-05T08:15:23+07:00" level=warning msg="failed to get tunnel info" udid=00008101-001434DE2683001E
time="2026-09-05T08:15:23+07:00" level=info msg="device is activated:true"
time="2026-09-05T08:15:23+07:00" level=info msg="send flush request"
time="2026-09-05T08:15:43+07:00" level=info msg="get cloud config"
"ok"
[08:16:01] 000081...: RUN: c:\TIKTOOL PRO V4\ios.exe lang --setlocale=ja_JP --setlang=ja --udid=00008101-001434DE2683001E --nojson
[08:16:03] 000081...: time="2026-09-05T08:15:25+07:00" level=warning msg="go-ios agent is not running. You might need to start it with 'ios tunnel start' for ios17+. Use ENABLE_GO_IOS_AGENT=user for userspace tunnel or ENABLE_GO_IOS_AGENT=kernel for kernel tunnel for the experimental daemon mode."
time="2026-09-05T08:15:25+07:00" level=warning msg="failed to get tunnel info" udid=00008101-00024DEE0C45001E
time="2026-09-05T08:15:25+07:00" level=info msg="device is activated:true"
time="2026-09-05T08:15:25+07:00" level=info msg="send flush request"
time="2026-09-05T08:15:47+07:00" level=info msg="get cloud config"
"ok"
[08:16:03] 000081...: RUN: c:\TIKTOOL PRO V4\ios.exe lang --setlocale=ja_JP --setlang=ja --udid=00008101-00024DEE0C45001E --nojson
[08:16:06] 000081...: ⚡ Lệnh đổi ngôn ngữ đã gửi (SpringBoard đang cập nhật, timeout 20s là bình thường).
[08:16:06] 000081...: Batch Activate hoàn tất thành công.
[08:16:07] 000081...: {"Language":"ja","Locale":"ja_JP","SupportedLocales":["sv_AX","en_CN","ro_RO","en_VG","es_VC","fr_MA","en_AL","es_TT","ar_SS","fr_VU","en_GS","fr_CI","en_BW","en_JM","es_BS","en_BD","en_MG","en_PT","ar_LB","fr_GN","ru_UA","en_HK","en_CO","en_KE","en_NR","fr_MU","en_FI","nl_BQ","en_WS","en_DG","ar_SA","en_RW","en_ZM","en_BE","en_ER","bn_BD","en_MH","nl_NL","pt_AO","el_CY","en_KY","es_CL","en_VI","en_FJ","es_VE","fr_MC","en_TZ","en_ID","es_TC","zh_TW","en_GU","es_GQ","en_GB","ko_CN","mr_IN","es_MX","en_ES","es_BB","es_PR","fr_GP","pt_GW","fi_FI","en_FK","en_NA","zh_CN","en_IE","en_LR","en_TH","ca_IT","ar_KM","en_BZ","de_CH","da_GL","te_IN","en_US","en_BG","ar_QA","en_PW","ar_TN","en_JP","fr_GQ","de_LI","cs_CZ","hu_HU","zh_HK","en_NU","es_VG","ta_IN","ar_EG","ro_MD","en_LS","fr_CM","ar_SD","en_GD","ar_IL","ar_LY","en_UA","fr_TD","pt_LU","es_PA","ta_SG","en_KI","es_CO","en_FM","fr_MF","ar_EH","tr_CY","en_LT","es_IC","en_DK","pt_ST","es_GT","fr_YT","en_GE","ms_BN","en_BI","he_IL","pt_TL","en_SS","es_KY","kk_KZ","en_CA","es_VI","zh-Hant_JP","ar_MR","fr_MG","hr_HR","en_AR","ar_SY","fr_SN","en_TK","en_GY","pt_CV","fr_DZ","es_ES","ar_AE","en_MM","en_001","zh-Hant_MY","ca_ES","fr_RW","en_PG","fr_GA","en_SA","fr_BE","hi_IN","en_AS","pt_MO","en_LV","ta_LK","en_DM","en_LC","en_GG","es_BZ","tr_TR","it_CH","zh-Hans_MO","en_150","es_US","fr_TG","it_VA","en_EE","en_PH","es_HN","sv_FI","en_CV","ms_SG","en_SB","fr_RE","es_CR","fr_BF","es_EA","en_CC","en_NF","en_AT","ar_MA","nl_BE","en_GH","th_TH","en_ZA","pt_FR","es_GD","en_MO","de_IT","es_003","es_PE","de_DE","en_SC","en_NZ","en_NG","en_AU","el_GR","en_GI","ar_001","en_BM","ar_IQ","en_MP","es_PY","fr_DJ","es_EC","vi_VN","en_US_POSIX","en_CX","en_KN","en_SD","en_FR","es_CA","kn_IN","en_IL","es_AR","en_TO","zh-Hans_HK","es_GY","bg_BG","fr_NC","en_BN","ta_MY","en_UG","en_HU","uk_UA","en_SX","en_PK","en_CY","es_CU","sk_SK","en_SE","fr_BI","fr_ML","de_BE","en_IM","fr_PF","es_DM","es_LC","en_ZW","fr_CA","pl_PL","zh-Hans_JP","pt_CH","en_JE","nl_SR","fr_LU","ja_JP","en_PL","zh_MO","en_CZ","fr_GF","es_PH","fr_BJ","en_IN","zh-Hans_MY","en_AE","fr_NE","en_RO","en_MS","es_419","it_IT","ar_TD","en_SZ","fr_WF","ru_MD","ml_IN","en_SG","es_CW","en_CH","es_SV","pt_BR","en_IO","bn_IN","ar_PS","en_TR","ar_KW","es_DO","en_GM","it_SM","ms_MY","sl_SI","es_UY","en_MT","es_BM","en_PN","es_HT","en_KR","en_SH","en_VU","es_KN","fr_BL","en_NL","ca_FR","en_AG","fr_KM","fr_SC","fr_CD","ko_KP","or_IN","nb_SJ","zh-Hant_CN","en_BR","ru_RU","en_MU","ar_DZ","fr_TN","en_SI","hr_BA","es_NI","ar_ER","en_VC","fr_HT","en_TT","ar_SO","ca_AD","fr_FR","da_DK","en_BS","nl_CW","es_BO","nb_NO","en_MV","de_LU","en_CK","ar_JO","pt_GQ","fr_MQ","zh_SG","ms_ID","en_AI","fr_CF","ko_KR","en_MW","en_UM","en_SK","en_CL","en_NO","fr_MR","en_TV","fr_SY","en_TC","fr_CG","nl_SX","en_MX","ar_YE","ru_BY","sv_SE","en_BB","de_AT","en_PR","ar_DJ","lt_LT","nl_AW","ar_OM","en_SL","en_CM","ru_KZ","es_BQ","ar_BH","ru_KG","en_IT","id_ID","pt_MZ","fr_PM","en_TW","es_AG","pt_PT","en_DE","fr_CH","en_GR","en_RU","gu_IN","en_MY","es_BR"],"SupportedLanguages":["ur","lt","ja","id","mr","ms","hi","es-419","es","pl","ca","ta","fr","en-IN","or","fr-CA","da","bg","te","kk-Cyrl","pt-BR","zh-Hant-HK","hr","gu","de","th","sk","ro","sl","nb","kk","en-GB","hu","zh-HK","bn","ar","it","kn","ko","uk","pa","ru","vi","zh-Hans","zh-Hant","en-AU","ml","pt-PT","tr","fi","en-US","el","cs","sv","nl","he","en","es-US"]}
[08:16:07] 000081...: Batch Activate hoàn tất thành công.
[08:16:10] 000081...: ⚡ Lệnh đổi ngôn ngữ đã gửi (SpringBoard đang cập nhật, timeout 20s là bình thường).
[08:16:10] 000081...: Batch Activate hoàn tất thành công.
[08:16:12] 000081...: ⚡ Lệnh đổi ngôn ngữ đã gửi (SpringBoard đang cập nhật, timeout 20s là bình thường).
[08:16:12] 000081...: Batch Activate hoàn tất thành công.
[08:16:13] 000081...: ⚡ Lệnh đổi ngôn ngữ đã gửi (SpringBoard đang cập nhật, timeout 20s là bình thường).
[08:16:13] 000081...: Batch Activate hoàn tất thành công.
[08:16:14] 000081...: ⚡ Lệnh đổi ngôn ngữ đã gửi (SpringBoard đang cập nhật, timeout 20s là bình thường).
[08:16:14] 000081...: Batch Activate hoàn tất thành công.
[08:16:14] 000081...: ⚡ Lệnh đổi ngôn ngữ đã gửi (SpringBoard đang cập nhật, timeout 20s là bình thường).
[08:16:14] 000081...: Batch Activate hoàn tất thành công.
[08:16:21] 000081...: ⚡ Lệnh đổi ngôn ngữ đã gửi (SpringBoard đang cập nhật, timeout 20s là bình thường).
[08:16:21] 000081...: Batch Activate hoàn tất thành công.
[08:16:21] 000081...: ⚡ Lệnh đổi ngôn ngữ đã gửi (SpringBoard đang cập nhật, timeout 20s là bình thường).
[08:16:21] 000081...: Batch Activate hoàn tất thành công.
[08:16:23] 000081...: ⚡ Lệnh đổi ngôn ngữ đã gửi (SpringBoard đang cập nhật, timeout 20s là bình thường).
[08:16:23] 000081...: Batch Activate hoàn tất thành công.
[08:16:49] 000081...: Đã ngắt kết nối.
[08:16:49] 000081...: Đã ngắt kết nối.
[08:16:50] 000081...: Đã ngắt kết nối.
[08:16:50] 000081...: Đã ngắt kết nối.
[08:16:51] 000081...: Đã ngắt kết nối.
[08:16:51] 000081...: Đã ngắt kết nối.
[08:16:53] 000081...: Đã ngắt kết nối.
[08:16:53] 000081...: Đã ngắt kết nối.
[08:16:54] 000081...: Đã ngắt kết nối.
[08:16:54] 000081...: Đã ngắt kết nối.
[08:17:50] 000081...: Kết nối: iPhone • iOS 26.6.1
[08:17:52] 000081...: Kết nối: iPhone • iOS 26.6.1
[08:17:54] 000081...: Kết nối: iPhone • iOS 26.6.1
[08:17:55] 000081...: Kết nối: iPhone • iOS 26.6.1
[08:17:56] 000081...: Kết nối: iPhone • iOS 26.6.1
[08:17:57] 000081...: Kết nối: iPhone • iOS 26.6.1
[08:17:59] 000081...: Kết nối: iPhone • iOS 26.6.1
[08:18:01] 000081...: Kết nối: iPhone • iOS 26.6.1
[08:18:02] 000081...: Kết nối: iPhone • iOS 26.6.1
[08:18:45] 000081...: Kết nối: iPhone • iOS 26.6.1
