[08:19:25] SYSTEM...: Đã load cấu hình từ settings.json thành công.
[08:19:25] SYSTEM...: Bản quyền TikTok Pro đã được kích hoạt thành công.
[08:19:25] 000081...: Kết nối: iPhone • iOS 26.6.1
[08:19:25] 000081...: Kết nối: iPhone • iOS 26.6.1
[08:19:25] 000081...: Kết nối: iPhone • iOS 26.6.1
[08:19:25] 000081...: Kết nối: iPhone • iOS 26.6.1
[08:19:25] 000081...: Kết nối: iPhone • iOS 26.6.1
[08:19:25] 000081...: Kết nối: iPhone • iOS 26.6.1
[08:19:25] 000081...: Kết nối: iPhone • iOS 26.6.1
[08:19:25] 000081...: Kết nối: iPhone • iOS 26.6.1
[08:19:25] 000081...: Kết nối: iPhone • iOS 26.6.1
[08:19:25] 000081...: Kết nối: iPhone • iOS 26.6.1
[08:19:30] SYSTEM...: Restore chuyển kho: A ➜ B | 23 bản backup | 10 máy ghép nối
[08:19:31] 000081...: SUCCESS: Validated pairing with device 00008101-000D08DA1180001E
[08:19:31] 000081...: SUCCESS: Validated pairing with device 00008101-000E41E036E8001E
[08:19:31] 000081...: SUCCESS: Validated pairing with device 00008101-000C0D0C3C86001E
[08:19:31] 000081...: SUCCESS: Validated pairing with device 00008101-0011548002C1001E
[08:19:31] 000081...: SUCCESS: Validated pairing with device 00008101-000B05581468001E
[08:19:32] 000081...: SUCCESS: Validated pairing with device 00008101-000508C23CE0001E
[08:19:32] 000081...: SUCCESS: Validated pairing with device 00008101-000E10A41E78001E
[08:19:32] 000081...: SUCCESS: Validated pairing with device 00008101-000C55A12E91003A
[08:19:32] 000081...: SUCCESS: Validated pairing with device 00008101-00012CE20202001E
[08:19:32] 000081...: SUCCESS: Validated pairing with device 00008101-000101C61E44001E
[08:19:48] 000081...: [=                                                 ]   1% Finished
[08:19:48] 000081...: [=                                                 ]   1% Finished
[08:19:48] 000081...: [=                                                 ]   1% Finished
[08:19:48] 000081...: [=                                                 ]   1% Finished
[08:19:49] 000081...: [=                                                 ]   1% Finished
[08:19:49] 000081...: [=                                                 ]   1% Finished
[08:19:49] 000081...: [=                                                 ]   1% Finished
[08:19:49] 000081...: [=                                                 ]   1% Finished
[08:19:49] 000081...: [=====                                             ]   9% Finished
[08:19:49] 000081...: [====                                              ]   6% Finished
[08:19:49] 000081...: [=                                                 ]   1% Finished
[08:19:50] 000081...: [=                                                 ]   1% Finished
[08:19:50] 000081...: [=                                                 ]   1% Finished
[08:19:50] 000081...: [====                                              ]   6% Finished
[08:19:50] 000081...: [======                                            ]  11% Finished
[08:19:51] 000081...: [====                                              ]   6% Finished
[08:19:51] 000081...: [========                                          ]  15% Finished
[08:19:51] 000081...: [========                                          ]  15% Finished
[08:19:52] 000081...: [===========                                       ]  22% Finished
[08:19:53] 000081...: [====                                              ]   7% Finished
[08:19:53] 000081...: [==========                                        ]  18% Finished
[08:19:53] 000081...: [===================                               ]  36% Finished
[08:19:53] 000081...: [====                                              ]   6% Finished
[08:19:53] 000081...: [======                                            ]  11% Finished
[08:19:53] 000081...: [====                                              ]   6% Finished
[08:19:53] 000081...: [======                                            ]  11% Finished
[08:19:54] 000081...: [======                                            ]  11% Finished
[08:19:54] 000081...: [=====                                             ]  10% Finished
[08:19:54] 000081...: [====                                              ]   6% Finished
[08:19:54] 000081...: [======                                            ]  11% Finished
[08:19:54] 000081...: [====                                              ]   7% Finished
[08:19:54] 000081...: [========                                          ]  16% Finished
[08:19:55] 000081...: [=========                                         ]  18% Finished
[08:19:55] 000081...: [==========                                        ]  18% Finished
[08:19:56] 000081...: [=========                                         ]  18% Finished
[08:19:56] 000081...: [======================                            ]  43% Finished
[08:19:56] 000081...: [=========                                         ]  17% Finished
[08:19:56] 000081...: [========                                          ]  16% Finished
[08:19:58] 000081...: [===================                               ]  37% Finished
[08:19:58] 000081...: [=========                                         ]  17% Finished
[08:19:59] 000081...: [==========                                        ]  20% Finished
[08:19:59] 000081...: [===========                                       ]  21% Finished
[08:20:00] 000081...: [======================                            ]  43% Finished
[08:20:00] 000081...: [============                                      ]  23% Finished
[08:20:00] 000081...: [===================                               ]  38% Finished
[08:20:01] 000081...: [==========================                        ]  50% Finished
[08:20:01] 000081...: [============                                      ]  22% Finished
[08:20:01] 000081...: [===================                               ]  36% Finished
[08:20:02] 000081...: [============================                      ]  55% Finished
[08:20:02] 000081...: [===================                               ]  36% Finished
[08:20:02] 000081...: [======================                            ]  43% Finished
[08:20:02] 000081...: [============                                      ]  23% Finished
[08:20:02] 000081...: [===================                               ]  38% Finished
[08:20:02] 000081...: [==============================                    ]  60% Finished
[08:20:03] 000081...: [===================                               ]  36% Finished
[08:20:03] 000081...: [=====================                             ]  42% Finished
[08:20:03] 000081...: [======================                            ]  43% Finished
[08:20:03] 000081...: [===================                               ]  37% Finished
[08:20:04] 000081...: [===========                                       ]  22% Finished
[08:20:04] 000081...: [==================                                ]  36% Finished
[08:20:04] 000081...: [===================                               ]  38% Finished
[08:20:04] 000081...: [======================                            ]  44% Finished
[08:20:05] 000081...: [=====================                             ]  41% Finished
[08:20:05] 000081...: [==========================                        ]  51% Finished
[08:20:05] 000081...: [======================                            ]  43% Finished
[08:20:05] 000081...: [======================================            ]  75% Finished
[08:20:05] 000081...: [======================                            ]  43% Finished
[08:20:05] 000081...: [=====================                             ]  41% Finished
[08:20:05] 000081...: [=============================                     ]  56% Finished
[08:20:06] 000081...: [===============================                   ]  61% Finished
[08:20:06] 000081...: [==========================================        ]  83% Finished
[08:20:06] 000081...: [========================                          ]  48% Finished
[08:20:07] 000081...: [===========================                       ]  53% Finished
[08:20:08] 000081...: [=============================                     ]  58% Finished
[08:20:08] 000081...: [===============================================   ]  94% Finished
[08:20:08] 000081...: [=======================================           ]  76% Finished
[08:20:08] 000081...: [=========================                         ]  49% Finished
[08:20:08] 000081...: [==========================                        ]  50% Finished
[08:20:08] 000081...: [=========================                         ]  49% Finished
[08:20:08] 000081...: [===========================                       ]  54% Finished
[08:20:08] 000081...: [============================                      ]  55% Finished
[08:20:09] 000081...: [========================                          ]  46% Finished
[08:20:09] 000081...: [===========================                       ]  54% Finished
[08:20:09] 000081...: [========================                          ]  48% Finished
[08:20:09] 000081...: [==============================                    ]  59% Finished
[08:20:09] 000081...: [==========================                        ]  51% Finished
[08:20:09] 000081...: [=========================================         ]  81% Finished
[08:20:09] 000081...: [==============================                    ]  60% Finished
[08:20:09] 000081...: [=========================                         ]  48% Finished
[08:20:10] 000081...: [==============================                    ]  59% Finished
[08:20:10] 000081...: [============================                      ]  56% Finished
[08:20:10] 000081...: [===========================                       ]  53% Finished
[08:20:10] 000081...: [======================================            ]  76% Finished
[08:20:11] 000081...: [===========================                       ]  53% Finished
[08:20:11] 000081...: [=============================                     ]  58% Finished
[08:20:11] 000081...: [=========================                         ]  49% Finished
[08:20:11] 000081...: [==============================                    ]  58% Finished
[08:20:11] 000081...: [===========================                       ]  54% Finished
[08:20:12] 000081...: [===============================================   ]  93% Finished
[08:20:12] 000081...: [==============================                    ]  59% Finished
[08:20:12] 000081...: [=========================================         ]  81% Finished
[08:20:12] 000081...: [======================================            ]  75% Finished
[08:20:13] 000081...: [================================================= ]  98% Finished
[08:20:13] 000081...: [======================================            ]  75% Finished
[08:20:14] 000081...: [=======================================           ]  76% Finished
[08:20:14] 000081...: [==========================================        ]  83% Finished
[08:20:15] 000081...: [===============================================   ]  93% Finished
[08:20:16] 000081...: [=====================================             ]  74% Finished
[08:20:16] 000081...: [=======================================           ]  77% Finished
[08:20:16] 000081...: [=======================================           ]  77% Finished
[08:20:16] 000081...: [=========================================         ]  81% Finished
[08:20:16] 000081...: [=====================================             ]  74% Finished
[08:20:17] 000081...: [===============================================   ]  94% Finished
[08:20:17] 000081...: [==========================================        ]  83% Finished
[08:20:18] 000081...: [===========================================       ]  85% Finished
[08:20:18] 000081...: [========================================          ]  80% Finished
[08:20:18] 000081...: [===========================================       ]  85% Finished
[08:20:18] 000081...: [=========================================         ]  81% Finished
[08:20:18] 000081...: [===============================================   ]  94% Finished
[08:20:19] 000081...: [================================================  ]  94% Finished
[08:20:19] 000081...: [==========================================        ]  83% Finished
[08:20:20] 000081...: [================================================  ]  94% Finished
[08:20:20] 000081...: [===============================================   ]  94% Finished
[08:20:20] 000081...: [===============================================   ]  93% Finished
[08:20:21] 000081...: [===============================================   ]  94% Finished
[08:20:21] 000081...: [==================================================] 100% Finished
[08:20:21] 000081...: [==================================================] 100% Finished
[08:20:21] 000081...: [==================================================] 100% Finished
[08:20:21] 000081...: Restore Successful.
[08:20:21] 000081...: Khôi phục dữ liệu Restore hoàn tất thành công.
[08:20:21] 000081...: Đã chuyển kho thành công: A ➔ Kho đối diện:
126_iPhone_nguynynkhanh885
[08:20:21] 000081...: ✓ Đã chuyển iPhone thứ 1 qua Kho đối diện thành công!
[08:20:21] 000081...: ⚡ Auto Activate sau Restore: đang chờ thiết bị reboot...
[08:20:21] 000081...: ⏳ Restore hoàn tất. Bắt đầu đếm ngược (100s) cho iPhone khởi động hoàn toàn...
[08:20:27] 000081...: [==================================================] 100% Finished
[08:20:27] 000081...: [==================================================] 100% Finished
[08:20:27] 000081...: Restore Successful.
[08:20:27] 000081...: Khôi phục dữ liệu Restore hoàn tất thành công.
[08:20:27] 000081...: Đã chuyển kho thành công: A ➔ Kho đối diện:
130_iPhone_quangthanhnh008
[08:20:27] 000081...: ✓ Đã chuyển iPhone thứ 2 qua Kho đối diện thành công!
[08:20:27] 000081...: ⚡ Auto Activate sau Restore: đang chờ thiết bị reboot...
[08:20:27] 000081...: ⏳ Restore hoàn tất. Bắt đầu đếm ngược (100s) cho iPhone khởi động hoàn toàn...
[08:20:29] 000081...: [==================================================]  98% Finished
[08:20:29] 000081...: [==================================================] 100% Finished
[08:20:29] 000081...: [==================================================] 100% Finished
[08:20:29] 000081...: Restore Successful.
[08:20:29] 000081...: Khôi phục dữ liệu Restore hoàn tất thành công.
[08:20:29] 000081...: Đã chuyển kho thành công: A ➔ Kho đối diện:
134_iPhone_utthugiang8556
[08:20:29] 000081...: ✓ Đã chuyển iPhone thứ 3 qua Kho đối diện thành công!
[08:20:29] 000081...: ⚡ Auto Activate sau Restore: đang chờ thiết bị reboot...
[08:20:29] 000081...: ⏳ Restore hoàn tất. Bắt đầu đếm ngược (100s) cho iPhone khởi động hoàn toàn...
[08:20:31] 000081...: [==================================================] 100% Finished
[08:20:31] 000081...: [==================================================] 100% Finished
[08:20:31] 000081...: Restore Successful.
[08:20:31] 000081...: Khôi phục dữ liệu Restore hoàn tất thành công.
[08:20:31] 000081...: Đã chuyển kho thành công: A ➔ Kho đối diện:
133_iPhone_trnthminhthy218
[08:20:31] 000081...: ✓ Đã chuyển iPhone thứ 4 qua Kho đối diện thành công!
[08:20:31] 000081...: ⚡ Auto Activate sau Restore: đang chờ thiết bị reboot...
[08:20:31] 000081...: ⏳ Restore hoàn tất. Bắt đầu đếm ngược (100s) cho iPhone khởi động hoàn toàn...
[08:20:31] 000081...: Đã ngắt kết nối.
[08:20:33] 000081...: [==================================================] 100% Finished
[08:20:33] 000081...: Restore Successful.
[08:20:33] 000081...: Khôi phục dữ liệu Restore hoàn tất thành công.
[08:20:33] 000081...: Đã chuyển kho thành công: A ➔ Kho đối diện:
131_iPhone_nguynminhkhu320
[08:20:33] 000081...: ✓ Đã chuyển iPhone thứ 5 qua Kho đối diện thành công!
[08:20:33] 000081...: ⚡ Auto Activate sau Restore: đang chờ thiết bị reboot...
[08:20:33] 000081...: ⏳ Restore hoàn tất. Bắt đầu đếm ngược (100s) cho iPhone khởi động hoàn toàn...
[08:20:33] 000081...: [==================================================]  99% Finished
[08:20:33] 000081...: [==================================================] 100% Finished
[08:20:33] 000081...: Restore Successful.
[08:20:33] 000081...: Khôi phục dữ liệu Restore hoàn tất thành công.
[08:20:33] 000081...: Đã chuyển kho thành công: A ➔ Kho đối diện:
128_iPhone_vly1v5
[08:20:33] 000081...: ✓ Đã chuyển iPhone thứ 6 qua Kho đối diện thành công!
[08:20:33] 000081...: ⚡ Auto Activate sau Restore: đang chờ thiết bị reboot...
[08:20:33] 000081...: ⏳ Restore hoàn tất. Bắt đầu đếm ngược (100s) cho iPhone khởi động hoàn toàn...
[08:20:34] 000081...: [==================================================]  99% Finished
[08:20:34] 000081...: [==================================================] 100% Finished
[08:20:34] 000081...: Restore Successful.
[08:20:34] 000081...: Khôi phục dữ liệu Restore hoàn tất thành công.
[08:20:34] 000081...: Đã chuyển kho thành công: A ➔ Kho đối diện:
132_iPhone_ttmho149
[08:20:34] 000081...: ✓ Đã chuyển iPhone thứ 7 qua Kho đối diện thành công!
[08:20:34] 000081...: ⚡ Auto Activate sau Restore: đang chờ thiết bị reboot...
[08:20:34] 000081...: ⏳ Restore hoàn tất. Bắt đầu đếm ngược (100s) cho iPhone khởi động hoàn toàn...
[08:20:34] 000081...: [==================================================] 100% Finished
[08:20:34] 000081...: [==================================================] 100% Finished
[08:20:34] 000081...: Restore Successful.
[08:20:34] 000081...: Khôi phục dữ liệu Restore hoàn tất thành công.
[08:20:34] 000081...: Đã chuyển kho thành công: A ➔ Kho đối diện:
146_iPhone_maibchchiu211
[08:20:34] 000081...: ✓ Đã chuyển iPhone thứ 8 qua Kho đối diện thành công!
[08:20:34] 000081...: ⚡ Auto Activate sau Restore: đang chờ thiết bị reboot...
[08:20:34] 000081...: ⏳ Restore hoàn tất. Bắt đầu đếm ngược (100s) cho iPhone khởi động hoàn toàn...
[08:20:34] 000081...: [==================================================] 100% Finished
[08:20:34] 000081...: Restore Successful.
[08:20:34] 000081...: Khôi phục dữ liệu Restore hoàn tất thành công.
[08:20:34] 000081...: Đã chuyển kho thành công: A ➔ Kho đối diện:
135_iPhone_hthanhphng6803
[08:20:34] 000081...: ✓ Đã chuyển iPhone thứ 8 qua Kho đối diện thành công!
[08:20:34] 000081...: ⚡ Auto Activate sau Restore: đang chờ thiết bị reboot...
[08:20:34] 000081...: ⏳ Restore hoàn tất. Bắt đầu đếm ngược (100s) cho iPhone khởi động hoàn toàn...
[08:20:34] 000081...: [==================================================] 100% Finished
[08:20:34] 000081...: Restore Successful.
[08:20:34] 000081...: Khôi phục dữ liệu Restore hoàn tất thành công.
[08:20:34] 000081...: Đã chuyển kho thành công: A ➔ Kho đối diện:
129_iPhone_hunhkitoanh699
[08:20:34] 000081...: ✓ Đã chuyển iPhone thứ 10 qua Kho đối diện thành công!
[08:20:34] 000081...: ⚡ Auto Activate sau Restore: đang chờ thiết bị reboot...
[08:20:34] 000081...: ⏳ Restore hoàn tất. Bắt đầu đếm ngược (100s) cho iPhone khởi động hoàn toàn...
[08:20:37] 000081...: Đã ngắt kết nối.
[08:20:38] 000081...: Đã ngắt kết nối.
[08:20:40] 000081...: Đã ngắt kết nối.
[08:20:41] 000081...: ⏳ Đang chờ iPhone khởi động lại: còn 80s...
[08:20:42] 000081...: Đã ngắt kết nối.
[08:20:43] 000081...: Đã ngắt kết nối.
[08:20:44] 000081...: Đã ngắt kết nối.
[08:20:44] 000081...: Đã ngắt kết nối.
[08:20:44] 000081...: Đã ngắt kết nối.
[08:20:44] 000081...: Đã ngắt kết nối.
[08:20:47] 000081...: ⏳ Đang chờ iPhone khởi động lại: còn 80s...
[08:20:49] 000081...: ⏳ Đang chờ iPhone khởi động lại: còn 80s...
[08:20:51] 000081...: ⏳ Đang chờ iPhone khởi động lại: còn 80s...
[08:20:51] 000081...: Kết nối: iPhone • iOS 26.6.1
[08:20:53] 000081...: ⏳ Đang chờ iPhone khởi động lại: còn 80s...
[08:20:53] 000081...: ⏳ Đang chờ iPhone khởi động lại: còn 80s...
[08:20:54] 000081...: ⏳ Đang chờ iPhone khởi động lại: còn 80s...
[08:20:54] 000081...: ⏳ Đang chờ iPhone khởi động lại: còn 80s...
[08:20:54] 000081...: ⏳ Đang chờ iPhone khởi động lại: còn 80s...
[08:20:54] 000081...: ⏳ Đang chờ iPhone khởi động lại: còn 80s...
[08:21:00] 000081...: Kết nối: iPhone (Not Trust) • iOS ?
[08:21:01] 000081...: ⏳ Đang chờ iPhone khởi động lại: còn 60s...
[08:21:01] 000081...: Kết nối: iPhone (Not Trust) • iOS ?
[08:21:01] 000081...: Đã xác nhận Trust: iPhone • iOS 26.6.1
[08:21:02] 000081...: Kết nối: iPhone • iOS 26.6.1
[08:21:02] 000081...: Đã xác nhận Trust: iPhone • iOS 26.6.1
[08:21:04] 000081...: Kết nối: iPhone • iOS 26.6.1
[08:21:05] 000081...: Kết nối: iPhone • iOS 26.6.1
[08:21:05] 000081...: Kết nối: iPhone • iOS 26.6.1
[08:21:06] 000081...: Kết nối: iPhone • iOS 26.6.1
[08:21:07] 000081...: ⏳ Đang chờ iPhone khởi động lại: còn 60s...
[08:21:09] 000081...: ⏳ Đang chờ iPhone khởi động lại: còn 60s...
[08:21:11] 000081...: ⏳ Đang chờ iPhone khởi động lại: còn 60s...
[08:21:11] 000081...: Kết nối: iPhone • iOS 26.6.1
[08:21:13] 000081...: ⏳ Đang chờ iPhone khởi động lại: còn 60s...
[08:21:13] 000081...: ⏳ Đang chờ iPhone khởi động lại: còn 60s...
[08:21:14] 000081...: ⏳ Đang chờ iPhone khởi động lại: còn 60s...
[08:21:14] 000081...: ⏳ Đang chờ iPhone khởi động lại: còn 60s...
[08:21:14] 000081...: ⏳ Đang chờ iPhone khởi động lại: còn 60s...
[08:21:14] 000081...: ⏳ Đang chờ iPhone khởi động lại: còn 60s...
[08:21:16] 000081...: Kết nối: iPhone (Not Trust) • iOS ?
[08:21:19] 000081...: Đã xác nhận Trust: iPhone • iOS 26.6.1
[08:21:21] 000081...: ⏳ Đang chờ iPhone khởi động lại: còn 40s...
[08:21:27] 000081...: ⏳ Đang chờ iPhone khởi động lại: còn 40s...
[08:21:29] 000081...: ⏳ Đang chờ iPhone khởi động lại: còn 40s...
[08:21:31] 000081...: ⏳ Đang chờ iPhone khởi động lại: còn 40s...
[08:21:33] 000081...: ⏳ Đang chờ iPhone khởi động lại: còn 40s...
[08:21:33] 000081...: ⏳ Đang chờ iPhone khởi động lại: còn 40s...
[08:21:34] 000081...: ⏳ Đang chờ iPhone khởi động lại: còn 40s...
[08:21:34] 000081...: ⏳ Đang chờ iPhone khởi động lại: còn 40s...
[08:21:34] 000081...: ⏳ Đang chờ iPhone khởi động lại: còn 40s...
[08:21:34] 000081...: ⏳ Đang chờ iPhone khởi động lại: còn 40s...
[08:21:41] 000081...: ⏳ Đang chờ iPhone khởi động lại: còn 20s...
[08:21:47] 000081...: ⏳ Đang chờ iPhone khởi động lại: còn 20s...
[08:21:49] 000081...: ⏳ Đang chờ iPhone khởi động lại: còn 20s...
[08:21:51] 000081...: ⏳ Đang chờ iPhone khởi động lại: còn 20s...
[08:21:53] 000081...: ⏳ Đang chờ iPhone khởi động lại: còn 20s...
[08:21:53] 000081...: ⏳ Đang chờ iPhone khởi động lại: còn 20s...
[08:21:54] 000081...: ⏳ Đang chờ iPhone khởi động lại: còn 20s...
[08:21:54] 000081...: ⏳ Đang chờ iPhone khởi động lại: còn 20s...
[08:21:54] 000081...: ⏳ Đang chờ iPhone khởi động lại: còn 20s...
[08:21:54] 000081...: ⏳ Đang chờ iPhone khởi động lại: còn 20s...
[08:22:01] 000081...: ⌛ Đã hết 100 giây chờ! Đang kiểm tra kết nối thiết bị...
[08:22:04] 000081...: ✅ iPhone đã khởi động xong & kết nối ổn định ➔ Bắt đầu Batch Activate...
[08:22:04] 000081...: RUN: c:\TIKTOOL PRO V4\ideviceactivation.exe activate -u 00008101-000D08DA1180001E -b
[08:22:07] 000081...: ⌛ Đã hết 100 giây chờ! Đang kiểm tra kết nối thiết bị...
[08:22:09] 000081...: ⌛ Đã hết 100 giây chờ! Đang kiểm tra kết nối thiết bị...
[08:22:09] 000081...: NOTE: This device appears to be already activated. The server might report an error 'Device Unknown' instead of acknowledging the activation.
Activation server reports that device is already activated.
[08:22:09] 000081...: RUN: c:\TIKTOOL PRO V4\ios.exe prepare --skip-all --udid=00008101-000D08DA1180001E --nojson
[08:22:10] 000081...: ✅ iPhone đã khởi động xong & kết nối ổn định ➔ Bắt đầu Batch Activate...
[08:22:10] 000081...: RUN: c:\TIKTOOL PRO V4\ideviceactivation.exe activate -u 00008101-0011548002C1001E -b
[08:22:11] 000081...: ⌛ Đã hết 100 giây chờ! Đang kiểm tra kết nối thiết bị...
[08:22:12] 000081...: ✅ iPhone đã khởi động xong & kết nối ổn định ➔ Bắt đầu Batch Activate...
[08:22:12] 000081...: RUN: c:\TIKTOOL PRO V4\ideviceactivation.exe activate -u 00008101-000C55A12E91003A -b
[08:22:13] 000081...: ⌛ Đã hết 100 giây chờ! Đang kiểm tra kết nối thiết bị...
[08:22:13] 000081...: ⌛ Đã hết 100 giây chờ! Đang kiểm tra kết nối thiết bị...
[08:22:14] 000081...: ⌛ Đã hết 100 giây chờ! Đang kiểm tra kết nối thiết bị...
[08:22:14] 000081...: ✅ iPhone đã khởi động xong & kết nối ổn định ➔ Bắt đầu Batch Activate...
[08:22:14] 000081...: RUN: c:\TIKTOOL PRO V4\ideviceactivation.exe activate -u 00008101-000E10A41E78001E -b
[08:22:14] 000081...: ⌛ Đã hết 100 giây chờ! Đang kiểm tra kết nối thiết bị...
[08:22:14] 000081...: ⌛ Đã hết 100 giây chờ! Đang kiểm tra kết nối thiết bị...
[08:22:14] 000081...: ⌛ Đã hết 100 giây chờ! Đang kiểm tra kết nối thiết bị...
[08:22:16] 000081...: ✅ iPhone đã khởi động xong & kết nối ổn định ➔ Bắt đầu Batch Activate...
[08:22:16] 000081...: RUN: c:\TIKTOOL PRO V4\ideviceactivation.exe activate -u 00008101-000B05581468001E -b
[08:22:16] 000081...: ✅ iPhone đã khởi động xong & kết nối ổn định ➔ Bắt đầu Batch Activate...
[08:22:16] 000081...: RUN: c:\TIKTOOL PRO V4\ideviceactivation.exe activate -u 00008101-000E41E036E8001E -b
[08:22:17] 000081...: ✅ iPhone đã khởi động xong & kết nối ổn định ➔ Bắt đầu Batch Activate...
[08:22:17] 000081...: RUN: c:\TIKTOOL PRO V4\ideviceactivation.exe activate -u 00008101-000508C23CE0001E -b
[08:22:17] 000081...: ✅ iPhone đã khởi động xong & kết nối ổn định ➔ Bắt đầu Batch Activate...
[08:22:17] 000081...: RUN: c:\TIKTOOL PRO V4\ideviceactivation.exe activate -u 00008101-00012CE20202001E -b
[08:22:17] 000081...: NOTE: This device appears to be already activated. The server might report an error 'Device Unknown' instead of acknowledging the activation.
Activation server reports that device is already activated.
[08:22:17] 000081...: RUN: c:\TIKTOOL PRO V4\ios.exe prepare --skip-all --udid=00008101-0011548002C1001E --nojson
[08:22:17] 000081...: ✅ iPhone đã khởi động xong & kết nối ổn định ➔ Bắt đầu Batch Activate...
[08:22:17] 000081...: RUN: c:\TIKTOOL PRO V4\ideviceactivation.exe activate -u 00008101-000101C61E44001E -b
[08:22:17] 000081...: ✅ iPhone đã khởi động xong & kết nối ổn định ➔ Bắt đầu Batch Activate...
[08:22:17] 000081...: RUN: c:\TIKTOOL PRO V4\ideviceactivation.exe activate -u 00008101-000C0D0C3C86001E -b
[08:22:19] 000081...: NOTE: This device appears to be already activated. The server might report an error 'Device Unknown' instead of acknowledging the activation.
Activation server reports that device is already activated.
[08:22:19] 000081...: RUN: c:\TIKTOOL PRO V4\ios.exe prepare --skip-all --udid=00008101-000C55A12E91003A --nojson
[08:22:20] 000081...: NOTE: This device appears to be already activated. The server might report an error 'Device Unknown' instead of acknowledging the activation.
Activation server reports that device is already activated.
[08:22:20] 000081...: RUN: c:\TIKTOOL PRO V4\ios.exe prepare --skip-all --udid=00008101-000E10A41E78001E --nojson
[08:22:22] 000081...: NOTE: This device appears to be already activated. The server might report an error 'Device Unknown' instead of acknowledging the activation.
Activation server reports that device is already activated.
[08:22:22] 000081...: RUN: c:\TIKTOOL PRO V4\ios.exe prepare --skip-all --udid=00008101-00012CE20202001E --nojson
[08:22:23] 000081...: NOTE: This device appears to be already activated. The server might report an error 'Device Unknown' instead of acknowledging the activation.
Activation server reports that device is already activated.
[08:22:23] 000081...: RUN: c:\TIKTOOL PRO V4\ios.exe prepare --skip-all --udid=00008101-000508C23CE0001E --nojson
[08:22:23] 000081...: NOTE: This device appears to be already activated. The server might report an error 'Device Unknown' instead of acknowledging the activation.
Activation server reports that device is already activated.
[08:22:23] 000081...: RUN: c:\TIKTOOL PRO V4\ios.exe prepare --skip-all --udid=00008101-000E41E036E8001E --nojson
[08:22:23] 000081...: NOTE: This device appears to be already activated. The server might report an error 'Device Unknown' instead of acknowledging the activation.
Activation server reports that device is already activated.
[08:22:23] 000081...: RUN: c:\TIKTOOL PRO V4\ios.exe prepare --skip-all --udid=00008101-000C0D0C3C86001E --nojson
[08:22:24] 000081...: NOTE: This device appears to be already activated. The server might report an error 'Device Unknown' instead of acknowledging the activation.
Activation server reports that device is already activated.
[08:22:24] 000081...: RUN: c:\TIKTOOL PRO V4\ios.exe prepare --skip-all --udid=00008101-000101C61E44001E --nojson
[08:22:25] 000081...: time="2026-09-05T08:22:09+07:00" level=warning msg="go-ios agent is not running. You might need to start it with 'ios tunnel start' for ios17+. Use ENABLE_GO_IOS_AGENT=user for userspace tunnel or ENABLE_GO_IOS_AGENT=kernel for kernel tunnel for the experimental daemon mode."
time="2026-09-05T08:22:09+07:00" level=warning msg="failed to get tunnel info" udid=00008101-000D08DA1180001E
time="2026-09-05T08:22:09+07:00" level=info msg="device is activated:true"
time="2026-09-05T08:22:10+07:00" level=info msg="send flush request"
time="2026-09-05T08:22:12+07:00" level=info msg="get cloud config"
"ok"
[08:22:25] 000081...: RUN: c:\TIKTOOL PRO V4\ios.exe lang --setlocale=ja_JP --setlang=ja --udid=00008101-000D08DA1180001E --nojson
[08:22:25] 000081...: NOTE: This device appears to be already activated. The server might report an error 'Device Unknown' instead of acknowledging the activation.
Activation server reports that device is already activated.
[08:22:25] 000081...: RUN: c:\TIKTOOL PRO V4\ios.exe prepare --skip-all --udid=00008101-000B05581468001E --nojson
[08:22:26] 000081...: time="2026-09-05T08:22:19+07:00" level=warning msg="go-ios agent is not running. You might need to start it with 'ios tunnel start' for ios17+. Use ENABLE_GO_IOS_AGENT=user for userspace tunnel or ENABLE_GO_IOS_AGENT=kernel for kernel tunnel for the experimental daemon mode."
time="2026-09-05T08:22:19+07:00" level=warning msg="failed to get tunnel info" udid=00008101-000C55A12E91003A
time="2026-09-05T08:22:19+07:00" level=info msg="device is activated:true"
time="2026-09-05T08:22:20+07:00" level=info msg="send flush request"
time="2026-09-05T08:22:20+07:00" level=info msg="get cloud config"
"ok"
[08:22:26] 000081...: RUN: c:\TIKTOOL PRO V4\ios.exe lang --setlocale=ja_JP --setlang=ja --udid=00008101-000C55A12E91003A --nojson
[08:22:28] 000081...: time="2026-09-05T08:22:17+07:00" level=warning msg="go-ios agent is not running. You might need to start it with 'ios tunnel start' for ios17+. Use ENABLE_GO_IOS_AGENT=user for userspace tunnel or ENABLE_GO_IOS_AGENT=kernel for kernel tunnel for the experimental daemon mode."
time="2026-09-05T08:22:17+07:00" level=warning msg="failed to get tunnel info" udid=00008101-0011548002C1001E
time="2026-09-05T08:22:17+07:00" level=info msg="device is activated:true"
time="2026-09-05T08:22:17+07:00" level=info msg="send flush request"
time="2026-09-05T08:22:17+07:00" level=info msg="get cloud config"
"ok"
[08:22:28] 000081...: RUN: c:\TIKTOOL PRO V4\ios.exe lang --setlocale=ja_JP --setlang=ja --udid=00008101-0011548002C1001E --nojson
[08:22:30] 000081...: time="2026-09-05T08:22:25+07:00" level=warning msg="go-ios agent is not running. You might need to start it with 'ios tunnel start' for ios17+. Use ENABLE_GO_IOS_AGENT=user for userspace tunnel or ENABLE_GO_IOS_AGENT=kernel for kernel tunnel for the experimental daemon mode."
time="2026-09-05T08:22:25+07:00" level=warning msg="failed to get tunnel info" udid=00008101-000B05581468001E
time="2026-09-05T08:22:25+07:00" level=info msg="device is activated:true"
time="2026-09-05T08:22:25+07:00" level=info msg="send flush request"
time="2026-09-05T08:22:25+07:00" level=info msg="get cloud config"
"ok"
[08:22:30] 000081...: time="2026-09-05T08:22:22+07:00" level=warning msg="go-ios agent is not running. You might need to start it with 'ios tunnel start' for ios17+. Use ENABLE_GO_IOS_AGENT=user for userspace tunnel or ENABLE_GO_IOS_AGENT=kernel for kernel tunnel for the experimental daemon mode."
time="2026-09-05T08:22:22+07:00" level=warning msg="failed to get tunnel info" udid=00008101-00012CE20202001E
time="2026-09-05T08:22:22+07:00" level=info msg="device is activated:true"
time="2026-09-05T08:22:22+07:00" level=info msg="send flush request"
time="2026-09-05T08:22:22+07:00" level=info msg="get cloud config"
"ok"
[08:22:30] 000081...: RUN: c:\TIKTOOL PRO V4\ios.exe lang --setlocale=ja_JP --setlang=ja --udid=00008101-000B05581468001E --nojson
[08:22:30] 000081...: RUN: c:\TIKTOOL PRO V4\ios.exe lang --setlocale=ja_JP --setlang=ja --udid=00008101-00012CE20202001E --nojson
[08:22:30] 000081...: time="2026-09-05T08:22:24+07:00" level=warning msg="go-ios agent is not running. You might need to start it with 'ios tunnel start' for ios17+. Use ENABLE_GO_IOS_AGENT=user for userspace tunnel or ENABLE_GO_IOS_AGENT=kernel for kernel tunnel for the experimental daemon mode."
time="2026-09-05T08:22:24+07:00" level=warning msg="failed to get tunnel info" udid=00008101-000C0D0C3C86001E
time="2026-09-05T08:22:24+07:00" level=info msg="device is activated:true"
time="2026-09-05T08:22:24+07:00" level=info msg="send flush request"
time="2026-09-05T08:22:24+07:00" level=info msg="get cloud config"
"ok"
[08:22:30] 000081...: RUN: c:\TIKTOOL PRO V4\ios.exe lang --setlocale=ja_JP --setlang=ja --udid=00008101-000C0D0C3C86001E --nojson
[08:22:30] 000081...: time="2026-09-05T08:22:21+07:00" level=warning msg="go-ios agent is not running. You might need to start it with 'ios tunnel start' for ios17+. Use ENABLE_GO_IOS_AGENT=user for userspace tunnel or ENABLE_GO_IOS_AGENT=kernel for kernel tunnel for the experimental daemon mode."
time="2026-09-05T08:22:21+07:00" level=warning msg="failed to get tunnel info" udid=00008101-000E10A41E78001E
time="2026-09-05T08:22:21+07:00" level=info msg="device is activated:true"
time="2026-09-05T08:22:21+07:00" level=info msg="send flush request"
time="2026-09-05T08:22:22+07:00" level=info msg="get cloud config"
"ok"
[08:22:30] 000081...: RUN: c:\TIKTOOL PRO V4\ios.exe lang --setlocale=ja_JP --setlang=ja --udid=00008101-000E10A41E78001E --nojson
[08:22:30] 000081...: time="2026-09-05T08:22:23+07:00" level=warning msg="go-ios agent is not running. You might need to start it with 'ios tunnel start' for ios17+. Use ENABLE_GO_IOS_AGENT=user for userspace tunnel or ENABLE_GO_IOS_AGENT=kernel for kernel tunnel for the experimental daemon mode."
time="2026-09-05T08:22:23+07:00" level=warning msg="failed to get tunnel info" udid=00008101-000508C23CE0001E
time="2026-09-05T08:22:23+07:00" level=info msg="device is activated:true"
time="2026-09-05T08:22:23+07:00" level=info msg="send flush request"
time="2026-09-05T08:22:23+07:00" level=info msg="get cloud config"
"ok"
[08:22:30] 000081...: RUN: c:\TIKTOOL PRO V4\ios.exe lang --setlocale=ja_JP --setlang=ja --udid=00008101-000508C23CE0001E --nojson
[08:22:31] 000081...: time="2026-09-05T08:22:23+07:00" level=warning msg="go-ios agent is not running. You might need to start it with 'ios tunnel start' for ios17+. Use ENABLE_GO_IOS_AGENT=user for userspace tunnel or ENABLE_GO_IOS_AGENT=kernel for kernel tunnel for the experimental daemon mode."
time="2026-09-05T08:22:23+07:00" level=warning msg="failed to get tunnel info" udid=00008101-000E41E036E8001E
time="2026-09-05T08:22:24+07:00" level=info msg="device is activated:true"
time="2026-09-05T08:22:24+07:00" level=info msg="send flush request"
time="2026-09-05T08:22:24+07:00" level=info msg="get cloud config"
"ok"
[08:22:31] 000081...: RUN: c:\TIKTOOL PRO V4\ios.exe lang --setlocale=ja_JP --setlang=ja --udid=00008101-000E41E036E8001E --nojson
[08:22:32] 000081...: time="2026-09-05T08:22:24+07:00" level=warning msg="go-ios agent is not running. You might need to start it with 'ios tunnel start' for ios17+. Use ENABLE_GO_IOS_AGENT=user for userspace tunnel or ENABLE_GO_IOS_AGENT=kernel for kernel tunnel for the experimental daemon mode."
time="2026-09-05T08:22:24+07:00" level=warning msg="failed to get tunnel info" udid=00008101-000101C61E44001E
time="2026-09-05T08:22:25+07:00" level=info msg="device is activated:true"
time="2026-09-05T08:22:25+07:00" level=info msg="send flush request"
time="2026-09-05T08:22:25+07:00" level=info msg="get cloud config"
"ok"
[08:22:32] 000081...: RUN: c:\TIKTOOL PRO V4\ios.exe lang --setlocale=ja_JP --setlang=ja --udid=00008101-000101C61E44001E --nojson
[08:22:43] 000081...: {"Language":"ja","Locale":"ja_JP","SupportedLocales":["sv_AX","en_CN","ro_RO","en_VG","es_VC","fr_MA","en_AL","es_TT","ar_SS","fr_VU","fr_CI","en_GS","en_BW","en_JM","es_BS","en_BD","en_MG","en_PT","ar_LB","fr_GN","ru_UA","en_HK","en_CO","en_KE","en_NR","fr_MU","en_FI","nl_BQ","en_WS","en_DG","ar_SA","en_RW","en_ZM","en_BE","en_ER","bn_BD","en_MH","nl_NL","pt_AO","el_CY","en_KY","es_CL","en_VI","en_FJ","es_VE","fr_MC","en_TZ","en_ID","es_TC","zh_TW","en_GU","es_GQ","ko_CN","mr_IN","en_GB","es_MX","en_ES","es_BB","es_PR","fr_GP","pt_GW","fi_FI","en_FK","en_NA","zh_CN","en_IE","en_LR","en_TH","ca_IT","ar_KM","en_BZ","en_JP","da_GL","te_IN","en_US","en_BG","ar_QA","en_PW","ar_TN","de_CH","fr_GQ","de_LI","cs_CZ","hu_HU","zh_HK","en_NU","es_VG","ta_IN","ar_EG","ro_MD","en_LS","fr_CM","ar_SD","en_GD","ar_IL","ar_LY","en_UA","fr_TD","pt_LU","es_PA","ta_SG","en_KI","es_CO","en_FM","fr_MF","tr_CY","ar_EH","en_LT","es_IC","en_DK","pt_ST","es_GT","fr_YT","en_GE","ms_BN","en_BI","he_IL","pt_TL","en_SS","es_KY","kk_KZ","en_CA","es_VI","zh-Hant_JP","fr_MG","ar_MR","hr_HR","en_AR","ar_SY","en_TK","fr_SN","en_GY","pt_CV","en_MM","es_ES","fr_DZ","ar_AE","en_001","ca_ES","en_PG","fr_RW","zh-Hant_MY","fr_GA","en_SA","fr_BE","hi_IN","en_AS","pt_MO","en_LV","ta_LK","en_DM","en_LC","en_GG","tr_TR","es_BZ","it_CH","zh-Hans_MO","en_150","it_VA","es_US","en_EE","fr_TG","en_PH","es_HN","es_EA","ms_SG","en_CV","es_CR","fr_RE","en_CC","en_SB","en_NF","fr_BF","sv_FI","en_AT","ar_MA","nl_BE","en_GH","th_TH","en_ZA","pt_FR","es_GD","en_MO","de_IT","es_003","es_PE","de_DE","en_SC","en_NZ","en_NG","en_AU","el_GR","en_GI","ar_001","en_BM","ar_IQ","en_MP","es_PY","fr_DJ","es_EC","en_US_POSIX","vi_VN","en_CX","en_KN","en_SD","en_FR","es_CA","kn_IN","en_IL","es_AR","en_TO","zh-Hans_HK","es_GY","bg_BG","fr_NC","ta_MY","en_BN","en_UG","en_HU","uk_UA","en_SX","en_PK","en_CY","es_CU","sk_SK","en_SE","fr_BI","fr_ML","de_BE","en_IM","fr_PF","es_DM","es_LC","en_ZW","fr_CA","pl_PL","pt_CH","nl_SR","ja_JP","zh-Hans_JP","fr_LU","en_JE","en_PL","es_PH","en_CZ","fr_GF","zh_MO","fr_BJ","en_IN","zh-Hans_MY","en_AE","fr_NE","en_RO","en_MS","es_419","it_IT","ar_TD","en_SZ","fr_WF","ru_MD","ml_IN","en_SG","es_CW","en_CH","es_SV","pt_BR","en_IO","bn_IN","en_TR","ar_PS","ar_KW","es_DO","en_GM","it_SM","ms_MY","sl_SI","en_MT","es_BM","es_UY","en_PN","es_HT","en_KR","en_SH","en_VU","es_KN","fr_BL","en_NL","ca_FR","en_AG","fr_KM","fr_SC","fr_CD","ko_KP","or_IN","nb_SJ","zh-Hant_CN","en_MU","en_BR","fr_TN","ru_RU","ar_DZ","en_SI","hr_BA","es_NI","en_VC","ar_ER","fr_HT","en_TT","ar_SO","ca_AD","fr_FR","da_DK","en_BS","en_MV","es_BO","nb_NO","nl_CW","de_LU","en_CK","ar_JO","pt_GQ","fr_MQ","zh_SG","ms_ID","en_AI","fr_CF","ko_KR","en_MW","en_UM","en_SK","en_CL","en_NO","fr_MR","en_TV","fr_SY","en_TC","fr_CG","nl_SX","es_BQ","ar_YE","ru_BY","en_BB","de_AT","en_PR","en_MX","ar_DJ","lt_LT","nl_AW","ar_OM","sv_SE","en_CM","ru_KZ","en_SL","ar_BH","ru_KG","en_IT","id_ID","pt_MZ","fr_PM","en_TW","es_AG","pt_PT","en_DE","en_GR","gu_IN","en_RU","fr_CH","en_MY","es_BR"],"SupportedLanguages":["ur","lt","ja","id","mr","ms","hi","es-419","es","pl","ca","ta","fr","en-IN","or","fr-CA","da","bg","te","kk-Cyrl","pt-BR","zh-Hant-HK","hr","gu","de","th","sk","ro","sl","nb","kk","en-GB","hu","zh-HK","bn","ar","it","kn","ko","uk","pa","ru","vi","zh-Hans","zh-Hant","en-AU","ml","pt-PT","tr","fi","en-US","el","cs","sv","nl","he","en","es-US"]}
[08:22:43] 000081...: Batch Activate hoàn tất thành công.
[08:22:45] 000081...: ⚡ Lệnh đổi ngôn ngữ đã gửi (SpringBoard đang cập nhật, timeout 20s là bình thường).
[08:22:45] 000081...: Batch Activate hoàn tất thành công.
[08:22:45] 000081...: {"Language":"ja","Locale":"ja_JP","SupportedLocales":["sv_AX","en_CN","ro_RO","en_VG","es_VC","fr_MA","en_AL","es_TT","ar_SS","fr_VU","fr_CI","en_GS","en_BW","en_JM","es_BS","en_BD","en_MG","en_PT","en_HK","fr_GN","ru_UA","ar_LB","en_CO","en_KE","en_NR","fr_MU","en_FI","nl_BQ","en_WS","en_DG","ar_SA","en_RW","en_ZM","en_BE","el_CY","en_MH","en_ER","nl_NL","pt_AO","bn_BD","en_KY","es_CL","en_VI","en_FJ","es_VE","fr_MC","en_TZ","en_ID","es_TC","zh_TW","en_GU","es_GQ","en_GB","mr_IN","ko_CN","es_MX","en_ES","es_BB","es_PR","fr_GP","pt_GW","fi_FI","en_FK","en_NA","zh_CN","en_IE","en_LR","en_TH","ca_IT","ar_KM","en_BZ","de_CH","da_GL","te_IN","en_US","en_BG","en_JP","ar_TN","ar_QA","en_PW","fr_GQ","de_LI","cs_CZ","en_NU","zh_HK","hu_HU","es_VG","ta_IN","ar_EG","ro_MD","en_LS","fr_CM","ar_SD","en_GD","ar_IL","ar_LY","en_UA","fr_TD","pt_LU","es_PA","ta_SG","en_KI","es_CO","en_FM","fr_MF","ar_EH","tr_CY","en_LT","es_IC","en_DK","pt_ST","es_GT","fr_YT","en_GE","ms_BN","en_BI","he_IL","pt_TL","en_SS","es_KY","kk_KZ","en_CA","es_VI","zh-Hant_JP","ar_MR","fr_MG","hr_HR","en_AR","en_TK","fr_SN","ar_SY","en_GY","pt_CV","en_MM","es_ES","fr_DZ","ar_AE","en_001","en_PG","ca_ES","fr_RW","zh-Hant_MY","fr_GA","en_SA","fr_BE","hi_IN","en_AS","pt_MO","en_LV","ta_LK","en_DM","en_LC","en_GG","tr_TR","es_BZ","it_CH","zh-Hans_MO","en_150","es_US","fr_TG","en_EE","it_VA","en_PH","es_HN","sv_FI","en_CV","ms_SG","en_SB","es_CR","en_CC","fr_BF","en_NF","fr_RE","es_EA","en_AT","ar_MA","nl_BE","en_GH","th_TH","en_ZA","pt_FR","es_GD","en_MO","es_003","de_IT","es_PE","de_DE","en_NZ","en_SC","en_NG","en_AU","el_GR","en_GI","ar_001","en_BM","ar_IQ","en_MP","es_PY","fr_DJ","es_EC","vi_VN","en_US_POSIX","en_CX","en_KN","en_SD","en_FR","es_CA","kn_IN","en_IL","es_AR","en_TO","zh-Hans_HK","es_GY","bg_BG","fr_NC","ta_MY","en_BN","en_UG","en_HU","uk_UA","en_SX","en_PK","en_CY","en_SE","es_CU","sk_SK","fr_BI","fr_ML","de_BE","en_IM","fr_PF","es_DM","es_LC","en_ZW","fr_CA","pl_PL","pt_CH","nl_SR","en_JE","zh-Hans_JP","ja_JP","fr_LU","en_PL","es_PH","en_CZ","zh_MO","fr_GF","fr_BJ","en_IN","zh-Hans_MY","en_AE","fr_NE","en_RO","en_MS","es_419","it_IT","ar_TD","en_SZ","fr_WF","ru_MD","ml_IN","en_SG","es_CW","es_SV","en_CH","pt_BR","en_IO","bn_IN","ar_PS","en_TR","ar_KW","es_DO","en_GM","it_SM","ms_MY","sl_SI","es_UY","es_BM","en_MT","en_PN","es_HT","en_KR","en_SH","en_VU","es_KN","fr_BL","en_NL","ca_FR","en_AG","fr_KM","fr_SC","fr_CD","ko_KP","or_IN","zh-Hant_CN","en_BR","en_MU","nb_SJ","fr_TN","ar_DZ","ru_RU","en_SI","hr_BA","es_NI","en_VC","ar_ER","fr_HT","en_TT","ar_SO","ca_AD","fr_FR","da_DK","en_BS","en_MV","es_BO","nb_NO","nl_CW","de_LU","pt_GQ","ar_JO","en_CK","fr_MQ","zh_SG","ms_ID","en_AI","fr_CF","ko_KR","en_MW","en_UM","en_SK","en_CL","en_NO","fr_MR","en_TV","fr_SY","en_TC","fr_CG","nl_SX","en_MX","ar_YE","en_BB","es_BQ","ru_BY","en_PR","sv_SE","ar_DJ","de_AT","nl_AW","en_SL","lt_LT","en_CM","ru_KZ","ar_OM","ar_BH","ru_KG","en_IT","id_ID","pt_MZ","fr_PM","en_TW","es_AG","pt_PT","en_DE","fr_CH","en_GR","gu_IN","en_RU","en_MY","es_BR"],"SupportedLanguages":["ur","lt","ja","id","mr","ms","hi","es-419","es","pl","ca","ta","fr","en-IN","or","fr-CA","da","bg","te","kk-Cyrl","pt-BR","zh-Hant-HK","hr","gu","de","th","sk","ro","sl","nb","kk","en-GB","hu","zh-HK","bn","ar","it","kn","ko","uk","pa","ru","vi","zh-Hans","zh-Hant","en-AU","ml","pt-PT","tr","fi","en-US","el","cs","sv","nl","he","en","es-US"]}
[08:22:45] 000081...: Batch Activate hoàn tất thành công.
[08:22:46] 000081...: ⚡ Lệnh đổi ngôn ngữ đã gửi (SpringBoard đang cập nhật, timeout 20s là bình thường).
[08:22:46] 000081...: Batch Activate hoàn tất thành công.
[08:22:50] 000081...: ⚡ Lệnh đổi ngôn ngữ đã gửi (SpringBoard đang cập nhật, timeout 20s là bình thường).
[08:22:50] 000081...: ⚡ Lệnh đổi ngôn ngữ đã gửi (SpringBoard đang cập nhật, timeout 20s là bình thường).
[08:22:50] 000081...: Batch Activate hoàn tất thành công.
[08:22:50] 000081...: Batch Activate hoàn tất thành công.
[08:22:50] 000081...: ⚡ Lệnh đổi ngôn ngữ đã gửi (SpringBoard đang cập nhật, timeout 20s là bình thường).
[08:22:50] 000081...: Batch Activate hoàn tất thành công.
[08:22:50] 000081...: ⚡ Lệnh đổi ngôn ngữ đã gửi (SpringBoard đang cập nhật, timeout 20s là bình thường).
[08:22:50] 000081...: Batch Activate hoàn tất thành công.
[08:22:50] 000081...: ⚡ Lệnh đổi ngôn ngữ đã gửi (SpringBoard đang cập nhật, timeout 20s là bình thường).
[08:22:50] 000081...: Batch Activate hoàn tất thành công.
[08:22:51] 000081...: ⚡ Lệnh đổi ngôn ngữ đã gửi (SpringBoard đang cập nhật, timeout 20s là bình thường).
[08:22:51] 000081...: Batch Activate hoàn tất thành công.
[08:23:03] 000081...: Đã ngắt kết nối.
[08:23:03] 000081...: Đã ngắt kết nối.
[08:23:03] 000081...: Đã ngắt kết nối.
[08:23:04] 000081...: Đã ngắt kết nối.
[08:23:04] 000081...: Đã ngắt kết nối.
[08:23:04] 000081...: Đã ngắt kết nối.
[08:23:05] 000081...: Đã ngắt kết nối.
[08:23:05] 000081...: Đã ngắt kết nối.
[08:23:05] 000081...: Đã ngắt kết nối.
[08:23:06] 000081...: Đã ngắt kết nối.
[08:23:14] 000081...: Kết nối: iPhone • iOS 26.6.1
[08:23:15] 000081...: Kết nối: iPhone • iOS 26.6.1
[08:23:17] 000081...: Kết nối: iPhone • iOS 26.6.1
[08:23:38] SYSTEM...: Restore chuyển kho: A ➜ B | 13 bản backup | 3 máy ghép nối
[08:23:38] 000081...: SUCCESS: Validated pairing with device 00008101-001E6CEC3EC1001E
[08:23:39] 000081...: SUCCESS: Validated pairing with device 00008101-00113939347A001E
[08:23:39] 000081...: SUCCESS: Validated pairing with device 00008101-0013589E02C2001E
[08:23:51] 000081...: [=                                                 ]   1% Finished
[08:23:51] 000081...: [=                                                 ]   1% Finished
[08:23:51] 000081...: [=                                                 ]   1% Finished
[08:23:52] 000081...: [=====                                             ]  10% Finished
[08:23:52] 000081...: [========                                          ]  15% Finished
[08:23:53] 000081...: [==                                                ]   3% Finished
[08:23:53] 000081...: [===========                                       ]  20% Finished
[08:23:53] 000081...: [====                                              ]   6% Finished
[08:23:53] 000081...: [======                                            ]  11% Finished
[08:23:54] 000081...: [=========                                         ]  17% Finished
[08:23:54] 000081...: [======                                            ]  11% Finished
[08:23:55] 000081...: [=========                                         ]  17% Finished
[08:23:55] 000081...: [============                                      ]  22% Finished
[08:23:55] 000081...: [===================                               ]  36% Finished
[08:23:56] 000081...: [===========                                       ]  22% Finished
[08:23:56] 000081...: [===================                               ]  36% Finished
[08:23:56] 000081...: [======================                            ]  43% Finished
[08:23:56] 000081...: [===================                               ]  37% Finished
[08:23:57] 000081...: [=====================                             ]  42% Finished
[08:23:57] 000081...: [=====================                             ]  42% Finished
[08:24:00] 000081...: [========================                          ]  48% Finished
[08:24:00] 000081...: [===========================                       ]  53% Finished
[08:24:01] 000081...: [=========================                         ]  50% Finished
[08:24:01] 000081...: [==============================                    ]  58% Finished
[08:24:01] 000081...: [============================                      ]  55% Finished
[08:24:01] 000081...: [========================                          ]  47% Finished
[08:24:01] 000081...: [==========================                        ]  50% Finished
[08:24:02] 000081...: [============================                      ]  55% Finished
[08:24:02] 000081...: [===============================                   ]  60% Finished
[08:24:02] 000081...: [==============================                    ]  60% Finished
[08:24:02] 000081...: [=======================================           ]  77% Finished
[08:24:03] 000081...: [=========================================         ]  82% Finished
[08:24:03] 000081...: [======================================            ]  74% Finished
[08:24:04] 000081...: [=======================================           ]  77% Finished
[08:24:04] 000081...: [===============================================   ]  94% Finished
[08:24:05] 000081...: [========================================          ]  79% Finished
[08:24:05] 000081...: [==================================================]  99% Finished
[08:24:05] 000081...: [==========================================        ]  83% Finished
[08:24:05] 000081...: [===============================================   ]  93% Finished
[08:24:06] 000081...: [================================================  ]  94% Finished
[08:24:06] 000081...: [================================================= ]  98% Finished
[08:24:06] 000081...: [==================================================] 100% Finished
[08:24:18] 000081...: [==================================================] 100% Finished
[08:24:18] 000081...: Restore Successful.
[08:24:18] 000081...: Khôi phục dữ liệu Restore hoàn tất thành công.
[08:24:18] 000081...: Đã chuyển kho thành công: A ➔ Kho đối diện:
140_iPhone_lmhuynanh497
[08:24:18] 000081...: ✓ Đã chuyển iPhone thứ 11 qua Kho đối diện thành công!
[08:24:18] 000081...: ⚡ Auto Activate sau Restore: đang chờ thiết bị reboot...
[08:24:18] 000081...: ⏳ Restore hoàn tất. Bắt đầu đếm ngược (100s) cho iPhone khởi động hoàn toàn...
[08:24:19] 000081...: [==================================================]  99% Finished
[08:24:19] 000081...: [==================================================] 100% Finished
[08:24:19] 000081...: Restore Successful.
[08:24:19] 000081...: Khôi phục dữ liệu Restore hoàn tất thành công.
[08:24:19] 000081...: Đã chuyển kho thành công: A ➔ Kho đối diện:
136_iPhone_lmphngtho972
[08:24:19] 000081...: ✓ Đã chuyển iPhone thứ 12 qua Kho đối diện thành công!
[08:24:19] 000081...: ⚡ Auto Activate sau Restore: đang chờ thiết bị reboot...
[08:24:19] 000081...: ⏳ Restore hoàn tất. Bắt đầu đếm ngược (100s) cho iPhone khởi động hoàn toàn...
[08:24:20] 000081...: [==================================================] 100% Finished
[08:24:20] 000081...: Restore Successful.
[08:24:20] 000081...: Khôi phục dữ liệu Restore hoàn tất thành công.
[08:24:20] 000081...: Đã chuyển kho thành công: A ➔ Kho đối diện:
138_iPhone_hunhphngduyn81
[08:24:20] 000081...: ✓ Đã chuyển iPhone thứ 13 qua Kho đối diện thành công!
[08:24:20] 000081...: ⚡ Auto Activate sau Restore: đang chờ thiết bị reboot...
[08:24:20] 000081...: ⏳ Restore hoàn tất. Bắt đầu đếm ngược (100s) cho iPhone khởi động hoàn toàn...
[08:24:28] 000081...: Đã ngắt kết nối.
[08:24:30] 000081...: Đã ngắt kết nối.
[08:24:30] 000081...: Đã ngắt kết nối.
[08:24:38] 000081...: ⏳ Đang chờ iPhone khởi động lại: còn 80s...
[08:24:39] 000081...: ⏳ Đang chờ iPhone khởi động lại: còn 80s...
[08:24:40] 000081...: ⏳ Đang chờ iPhone khởi động lại: còn 80s...
[08:24:48] 000081...: Kết nối: iPhone • iOS 26.6.1
[08:24:52] 000081...: Kết nối: iPhone • iOS 26.6.1
[08:24:53] 000081...: Kết nối: iPhone • iOS 26.6.1
[08:24:58] 000081...: ⏳ Đang chờ iPhone khởi động lại: còn 60s...
[08:24:59] 000081...: ⏳ Đang chờ iPhone khởi động lại: còn 60s...
[08:25:00] 000081...: ⏳ Đang chờ iPhone khởi động lại: còn 60s...
[08:25:18] 000081...: ⏳ Đang chờ iPhone khởi động lại: còn 40s...
[08:25:19] 000081...: ⏳ Đang chờ iPhone khởi động lại: còn 40s...
[08:25:20] 000081...: ⏳ Đang chờ iPhone khởi động lại: còn 40s...
[08:25:38] 000081...: ⏳ Đang chờ iPhone khởi động lại: còn 20s...
[08:25:39] 000081...: ⏳ Đang chờ iPhone khởi động lại: còn 20s...
[08:25:40] 000081...: ⏳ Đang chờ iPhone khởi động lại: còn 20s...
[08:25:58] 000081...: ⌛ Đã hết 100 giây chờ! Đang kiểm tra kết nối thiết bị...
[08:25:59] 000081...: ⌛ Đã hết 100 giây chờ! Đang kiểm tra kết nối thiết bị...
[08:26:00] 000081...: ⌛ Đã hết 100 giây chờ! Đang kiểm tra kết nối thiết bị...
[08:26:01] 000081...: ✅ iPhone đã khởi động xong & kết nối ổn định ➔ Bắt đầu Batch Activate...
[08:26:01] 000081...: RUN: c:\TIKTOOL PRO V4\ideviceactivation.exe activate -u 00008101-0013589E02C2001E -b
[08:26:02] 000081...: ✅ iPhone đã khởi động xong & kết nối ổn định ➔ Bắt đầu Batch Activate...
[08:26:02] 000081...: RUN: c:\TIKTOOL PRO V4\ideviceactivation.exe activate -u 00008101-001E6CEC3EC1001E -b
[08:26:03] 000081...: ✅ iPhone đã khởi động xong & kết nối ổn định ➔ Bắt đầu Batch Activate...
[08:26:03] 000081...: RUN: c:\TIKTOOL PRO V4\ideviceactivation.exe activate -u 00008101-00113939347A001E -b
[08:26:06] 000081...: NOTE: This device appears to be already activated. The server might report an error 'Device Unknown' instead of acknowledging the activation.
Activation server reports that device is already activated.
[08:26:06] 000081...: RUN: c:\TIKTOOL PRO V4\ios.exe prepare --skip-all --udid=00008101-0013589E02C2001E --nojson
[08:26:08] 000081...: NOTE: This device appears to be already activated. The server might report an error 'Device Unknown' instead of acknowledging the activation.
Activation server reports that device is already activated.
[08:26:08] 000081...: RUN: c:\TIKTOOL PRO V4\ios.exe prepare --skip-all --udid=00008101-00113939347A001E --nojson
[08:26:09] 000081...: NOTE: This device appears to be already activated. The server might report an error 'Device Unknown' instead of acknowledging the activation.
Activation server reports that device is already activated.
[08:26:09] 000081...: RUN: c:\TIKTOOL PRO V4\ios.exe prepare --skip-all --udid=00008101-001E6CEC3EC1001E --nojson
[08:26:18] 000081...: time="2026-09-05T08:26:10+07:00" level=warning msg="go-ios agent is not running. You might need to start it with 'ios tunnel start' for ios17+. Use ENABLE_GO_IOS_AGENT=user for userspace tunnel or ENABLE_GO_IOS_AGENT=kernel for kernel tunnel for the experimental daemon mode."
time="2026-09-05T08:26:10+07:00" level=warning msg="failed to get tunnel info" udid=00008101-001E6CEC3EC1001E
time="2026-09-05T08:26:10+07:00" level=info msg="device is activated:true"
time="2026-09-05T08:26:11+07:00" level=info msg="send flush request"
time="2026-09-05T08:26:11+07:00" level=info msg="get cloud config"
"ok"
[08:26:18] 000081...: RUN: c:\TIKTOOL PRO V4\ios.exe lang --setlocale=ja_JP --setlang=ja --udid=00008101-001E6CEC3EC1001E --nojson
[08:26:20] 000081...: time="2026-09-05T08:26:08+07:00" level=warning msg="go-ios agent is not running. You might need to start it with 'ios tunnel start' for ios17+. Use ENABLE_GO_IOS_AGENT=user for userspace tunnel or ENABLE_GO_IOS_AGENT=kernel for kernel tunnel for the experimental daemon mode."
time="2026-09-05T08:26:08+07:00" level=warning msg="failed to get tunnel info" udid=00008101-00113939347A001E
time="2026-09-05T08:26:08+07:00" level=info msg="device is activated:true"
time="2026-09-05T08:26:08+07:00" level=info msg="send flush request"
time="2026-09-05T08:26:10+07:00" level=info msg="get cloud config"
"ok"
[08:26:20] 000081...: RUN: c:\TIKTOOL PRO V4\ios.exe lang --setlocale=ja_JP --setlang=ja --udid=00008101-00113939347A001E --nojson
[08:26:21] 000081...: time="2026-09-05T08:26:06+07:00" level=warning msg="go-ios agent is not running. You might need to start it with 'ios tunnel start' for ios17+. Use ENABLE_GO_IOS_AGENT=user for userspace tunnel or ENABLE_GO_IOS_AGENT=kernel for kernel tunnel for the experimental daemon mode."
time="2026-09-05T08:26:06+07:00" level=warning msg="failed to get tunnel info" udid=00008101-0013589E02C2001E
time="2026-09-05T08:26:06+07:00" level=info msg="device is activated:true"
time="2026-09-05T08:26:07+07:00" level=info msg="send flush request"
time="2026-09-05T08:26:07+07:00" level=info msg="get cloud config"
"ok"
[08:26:21] 000081...: RUN: c:\TIKTOOL PRO V4\ios.exe lang --setlocale=ja_JP --setlang=ja --udid=00008101-0013589E02C2001E --nojson
[08:26:34] 000081...: {"Language":"ja","Locale":"ja_JP","SupportedLocales":["sv_AX","en_CN","ro_RO","en_VG","es_VC","fr_MA","en_AL","es_TT","ar_SS","fr_VU","en_GS","fr_CI","en_BW","en_JM","es_BS","en_BD","en_MG","en_PT","ar_LB","fr_GN","ru_UA","en_HK","en_CO","en_KE","en_NR","fr_MU","en_FI","nl_BQ","en_WS","en_DG","ar_SA","en_RW","en_ZM","en_BE","bn_BD","en_MH","el_CY","nl_NL","pt_AO","en_ER","en_KY","es_CL","en_VI","es_VE","en_FJ","fr_MC","en_TZ","en_ID","es_TC","zh_TW","en_GU","es_GQ","ko_CN","mr_IN","en_GB","es_MX","en_ES","es_BB","es_PR","fr_GP","pt_GW","fi_FI","en_FK","en_NA","zh_CN","en_IE","en_LR","en_TH","ca_IT","ar_KM","en_BZ","de_CH","da_GL","te_IN","en_US","en_BG","ar_QA","en_PW","ar_TN","en_JP","fr_GQ","de_LI","cs_CZ","en_NU","zh_HK","hu_HU","es_VG","ta_IN","ar_EG","ro_MD","en_LS","fr_CM","ar_SD","en_GD","ar_IL","ar_LY","en_UA","fr_TD","pt_LU","es_PA","ta_SG","en_KI","es_CO","en_FM","fr_MF","tr_CY","ar_EH","en_LT","es_IC","en_DK","pt_ST","es_GT","fr_YT","en_GE","ms_BN","en_BI","he_IL","pt_TL","en_SS","es_KY","kk_KZ","en_CA","es_VI","ar_MR","fr_MG","zh-Hant_JP","en_AR","hr_HR","ar_SY","fr_SN","en_TK","en_GY","pt_CV","fr_DZ","en_MM","ar_AE","es_ES","zh-Hant_MY","ca_ES","en_001","fr_RW","en_PG","fr_GA","en_SA","fr_BE","hi_IN","en_AS","pt_MO","en_LV","ta_LK","en_DM","en_LC","en_GG","es_BZ","tr_TR","it_CH","es_US","en_150","it_VA","fr_TG","zh-Hans_MO","en_EE","en_PH","es_EA","es_HN","en_CV","sv_FI","es_CR","fr_RE","ms_SG","fr_BF","en_NF","en_SB","en_CC","en_AT","ar_MA","nl_BE","en_GH","es_GD","en_ZA","pt_FR","th_TH","en_MO","de_IT","es_003","es_PE","de_DE","en_SC","en_NZ","en_NG","en_AU","el_GR","en_GI","ar_001","en_BM","ar_IQ","en_MP","es_PY","fr_DJ","es_EC","en_US_POSIX","vi_VN","en_CX","en_KN","en_SD","en_FR","es_CA","kn_IN","en_IL","es_AR","en_TO","zh-Hans_HK","es_GY","bg_BG","fr_NC","ta_MY","en_BN","en_UG","en_HU","en_PK","uk_UA","en_SX","en_CY","en_SE","es_CU","sk_SK","fr_BI","fr_ML","de_BE","en_IM","fr_PF","es_DM","es_LC","en_ZW","fr_CA","pl_PL","zh-Hans_JP","nl_SR","ja_JP","en_JE","fr_LU","pt_CH","en_PL","es_PH","zh_MO","fr_GF","en_CZ","fr_BJ","en_IN","zh-Hans_MY","en_AE","en_RO","fr_NE","en_MS","es_419","it_IT","ar_TD","en_SZ","fr_WF","ru_MD","es_SV","es_CW","ml_IN","en_CH","en_SG","pt_BR","en_IO","ar_PS","bn_IN","en_TR","ar_KW","es_DO","en_GM","it_SM","ms_MY","sl_SI","en_MT","es_UY","es_BM","en_PN","es_HT","en_KR","en_SH","en_VU","es_KN","fr_BL","en_NL","ca_FR","en_AG","fr_KM","fr_SC","fr_CD","ko_KP","or_IN","nb_SJ","zh-Hant_CN","en_BR","ru_RU","fr_TN","ar_DZ","en_MU","en_SI","hr_BA","en_VC","ar_ER","es_NI","fr_HT","en_TT","ar_SO","ca_AD","da_DK","fr_FR","en_BS","nl_CW","en_MV","es_BO","nb_NO","de_LU","pt_GQ","ar_JO","en_CK","fr_MQ","zh_SG","ms_ID","en_AI","fr_CF","ko_KR","en_MW","en_UM","en_SK","en_CL","en_NO","fr_MR","en_TV","fr_SY","en_TC","fr_CG","nl_SX","es_BQ","ar_YE","ru_BY","sv_SE","en_BB","de_AT","en_PR","ar_DJ","lt_LT","nl_AW","ar_OM","en_SL","en_CM","ru_KZ","en_MX","ar_BH","ru_KG","en_IT","id_ID","pt_MZ","en_TW","fr_PM","es_AG","pt_PT","en_DE","en_GR","gu_IN","en_RU","fr_CH","en_MY","es_BR"],"SupportedLanguages":["ur","lt","ja","id","mr","ms","hi","es-419","es","pl","ca","ta","fr","en-IN","or","fr-CA","da","bg","te","kk-Cyrl","pt-BR","zh-Hant-HK","hr","gu","de","th","sk","ro","sl","nb","kk","en-GB","hu","zh-HK","bn","ar","it","kn","ko","uk","pa","ru","vi","zh-Hans","zh-Hant","en-AU","ml","pt-PT","tr","fi","en-US","el","cs","sv","nl","he","en","es-US"]}
[08:26:34] 000081...: Batch Activate hoàn tất thành công.
[08:26:38] 000081...: ⚡ Lệnh đổi ngôn ngữ đã gửi (SpringBoard đang cập nhật, timeout 20s là bình thường).
[08:26:38] 000081...: Batch Activate hoàn tất thành công.
[08:26:41] 000081...: ⚡ Lệnh đổi ngôn ngữ đã gửi (SpringBoard đang cập nhật, timeout 20s là bình thường).
[08:26:41] 000081...: Batch Activate hoàn tất thành công.
[08:27:47] 000081...: Đã ngắt kết nối.
[08:27:47] 000081...: Đã ngắt kết nối.
[08:27:48] 000081...: Đã ngắt kết nối.
[08:28:04] 000081...: Kết nối: iPhone • iOS 26.6.1
[08:28:06] 000081...: Kết nối: iPhone • iOS 26.6.1
[08:28:08] 000081...: Kết nối: iPhone • iOS 26.6.1
[08:28:14] 000081...: Kết nối: iPhone • iOS 26.6.1
[08:28:15] 000081...: Kết nối: iPhone • iOS 26.6.1
[08:28:17] 000081...: Kết nối: iPhone • iOS 26.6.1
[08:28:18] 000081...: Kết nối: iPhone • iOS 26.6.1
[08:28:19] 000081...: Kết nối: iPhone • iOS 26.6.1
[08:28:20] 000081...: Kết nối: iPhone • iOS 26.6.1
[08:28:22] 000081...: Kết nối: iPhone • iOS 26.6.1
[08:28:27] SYSTEM...: Restore chuyển kho: A ➜ B | 10 bản backup | 10 máy ghép nối
[08:28:28] 000081...: SUCCESS: Validated pairing with device 00008101-000D08DA1180001E
[08:28:28] 000081...: SUCCESS: Validated pairing with device 00008101-00012CE20202001E
[08:28:29] 000081...: SUCCESS: Validated pairing with device 00008101-000101C61E44001E
[08:28:29] 000081...: SUCCESS: Validated pairing with device 00008101-000C55A12E91003A
[08:28:29] 000081...: SUCCESS: Validated pairing with device 00008101-000E41E036E8001E
[08:28:29] 000081...: SUCCESS: Validated pairing with device 00008101-000508C23CE0001E
[08:28:29] 000081...: SUCCESS: Validated pairing with device 00008101-000E10A41E78001E
[08:28:29] 000081...: SUCCESS: Validated pairing with device 00008101-000C0D0C3C86001E
[08:28:29] 000081...: SUCCESS: Validated pairing with device 00008101-0011548002C1001E
[08:28:29] 000081...: SUCCESS: Validated pairing with device 00008101-000B05581468001E
[08:28:45] 000081...: [=                                                 ]   1% Finished
[08:28:45] 000081...: [=                                                 ]   1% Finished
[08:28:46] 000081...: [====                                              ]   6% Finished
[08:28:46] 000081...: [=                                                 ]   1% Finished
[08:28:46] 000081...: [=                                                 ]   1% Finished
[08:28:46] 000081...: [=                                                 ]   1% Finished
[08:28:47] 000081...: [====                                              ]   6% Finished
[08:28:47] 000081...: [=                                                 ]   1% Finished
[08:28:47] 000081...: [=                                                 ]   1% Finished
[08:28:47] 000081...: [=                                                 ]   1% Finished
[08:28:48] 000081...: [======                                            ]  11% Finished
[08:28:48] 000081...: [=                                                 ]   1% Finished
[08:28:48] 000081...: [=                                                 ]   1% Finished
[08:28:48] 000081...: [====                                              ]   6% Finished
[08:28:48] 000081...: [=                                                 ]   1% Finished
[08:28:49] 000081...: [========                                          ]  16% Finished
[08:28:49] 000081...: [=                                                 ]   1% Finished
[08:28:49] 000081...: [==                                                ]   3% Finished
[08:28:49] 000081...: [====                                              ]   6% Finished
[08:28:49] 000081...: [====                                              ]   6% Finished
[08:28:50] 000081...: [=====                                             ]   9% Finished
[08:28:50] 000081...: [========                                          ]  15% Finished
[08:28:50] 000081...: [====                                              ]   6% Finished
[08:28:50] 000081...: [===============                                   ]  28% Finished
[08:28:50] 000081...: [=================                                 ]  33% Finished
[08:28:50] 000081...: [====                                              ]   6% Finished
[08:28:50] 000081...: [======                                            ]  11% Finished
[08:28:51] 000081...: [======                                            ]  11% Finished
[08:28:51] 000081...: [===========                                       ]  20% Finished
[08:28:53] 000081...: [=========                                         ]  17% Finished
[08:28:53] 000081...: [============                                      ]  22% Finished
[08:28:53] 000081...: [=========                                         ]  17% Finished
[08:28:54] 000081...: [=====                                             ]  10% Finished
[08:28:54] 000081...: [========                                          ]  15% Finished
[08:28:54] 000081...: [===========                                       ]  22% Finished
[08:28:54] 000081...: [==================                                ]  36% Finished
[08:28:54] 000081...: [======                                            ]  11% Finished
[08:28:55] 000081...: [=========                                         ]  17% Finished
[08:28:55] 000081...: [=========                                         ]  18% Finished
[08:28:55] 000081...: [==================                                ]  36% Finished
[08:28:56] 000081...: [===================                               ]  38% Finished
[08:28:56] 000081...: [===========                                       ]  20% Finished
[08:28:56] 000081...: [===================                               ]  37% Finished
[08:28:57] 000081...: [=====================                             ]  42% Finished
[08:28:57] 000081...: [=====================                             ]  41% Finished
[08:28:57] 000081...: [======================                            ]  43% Finished
[08:28:57] 000081...: [=========                                         ]  17% Finished
[08:28:57] 000081...: [==================                                ]  36% Finished
[08:28:58] 000081...: [======================                            ]  43% Finished
[08:28:58] 000081...: [==========                                        ]  18% Finished
[08:28:58] 000081...: [============                                      ]  23% Finished
[08:28:58] 000081...: [========================                          ]  48% Finished
[08:28:58] 000081...: [=====================                             ]  41% Finished
[08:28:59] 000081...: [==========================                        ]  50% Finished
[08:28:59] 000081...: [============================                      ]  55% Finished
[08:29:00] 000081...: [==================                                ]  36% Finished
[08:29:01] 000081...: [===================                               ]  37% Finished
[08:29:01] 000081...: [==================                                ]  36% Finished
[08:29:01] 000081...: [===================                               ]  37% Finished
[08:29:02] 000081...: [=======================                           ]  46% Finished
[08:29:02] 000081...: [=====================                             ]  41% Finished
[08:29:02] 000081...: [=========================                         ]  49% Finished
[08:29:02] 000081...: [===================                               ]  37% Finished
[08:29:02] 000081...: [==========================                        ]  51% Finished
[08:29:02] 000081...: [======================                            ]  43% Finished
[08:29:03] 000081...: [============================                      ]  54% Finished
[08:29:03] 000081...: [======================                            ]  42% Finished
[08:29:03] 000081...: [=========================                         ]  50% Finished
[08:29:03] 000081...: [=====================================             ]  73% Finished
[08:29:03] 000081...: [=====================                             ]  42% Finished
[08:29:03] 000081...: [============================                      ]  56% Finished
[08:29:03] 000081...: [=======================                           ]  46% Finished
[08:29:03] 000081...: [======================                            ]  42% Finished
[08:29:03] 000081...: [==============================                    ]  59% Finished
[08:29:03] 000081...: [=======================================           ]  78% Finished
[08:29:03] 000081...: [============================                      ]  55% Finished
[08:29:04] 000081...: [==========================                        ]  51% Finished
[08:29:04] 000081...: [==============================                    ]  60% Finished
[08:29:04] 000081...: [==========================================        ]  84% Finished
[08:29:04] 000081...: [=============================                     ]  56% Finished
[08:29:05] 000081...: [===============================                   ]  61% Finished
[08:29:05] 000081...: [======================================            ]  74% Finished
[08:29:06] 000081...: [===============================                   ]  61% Finished
[08:29:06] 000081...: [======================================            ]  75% Finished
[08:29:06] 000081...: [=======================                           ]  46% Finished
[08:29:06] 000081...: [========================================          ]  79% Finished
[08:29:06] 000081...: [===============================================   ]  94% Finished
[08:29:07] 000081...: [==========================                        ]  51% Finished
[08:29:07] 000081...: [======================================            ]  75% Finished
[08:29:07] 000081...: [========================                          ]  47% Finished
[08:29:07] 000081...: [============================                      ]  56% Finished
[08:29:08] 000081...: [======================================            ]  75% Finished
[08:29:08] 000081...: [=========================================         ]  81% Finished
[08:29:08] 000081...: [==========================                        ]  51% Finished
[08:29:08] 000081...: [=========================                         ]  48% Finished
[08:29:08] 000081...: [========================                          ]  47% Finished
[08:29:08] 000081...: [==========================                        ]  50% Finished
[08:29:08] 000081...: [==========================                        ]  50% Finished
[08:29:08] 000081...: [==========================                        ]  50% Finished
[08:29:09] 000081...: [============================                      ]  56% Finished
[08:29:09] 000081...: [============================                      ]  55% Finished
[08:29:09] 000081...: [===============================================   ]  93% Finished
[08:29:09] 000081...: [============================                      ]  55% Finished
[08:29:09] 000081...: [============================                      ]  55% Finished
[08:29:09] 000081...: [===============================                   ]  61% Finished
[08:29:10] 000081...: [==============================                    ]  60% Finished
[08:29:10] 000081...: [================================================= ]  98% Finished
[08:29:10] 000081...: [==========================================        ]  83% Finished
[08:29:11] 000081...: [=========================================         ]  80% Finished
[08:29:11] 000081...: [===========================================       ]  86% Finished
[08:29:12] 000081...: [===============================================   ]  94% Finished
[08:29:12] 000081...: [===============================                   ]  60% Finished
[08:29:13] 000081...: [===========================================       ]  86% Finished
[08:29:13] 000081...: [================================================  ]  95% Finished
[08:29:13] 000081...: [================================================  ]  94% Finished
[08:29:13] 000081...: [==================================================]  99% Finished
[08:29:13] 000081...: [===============================                   ]  60% Finished
[08:29:13] 000081...: [======================================            ]  76% Finished
[08:29:14] 000081...: [=====================================             ]  74% Finished
[08:29:14] 000081...: [==================================================]  99% Finished
[08:29:14] 000081...: [=======================================           ]  76% Finished
[08:29:14] 000081...: [=======================================           ]  76% Finished
[08:29:14] 000081...: [======================================            ]  74% Finished
[08:29:14] 000081...: [=========================================         ]  81% Finished
[08:29:15] 000081...: [=========================================         ]  81% Finished
[08:29:15] 000081...: [==========================================        ]  83% Finished
[08:29:15] 000081...: [=========================================         ]  81% Finished
[08:29:15] 000081...: [========================================          ]  80% Finished
[08:29:16] 000081...: [===============================================   ]  93% Finished
[08:29:17] 000081...: [===============================================   ]  93% Finished
[08:29:18] 000081...: [===============================================   ]  94% Finished
[08:29:18] 000081...: [==================================================] 100% Finished
[08:29:18] 000081...: [===============================================   ]  94% Finished
[08:29:18] 000081...: [===============================================   ]  93% Finished
[08:29:18] 000081...: [================================================= ]  98% Finished
[08:29:18] 000081...: [==================================================] 100% Finished
[08:29:20] 000081...: [==================================================]  99% Finished
[08:29:20] 000081...: [==================================================] 100% Finished
[08:29:20] 000081...: Restore Successful.
[08:29:20] 000081...: Khôi phục dữ liệu Restore hoàn tất thành công.
[08:29:20] 000081...: Đã chuyển kho thành công: A ➔ Kho đối diện:
141_iPhone_mchsngsng8821
[08:29:20] 000081...: ✓ Đã chuyển iPhone thứ 14 qua Kho đối diện thành công!
[08:29:20] 000081...: ⚡ Auto Activate sau Restore: đang chờ thiết bị reboot...
[08:29:20] 000081...: ⏳ Restore hoàn tất. Bắt đầu đếm ngược (100s) cho iPhone khởi động hoàn toàn...
[08:29:23] 000081...: [==================================================] 100% Finished
[08:29:23] 000081...: [==================================================] 100% Finished
[08:29:23] 000081...: Restore Successful.
[08:29:23] 000081...: Khôi phục dữ liệu Restore hoàn tất thành công.
[08:29:23] 000081...: Đã chuyển kho thành công: A ➔ Kho đối diện:
147_iPhone_chungthanhtm8869
[08:29:23] 000081...: ✓ Đã chuyển iPhone thứ 15 qua Kho đối diện thành công!
[08:29:23] 000081...: ⚡ Auto Activate sau Restore: đang chờ thiết bị reboot...
[08:29:23] 000081...: ⏳ Restore hoàn tất. Bắt đầu đếm ngược (100s) cho iPhone khởi động hoàn toàn...
[08:29:25] 000081...: [==================================================] 100% Finished
[08:29:25] 000081...: [==================================================] 100% Finished
[08:29:25] 000081...: Restore Successful.
[08:29:25] 000081...: Khôi phục dữ liệu Restore hoàn tất thành công.
[08:29:25] 000081...: Đã chuyển kho thành công: A ➔ Kho đối diện:
148_iPhone_vphihin88
[08:29:25] 000081...: ✓ Đã chuyển iPhone thứ 16 qua Kho đối diện thành công!
[08:29:25] 000081...: ⚡ Auto Activate sau Restore: đang chờ thiết bị reboot...
[08:29:25] 000081...: ⏳ Restore hoàn tất. Bắt đầu đếm ngược (100s) cho iPhone khởi động hoàn toàn...
[08:29:26] 000081...: [==================================================] 100% Finished
[08:29:26] 000081...: Restore Successful.
[08:29:26] 000081...: Khôi phục dữ liệu Restore hoàn tất thành công.
[08:29:26] 000081...: Đã chuyển kho thành công: A ➔ Kho đối diện:
144_iPhone_hongquphng583
[08:29:26] 000081...: ✓ Đã chuyển iPhone thứ 17 qua Kho đối diện thành công!
[08:29:26] 000081...: ⚡ Auto Activate sau Restore: đang chờ thiết bị reboot...
[08:29:26] 000081...: ⏳ Restore hoàn tất. Bắt đầu đếm ngược (100s) cho iPhone khởi động hoàn toàn...
[08:29:26] 000081...: [==================================================] 100% Finished
[08:29:26] 000081...: Restore Successful.
[08:29:26] 000081...: Khôi phục dữ liệu Restore hoàn tất thành công.
[08:29:26] 000081...: Đã chuyển kho thành công: A ➔ Kho đối diện:
151_iPhone_hivna57
[08:29:26] 000081...: ✓ Đã chuyển iPhone thứ 18 qua Kho đối diện thành công!
[08:29:26] 000081...: ⚡ Auto Activate sau Restore: đang chờ thiết bị reboot...
[08:29:26] 000081...: ⏳ Restore hoàn tất. Bắt đầu đếm ngược (100s) cho iPhone khởi động hoàn toàn...
[08:29:29] 000081...: Đã ngắt kết nối.
[08:29:31] 000081...: [==================================================] 100% Finished
[08:29:31] 000081...: Restore Successful.
[08:29:31] 000081...: Khôi phục dữ liệu Restore hoàn tất thành công.
[08:29:31] 000081...: Đã chuyển kho thành công: A ➔ Kho đối diện:
145_iPhone_caohoitrang998
[08:29:31] 000081...: ✓ Đã chuyển iPhone thứ 19 qua Kho đối diện thành công!
[08:29:31] 000081...: ⚡ Auto Activate sau Restore: đang chờ thiết bị reboot...
[08:29:31] 000081...: ⏳ Restore hoàn tất. Bắt đầu đếm ngược (100s) cho iPhone khởi động hoàn toàn...
[08:29:31] 000081...: [==================================================] 100% Finished
[08:29:31] 000081...: Restore Successful.
[08:29:31] 000081...: Khôi phục dữ liệu Restore hoàn tất thành công.
[08:29:31] 000081...: Đã chuyển kho thành công: A ➔ Kho đối diện:
153_iPhone_lcianh6844
[08:29:31] 000081...: ✓ Đã chuyển iPhone thứ 20 qua Kho đối diện thành công!
[08:29:31] 000081...: ⚡ Auto Activate sau Restore: đang chờ thiết bị reboot...
[08:29:31] 000081...: ⏳ Restore hoàn tất. Bắt đầu đếm ngược (100s) cho iPhone khởi động hoàn toàn...
[08:29:31] 000081...: [==================================================] 100% Finished
[08:29:31] 000081...: [==================================================] 100% Finished
[08:29:31] 000081...: Restore Successful.
[08:29:31] 000081...: Khôi phục dữ liệu Restore hoàn tất thành công.
[08:29:31] 000081...: Đã chuyển kho thành công: A ➔ Kho đối diện:
149_iPhone_lphanphungnga2361
[08:29:31] 000081...: ✓ Đã chuyển iPhone thứ 21 qua Kho đối diện thành công!
[08:29:31] 000081...: ⚡ Auto Activate sau Restore: đang chờ thiết bị reboot...
[08:29:31] 000081...: ⏳ Restore hoàn tất. Bắt đầu đếm ngược (100s) cho iPhone khởi động hoàn toàn...
[08:29:31] 000081...: [==================================================] 100% Finished
[08:29:31] 000081...: [==================================================] 100% Finished
[08:29:31] 000081...: Restore Successful.
[08:29:31] 000081...: Khôi phục dữ liệu Restore hoàn tất thành công.
[08:29:31] 000081...: Đã chuyển kho thành công: A ➔ Kho đối diện:
152_iPhone_vthanhtuyn246
[08:29:31] 000081...: ✓ Đã chuyển iPhone thứ 22 qua Kho đối diện thành công!
[08:29:31] 000081...: ⚡ Auto Activate sau Restore: đang chờ thiết bị reboot...
[08:29:31] 000081...: ⏳ Restore hoàn tất. Bắt đầu đếm ngược (100s) cho iPhone khởi động hoàn toàn...
[08:29:32] 000081...: [==================================================]  99% Finished
[08:29:32] 000081...: [==================================================] 100% Finished
[08:29:32] 000081...: Restore Successful.
[08:29:32] 000081...: Khôi phục dữ liệu Restore hoàn tất thành công.
[08:29:32] 000081...: Đã chuyển kho thành công: A ➔ Kho đối diện:
150_iPhone_bianthoa751
[08:29:32] 000081...: ✓ Đã chuyển iPhone thứ 22 qua Kho đối diện thành công!
[08:29:32] 000081...: ⚡ Auto Activate sau Restore: đang chờ thiết bị reboot...
[08:29:32] 000081...: ⏳ Restore hoàn tất. Bắt đầu đếm ngược (100s) cho iPhone khởi động hoàn toàn...
[08:29:33] 000081...: Đã ngắt kết nối.
[08:29:35] 000081...: Đã ngắt kết nối.
[08:29:36] 000081...: Đã ngắt kết nối.
[08:29:36] 000081...: Đã ngắt kết nối.
[08:29:40] 000081...: ⏳ Đang chờ iPhone khởi động lại: còn 80s...
[08:29:41] 000081...: Đã ngắt kết nối.
[08:29:41] 000081...: Đã ngắt kết nối.
[08:29:41] 000081...: Đã ngắt kết nối.
[08:29:41] 000081...: Đã ngắt kết nối.
[08:29:41] 000081...: Đã ngắt kết nối.
[08:29:43] 000081...: ⏳ Đang chờ iPhone khởi động lại: còn 80s...
[08:29:45] 000081...: ⏳ Đang chờ iPhone khởi động lại: còn 80s...
[08:29:46] 000081...: ⏳ Đang chờ iPhone khởi động lại: còn 80s...
[08:29:46] 000081...: ⏳ Đang chờ iPhone khởi động lại: còn 80s...
[08:29:51] 000081...: ⏳ Đang chờ iPhone khởi động lại: còn 80s...
[08:29:51] 000081...: ⏳ Đang chờ iPhone khởi động lại: còn 80s...
[08:29:51] 000081...: ⏳ Đang chờ iPhone khởi động lại: còn 80s...
[08:29:51] 000081...: ⏳ Đang chờ iPhone khởi động lại: còn 80s...
[08:29:52] 000081...: ⏳ Đang chờ iPhone khởi động lại: còn 80s...
[08:29:52] 000081...: Kết nối: iPhone • iOS 26.6.1
[08:29:54] 000081...: Kết nối: iPhone • iOS 26.6.1
[08:29:56] 000081...: Kết nối: iPhone • iOS 26.6.1
[08:29:57] 000081...: Kết nối: iPhone • iOS 26.6.1
[08:29:57] 000081...: Kết nối: iPhone • iOS 26.6.1
[08:30:00] 000081...: ⏳ Đang chờ iPhone khởi động lại: còn 60s...
[08:30:03] 000081...: ⏳ Đang chờ iPhone khởi động lại: còn 60s...
[08:30:04] 000081...: Kết nối: iPhone • iOS 26.6.1
[08:30:05] 000081...: ⏳ Đang chờ iPhone khởi động lại: còn 60s...
[08:30:06] 000081...: ⏳ Đang chờ iPhone khởi động lại: còn 60s...
[08:30:06] 000081...: ⏳ Đang chờ iPhone khởi động lại: còn 60s...
[08:30:09] 000081...: Kết nối: iPhone • iOS 26.6.1
[08:30:09] 000081...: Kết nối: iPhone • iOS 26.6.1
[08:30:09] 000081...: Kết nối: iPhone • iOS 26.6.1
[08:30:09] 000081...: Kết nối: iPhone • iOS 26.6.1
[08:30:11] 000081...: ⏳ Đang chờ iPhone khởi động lại: còn 60s...
[08:30:11] 000081...: ⏳ Đang chờ iPhone khởi động lại: còn 60s...
[08:30:11] 000081...: ⏳ Đang chờ iPhone khởi động lại: còn 60s...
[08:30:11] 000081...: ⏳ Đang chờ iPhone khởi động lại: còn 60s...
[08:30:12] 000081...: ⏳ Đang chờ iPhone khởi động lại: còn 60s...
[08:30:20] 000081...: ⏳ Đang chờ iPhone khởi động lại: còn 40s...
[08:30:23] 000081...: ⏳ Đang chờ iPhone khởi động lại: còn 40s...
[08:30:25] 000081...: ⏳ Đang chờ iPhone khởi động lại: còn 40s...
[08:30:26] 000081...: ⏳ Đang chờ iPhone khởi động lại: còn 40s...
[08:30:26] 000081...: ⏳ Đang chờ iPhone khởi động lại: còn 40s...
[08:30:31] 000081...: ⏳ Đang chờ iPhone khởi động lại: còn 40s...
[08:30:31] 000081...: ⏳ Đang chờ iPhone khởi động lại: còn 40s...
[08:30:31] 000081...: ⏳ Đang chờ iPhone khởi động lại: còn 40s...
[08:30:31] 000081...: ⏳ Đang chờ iPhone khởi động lại: còn 40s...
[08:30:32] 000081...: ⏳ Đang chờ iPhone khởi động lại: còn 40s...
[08:30:40] 000081...: ⏳ Đang chờ iPhone khởi động lại: còn 20s...
[08:30:43] 000081...: ⏳ Đang chờ iPhone khởi động lại: còn 20s...
[08:30:45] 000081...: ⏳ Đang chờ iPhone khởi động lại: còn 20s...
[08:30:46] 000081...: ⏳ Đang chờ iPhone khởi động lại: còn 20s...
[08:30:46] 000081...: ⏳ Đang chờ iPhone khởi động lại: còn 20s...
[08:30:51] 000081...: ⏳ Đang chờ iPhone khởi động lại: còn 20s...
[08:30:51] 000081...: ⏳ Đang chờ iPhone khởi động lại: còn 20s...
[08:30:51] 000081...: ⏳ Đang chờ iPhone khởi động lại: còn 20s...
[08:30:51] 000081...: ⏳ Đang chờ iPhone khởi động lại: còn 20s...
[08:30:52] 000081...: ⏳ Đang chờ iPhone khởi động lại: còn 20s...
[08:31:00] 000081...: ⌛ Đã hết 100 giây chờ! Đang kiểm tra kết nối thiết bị...
[08:31:03] 000081...: ✅ iPhone đã khởi động xong & kết nối ổn định ➔ Bắt đầu Batch Activate...
[08:31:03] 000081...: RUN: c:\TIKTOOL PRO V4\ideviceactivation.exe activate -u 00008101-000D08DA1180001E -b
[08:31:03] 000081...: ⌛ Đã hết 100 giây chờ! Đang kiểm tra kết nối thiết bị...
[08:31:05] 000081...: ⌛ Đã hết 100 giây chờ! Đang kiểm tra kết nối thiết bị...
[08:31:06] 000081...: ✅ iPhone đã khởi động xong & kết nối ổn định ➔ Bắt đầu Batch Activate...
[08:31:06] 000081...: RUN: c:\TIKTOOL PRO V4\ideviceactivation.exe activate -u 00008101-000C55A12E91003A -b
[08:31:06] 000081...: ⌛ Đã hết 100 giây chờ! Đang kiểm tra kết nối thiết bị...
[08:31:06] 000081...: ⌛ Đã hết 100 giây chờ! Đang kiểm tra kết nối thiết bị...
[08:31:08] 000081...: NOTE: This device appears to be already activated. The server might report an error 'Device Unknown' instead of acknowledging the activation.
Activation server reports that device is already activated.
[08:31:08] 000081...: RUN: c:\TIKTOOL PRO V4\ios.exe prepare --skip-all --udid=00008101-000D08DA1180001E --nojson
[08:31:08] 000081...: ✅ iPhone đã khởi động xong & kết nối ổn định ➔ Bắt đầu Batch Activate...
[08:31:08] 000081...: RUN: c:\TIKTOOL PRO V4\ideviceactivation.exe activate -u 00008101-000E41E036E8001E -b
[08:31:09] 000081...: ✅ iPhone đã khởi động xong & kết nối ổn định ➔ Bắt đầu Batch Activate...
[08:31:09] 000081...: RUN: c:\TIKTOOL PRO V4\ideviceactivation.exe activate -u 00008101-00012CE20202001E -b
[08:31:10] 000081...: ✅ iPhone đã khởi động xong & kết nối ổn định ➔ Bắt đầu Batch Activate...
[08:31:10] 000081...: RUN: c:\TIKTOOL PRO V4\ideviceactivation.exe activate -u 00008101-000C0D0C3C86001E -b
[08:31:11] 000081...: ⌛ Đã hết 100 giây chờ! Đang kiểm tra kết nối thiết bị...
[08:31:11] 000081...: ⌛ Đã hết 100 giây chờ! Đang kiểm tra kết nối thiết bị...
[08:31:11] 000081...: ⌛ Đã hết 100 giây chờ! Đang kiểm tra kết nối thiết bị...
[08:31:11] 000081...: ⌛ Đã hết 100 giây chờ! Đang kiểm tra kết nối thiết bị...
[08:31:12] 000081...: ⌛ Đã hết 100 giây chờ! Đang kiểm tra kết nối thiết bị...
[08:31:14] 000081...: ✅ iPhone đã khởi động xong & kết nối ổn định ➔ Bắt đầu Batch Activate...
[08:31:14] 000081...: RUN: c:\TIKTOOL PRO V4\ideviceactivation.exe activate -u 00008101-000101C61E44001E -b
[08:31:14] 000081...: ✅ iPhone đã khởi động xong & kết nối ổn định ➔ Bắt đầu Batch Activate...
[08:31:14] 000081...: RUN: c:\TIKTOOL PRO V4\ideviceactivation.exe activate -u 00008101-000B05581468001E -b
[08:31:14] 000081...: NOTE: This device appears to be already activated. The server might report an error 'Device Unknown' instead of acknowledging the activation.
Activation server reports that device is already activated.
[08:31:14] 000081...: RUN: c:\TIKTOOL PRO V4\ios.exe prepare --skip-all --udid=00008101-000C55A12E91003A --nojson
[08:31:14] 000081...: ✅ iPhone đã khởi động xong & kết nối ổn định ➔ Bắt đầu Batch Activate...
[08:31:14] 000081...: RUN: c:\TIKTOOL PRO V4\ideviceactivation.exe activate -u 00008101-000508C23CE0001E -b
[08:31:14] 000081...: NOTE: This device appears to be already activated. The server might report an error 'Device Unknown' instead of acknowledging the activation.
Activation server reports that device is already activated.
[08:31:14] 000081...: RUN: c:\TIKTOOL PRO V4\ios.exe prepare --skip-all --udid=00008101-000E41E036E8001E --nojson
[08:31:14] 000081...: ✅ iPhone đã khởi động xong & kết nối ổn định ➔ Bắt đầu Batch Activate...
[08:31:14] 000081...: RUN: c:\TIKTOOL PRO V4\ideviceactivation.exe activate -u 00008101-0011548002C1001E -b
[08:31:15] 000081...: ✅ iPhone đã khởi động xong & kết nối ổn định ➔ Bắt đầu Batch Activate...
[08:31:15] 000081...: RUN: c:\TIKTOOL PRO V4\ideviceactivation.exe activate -u 00008101-000E10A41E78001E -b
[08:31:15] 000081...: NOTE: This device appears to be already activated. The server might report an error 'Device Unknown' instead of acknowledging the activation.
Activation server reports that device is already activated.
[08:31:15] 000081...: RUN: c:\TIKTOOL PRO V4\ios.exe prepare --skip-all --udid=00008101-000C0D0C3C86001E --nojson
[08:31:17] 000081...: NOTE: This device appears to be already activated. The server might report an error 'Device Unknown' instead of acknowledging the activation.
Activation server reports that device is already activated.
[08:31:17] 000081...: RUN: c:\TIKTOOL PRO V4\ios.exe prepare --skip-all --udid=00008101-00012CE20202001E --nojson
[08:31:20] 000081...: NOTE: This device appears to be already activated. The server might report an error 'Device Unknown' instead of acknowledging the activation.
Activation server reports that device is already activated.
[08:31:20] 000081...: RUN: c:\TIKTOOL PRO V4\ios.exe prepare --skip-all --udid=00008101-000E10A41E78001E --nojson
[08:31:20] 000081...: NOTE: This device appears to be already activated. The server might report an error 'Device Unknown' instead of acknowledging the activation.
Activation server reports that device is already activated.
[08:31:20] 000081...: RUN: c:\TIKTOOL PRO V4\ios.exe prepare --skip-all --udid=00008101-0011548002C1001E --nojson
[08:31:21] 000081...: NOTE: This device appears to be already activated. The server might report an error 'Device Unknown' instead of acknowledging the activation.
Activation server reports that device is already activated.
[08:31:21] 000081...: RUN: c:\TIKTOOL PRO V4\ios.exe prepare --skip-all --udid=00008101-000B05581468001E --nojson
[08:31:21] 000081...: NOTE: This device appears to be already activated. The server might report an error 'Device Unknown' instead of acknowledging the activation.
Activation server reports that device is already activated.
[08:31:21] 000081...: RUN: c:\TIKTOOL PRO V4\ios.exe prepare --skip-all --udid=00008101-000101C61E44001E --nojson
[08:31:22] 000081...: NOTE: This device appears to be already activated. The server might report an error 'Device Unknown' instead of acknowledging the activation.
Activation server reports that device is already activated.
[08:31:22] 000081...: RUN: c:\TIKTOOL PRO V4\ios.exe prepare --skip-all --udid=00008101-000508C23CE0001E --nojson
[08:31:23] 000081...: time="2026-09-05T08:31:14+07:00" level=warning msg="go-ios agent is not running. You might need to start it with 'ios tunnel start' for ios17+. Use ENABLE_GO_IOS_AGENT=user for userspace tunnel or ENABLE_GO_IOS_AGENT=kernel for kernel tunnel for the experimental daemon mode."
time="2026-09-05T08:31:14+07:00" level=warning msg="failed to get tunnel info" udid=00008101-000C55A12E91003A
time="2026-09-05T08:31:15+07:00" level=info msg="device is activated:true"
time="2026-09-05T08:31:15+07:00" level=info msg="send flush request"
time="2026-09-05T08:31:15+07:00" level=info msg="get cloud config"
"ok"
[08:31:23] 000081...: RUN: c:\TIKTOOL PRO V4\ios.exe lang --setlocale=ja_JP --setlang=ja --udid=00008101-000C55A12E91003A --nojson
[08:31:24] 000081...: time="2026-09-05T08:31:08+07:00" level=warning msg="go-ios agent is not running. You might need to start it with 'ios tunnel start' for ios17+. Use ENABLE_GO_IOS_AGENT=user for userspace tunnel or ENABLE_GO_IOS_AGENT=kernel for kernel tunnel for the experimental daemon mode."
time="2026-09-05T08:31:08+07:00" level=warning msg="failed to get tunnel info" udid=00008101-000D08DA1180001E
time="2026-09-05T08:31:08+07:00" level=info msg="device is activated:true"
time="2026-09-05T08:31:08+07:00" level=info msg="send flush request"
time="2026-09-05T08:31:09+07:00" level=info msg="get cloud config"
"ok"
[08:31:24] 000081...: RUN: c:\TIKTOOL PRO V4\ios.exe lang --setlocale=ja_JP --setlang=ja --udid=00008101-000D08DA1180001E --nojson
[08:31:26] 000081...: time="2026-09-05T08:31:15+07:00" level=warning msg="go-ios agent is not running. You might need to start it with 'ios tunnel start' for ios17+. Use ENABLE_GO_IOS_AGENT=user for userspace tunnel or ENABLE_GO_IOS_AGENT=kernel for kernel tunnel for the experimental daemon mode."
time="2026-09-05T08:31:15+07:00" level=warning msg="failed to get tunnel info" udid=00008101-000C0D0C3C86001E
time="2026-09-05T08:31:15+07:00" level=info msg="device is activated:true"
time="2026-09-05T08:31:15+07:00" level=info msg="send flush request"
time="2026-09-05T08:31:15+07:00" level=info msg="get cloud config"
"ok"
[08:31:26] 000081...: RUN: c:\TIKTOOL PRO V4\ios.exe lang --setlocale=ja_JP --setlang=ja --udid=00008101-000C0D0C3C86001E --nojson
[08:31:28] 000081...: time="2026-09-05T08:31:21+07:00" level=warning msg="go-ios agent is not running. You might need to start it with 'ios tunnel start' for ios17+. Use ENABLE_GO_IOS_AGENT=user for userspace tunnel or ENABLE_GO_IOS_AGENT=kernel for kernel tunnel for the experimental daemon mode."
time="2026-09-05T08:31:21+07:00" level=warning msg="failed to get tunnel info" udid=00008101-000B05581468001E
time="2026-09-05T08:31:21+07:00" level=info msg="device is activated:true"
time="2026-09-05T08:31:21+07:00" level=info msg="send flush request"
time="2026-09-05T08:31:22+07:00" level=info msg="get cloud config"
"ok"
[08:31:28] 000081...: RUN: c:\TIKTOOL PRO V4\ios.exe lang --setlocale=ja_JP --setlang=ja --udid=00008101-000B05581468001E --nojson
[08:31:28] 000081...: time="2026-09-05T08:31:20+07:00" level=warning msg="go-ios agent is not running. You might need to start it with 'ios tunnel start' for ios17+. Use ENABLE_GO_IOS_AGENT=user for userspace tunnel or ENABLE_GO_IOS_AGENT=kernel for kernel tunnel for the experimental daemon mode."
time="2026-09-05T08:31:20+07:00" level=warning msg="failed to get tunnel info" udid=00008101-000E10A41E78001E
time="2026-09-05T08:31:21+07:00" level=info msg="device is activated:true"
time="2026-09-05T08:31:21+07:00" level=info msg="send flush request"
time="2026-09-05T08:31:21+07:00" level=info msg="get cloud config"
"ok"
[08:31:28] 000081...: RUN: c:\TIKTOOL PRO V4\ios.exe lang --setlocale=ja_JP --setlang=ja --udid=00008101-000E10A41E78001E --nojson
[08:31:28] 000081...: time="2026-09-05T08:31:22+07:00" level=warning msg="go-ios agent is not running. You might need to start it with 'ios tunnel start' for ios17+. Use ENABLE_GO_IOS_AGENT=user for userspace tunnel or ENABLE_GO_IOS_AGENT=kernel for kernel tunnel for the experimental daemon mode."
time="2026-09-05T08:31:22+07:00" level=warning msg="failed to get tunnel info" udid=00008101-000508C23CE0001E
time="2026-09-05T08:31:23+07:00" level=info msg="device is activated:true"
time="2026-09-05T08:31:23+07:00" level=info msg="send flush request"
time="2026-09-05T08:31:23+07:00" level=info msg="get cloud config"
"ok"
[08:31:28] 000081...: RUN: c:\TIKTOOL PRO V4\ios.exe lang --setlocale=ja_JP --setlang=ja --udid=00008101-000508C23CE0001E --nojson
[08:31:29] 000081...: time="2026-09-05T08:31:17+07:00" level=warning msg="go-ios agent is not running. You might need to start it with 'ios tunnel start' for ios17+. Use ENABLE_GO_IOS_AGENT=user for userspace tunnel or ENABLE_GO_IOS_AGENT=kernel for kernel tunnel for the experimental daemon mode."
time="2026-09-05T08:31:17+07:00" level=warning msg="failed to get tunnel info" udid=00008101-00012CE20202001E
time="2026-09-05T08:31:17+07:00" level=info msg="device is activated:true"
time="2026-09-05T08:31:18+07:00" level=info msg="send flush request"
time="2026-09-05T08:31:18+07:00" level=info msg="get cloud config"
"ok"
[08:31:29] 000081...: RUN: c:\TIKTOOL PRO V4\ios.exe lang --setlocale=ja_JP --setlang=ja --udid=00008101-00012CE20202001E --nojson
[08:31:32] 000081...: time="2026-09-05T08:31:20+07:00" level=warning msg="go-ios agent is not running. You might need to start it with 'ios tunnel start' for ios17+. Use ENABLE_GO_IOS_AGENT=user for userspace tunnel or ENABLE_GO_IOS_AGENT=kernel for kernel tunnel for the experimental daemon mode."
time="2026-09-05T08:31:20+07:00" level=warning msg="failed to get tunnel info" udid=00008101-0011548002C1001E
time="2026-09-05T08:31:20+07:00" level=info msg="device is activated:true"
time="2026-09-05T08:31:21+07:00" level=info msg="send flush request"
time="2026-09-05T08:31:21+07:00" level=info msg="get cloud config"
"ok"
[08:31:32] 000081...: RUN: c:\TIKTOOL PRO V4\ios.exe lang --setlocale=ja_JP --setlang=ja --udid=00008101-0011548002C1001E --nojson
[08:31:33] 000081...: time="2026-09-05T08:31:15+07:00" level=warning msg="go-ios agent is not running. You might need to start it with 'ios tunnel start' for ios17+. Use ENABLE_GO_IOS_AGENT=user for userspace tunnel or ENABLE_GO_IOS_AGENT=kernel for kernel tunnel for the experimental daemon mode."
time="2026-09-05T08:31:15+07:00" level=warning msg="failed to get tunnel info" udid=00008101-000E41E036E8001E
time="2026-09-05T08:31:15+07:00" level=info msg="device is activated:true"
time="2026-09-05T08:31:15+07:00" level=info msg="send flush request"
time="2026-09-05T08:31:15+07:00" level=info msg="get cloud config"
"ok"
[08:31:33] 000081...: RUN: c:\TIKTOOL PRO V4\ios.exe lang --setlocale=ja_JP --setlang=ja --udid=00008101-000E41E036E8001E --nojson
[08:31:34] 000081...: time="2026-09-05T08:31:21+07:00" level=warning msg="go-ios agent is not running. You might need to start it with 'ios tunnel start' for ios17+. Use ENABLE_GO_IOS_AGENT=user for userspace tunnel or ENABLE_GO_IOS_AGENT=kernel for kernel tunnel for the experimental daemon mode."
time="2026-09-05T08:31:21+07:00" level=warning msg="failed to get tunnel info" udid=00008101-000101C61E44001E
time="2026-09-05T08:31:23+07:00" level=info msg="device is activated:true"
time="2026-09-05T08:31:24+07:00" level=info msg="send flush request"
time="2026-09-05T08:31:24+07:00" level=info msg="get cloud config"
"ok"
[08:31:34] 000081...: RUN: c:\TIKTOOL PRO V4\ios.exe lang --setlocale=ja_JP --setlang=ja --udid=00008101-000101C61E44001E --nojson
[08:31:39] 000081...: {"Language":"ja","Locale":"ja_JP","SupportedLocales":["sv_AX","en_CN","ro_RO","en_VG","es_VC","fr_MA","en_AL","es_TT","ar_SS","fr_VU","fr_CI","en_GS","en_BW","en_JM","es_BS","en_BD","en_MG","en_PT","en_HK","fr_GN","ru_UA","ar_LB","en_CO","en_KE","en_NR","fr_MU","en_FI","nl_BQ","en_WS","en_DG","ar_SA","en_RW","en_ZM","en_BE","el_CY","en_MH","bn_BD","nl_NL","pt_AO","en_ER","en_KY","es_CL","en_VI","en_FJ","es_VE","fr_MC","en_TZ","en_ID","es_TC","zh_TW","en_GU","es_GQ","ko_CN","mr_IN","en_GB","es_MX","en_ES","es_BB","es_PR","fr_GP","pt_GW","fi_FI","en_FK","en_NA","zh_CN","en_IE","en_LR","en_TH","ca_IT","ar_KM","en_BZ","de_CH","da_GL","te_IN","en_US","en_BG","ar_QA","en_PW","ar_TN","en_JP","fr_GQ","de_LI","cs_CZ","en_NU","hu_HU","zh_HK","es_VG","ta_IN","ar_EG","ro_MD","en_LS","fr_CM","ar_SD","en_GD","ar_IL","ar_LY","en_UA","fr_TD","pt_LU","es_PA","ta_SG","en_KI","es_CO","en_FM","fr_MF","tr_CY","ar_EH","en_LT","es_IC","en_DK","pt_ST","es_GT","en_GE","fr_YT","ms_BN","en_BI","he_IL","pt_TL","en_SS","es_KY","kk_KZ","en_CA","es_VI","ar_MR","fr_MG","zh-Hant_JP","en_AR","hr_HR","ar_SY","en_TK","fr_SN","en_GY","pt_CV","fr_DZ","en_MM","ar_AE","es_ES","en_001","ca_ES","zh-Hant_MY","fr_RW","en_PG","fr_GA","en_SA","fr_BE","hi_IN","en_AS","pt_MO","en_LV","ta_LK","en_DM","en_LC","en_GG","tr_TR","es_BZ","it_CH","es_US","zh-Hans_MO","it_VA","fr_TG","en_EE","en_150","en_PH","es_EA","es_HN","ms_SG","sv_FI","en_CV","es_CR","en_CC","fr_BF","en_NF","en_SB","fr_RE","en_AT","ar_MA","nl_BE","en_GH","es_GD","en_ZA","pt_FR","th_TH","en_MO","es_003","de_IT","es_PE","de_DE","en_SC","en_NZ","en_NG","en_AU","el_GR","en_GI","ar_001","en_BM","ar_IQ","en_MP","es_PY","fr_DJ","es_EC","en_US_POSIX","vi_VN","en_CX","en_KN","en_SD","en_FR","es_CA","kn_IN","en_IL","es_AR","en_TO","zh-Hans_HK","es_GY","bg_BG","fr_NC","en_BN","ta_MY","en_UG","en_HU","en_PK","en_SX","uk_UA","en_CY","es_CU","sk_SK","en_SE","fr_BI","fr_ML","de_BE","en_IM","fr_PF","es_DM","es_LC","en_ZW","fr_CA","pl_PL","pt_CH","nl_SR","ja_JP","en_JE","fr_LU","zh-Hans_JP","en_PL","zh_MO","en_CZ","fr_GF","es_PH","fr_BJ","en_IN","zh-Hans_MY","en_AE","fr_NE","en_RO","en_MS","es_419","it_IT","ar_TD","en_SZ","fr_WF","es_SV","ml_IN","en_SG","es_CW","en_CH","ru_MD","pt_BR","en_IO","ar_PS","en_TR","bn_IN","ar_KW","es_DO","en_GM","it_SM","ms_MY","sl_SI","es_UY","es_BM","en_MT","en_PN","es_HT","en_KR","en_SH","en_VU","es_KN","fr_BL","en_NL","ca_FR","en_AG","fr_KM","fr_SC","fr_CD","ko_KP","or_IN","en_BR","nb_SJ","ru_RU","en_MU","fr_TN","ar_DZ","zh-Hant_CN","en_SI","hr_BA","en_VC","ar_ER","es_NI","fr_HT","en_TT","ar_SO","ca_AD","da_DK","fr_FR","en_BS","nl_CW","en_MV","nb_NO","es_BO","de_LU","en_CK","ar_JO","pt_GQ","fr_MQ","zh_SG","ms_ID","en_AI","fr_CF","ko_KR","en_MW","en_UM","en_SK","en_CL","en_NO","fr_MR","en_TV","fr_SY","en_TC","fr_CG","nl_SX","es_BQ","ar_YE","en_MX","sv_SE","de_AT","ru_BY","en_PR","ar_DJ","lt_LT","ar_OM","en_SL","nl_AW","en_CM","ru_KZ","en_BB","ar_BH","ru_KG","en_IT","id_ID","pt_MZ","fr_PM","en_TW","pt_PT","es_AG","en_DE","fr_CH","en_GR","gu_IN","en_RU","en_MY","es_BR"],"SupportedLanguages":["ur","lt","ja","id","mr","ms","hi","es-419","es","pl","ca","ta","fr","en-IN","or","fr-CA","da","bg","te","kk-Cyrl","pt-BR","zh-Hant-HK","hr","gu","de","th","sk","ro","sl","nb","kk","en-GB","hu","zh-HK","bn","ar","it","kn","ko","uk","pa","ru","vi","zh-Hans","zh-Hant","en-AU","ml","pt-PT","tr","fi","en-US","el","cs","sv","nl","he","en","es-US"]}
[08:31:39] 000081...: Batch Activate hoàn tất thành công.
[08:31:44] 000081...: {"Language":"ja","Locale":"ja_JP","SupportedLocales":["sv_AX","en_CN","ro_RO","en_VG","es_VC","fr_MA","en_AL","es_TT","ar_SS","fr_VU","fr_CI","en_GS","en_BW","en_JM","es_BS","en_BD","en_MG","en_PT","en_HK","ar_LB","ru_UA","fr_GN","en_CO","en_KE","en_NR","fr_MU","en_FI","nl_BQ","en_WS","en_DG","ar_SA","en_RW","en_ZM","en_BE","en_ER","bn_BD","el_CY","pt_AO","en_MH","nl_NL","en_KY","es_CL","en_VI","en_FJ","es_VE","fr_MC","en_TZ","en_ID","es_TC","zh_TW","en_GU","es_GQ","ko_CN","mr_IN","en_GB","es_MX","en_ES","es_BB","es_PR","fr_GP","pt_GW","fi_FI","en_FK","en_NA","zh_CN","en_IE","ca_IT","en_TH","en_LR","ar_KM","en_BZ","en_JP","da_GL","te_IN","en_BG","en_US","ar_QA","ar_TN","de_CH","en_PW","fr_GQ","de_LI","cs_CZ","en_NU","hu_HU","zh_HK","es_VG","ta_IN","ar_EG","ro_MD","en_LS","fr_CM","ar_SD","en_GD","ar_IL","ar_LY","en_UA","fr_TD","pt_LU","es_PA","ta_SG","en_KI","es_CO","en_FM","fr_MF","tr_CY","ar_EH","en_LT","es_IC","en_DK","pt_ST","es_GT","fr_YT","en_GE","ms_BN","en_BI","he_IL","pt_TL","en_SS","es_KY","kk_KZ","en_CA","es_VI","ar_MR","zh-Hant_JP","fr_MG","en_AR","hr_HR","ar_SY","fr_SN","en_TK","en_GY","pt_CV","en_MM","fr_DZ","ar_AE","es_ES","ca_ES","en_001","zh-Hant_MY","fr_RW","en_PG","fr_GA","en_SA","fr_BE","hi_IN","en_AS","pt_MO","en_LV","ta_LK","en_DM","en_LC","en_GG","es_BZ","tr_TR","it_CH","zh-Hans_MO","es_US","en_150","fr_TG","en_EE","it_VA","en_PH","es_HN","es_EA","ms_SG","sv_FI","es_CR","fr_RE","en_SB","fr_BF","en_NF","en_CC","en_CV","en_AT","ar_MA","nl_BE","en_GH","es_GD","th_TH","pt_FR","en_ZA","en_MO","de_IT","es_003","es_PE","de_DE","en_SC","en_NZ","en_NG","en_AU","el_GR","en_GI","ar_001","en_BM","ar_IQ","en_MP","es_PY","fr_DJ","es_EC","en_US_POSIX","vi_VN","en_CX","en_KN","en_SD","en_FR","es_CA","kn_IN","en_IL","es_AR","en_TO","zh-Hans_HK","es_GY","bg_BG","fr_NC","ta_MY","en_BN","en_UG","uk_UA","en_PK","en_SX","en_HU","en_CY","en_SE","sk_SK","es_CU","fr_BI","fr_ML","de_BE","en_IM","fr_PF","es_DM","es_LC","en_ZW","fr_CA","pl_PL","pt_CH","nl_SR","ja_JP","en_JE","fr_LU","zh-Hans_JP","en_PL","es_PH","en_CZ","fr_GF","zh_MO","fr_BJ","en_IN","zh-Hans_MY","en_AE","en_RO","fr_NE","en_MS","es_419","it_IT","ar_TD","en_SZ","fr_WF","ru_MD","es_SV","en_SG","es_CW","en_CH","ml_IN","pt_BR","en_IO","bn_IN","ar_PS","en_TR","ar_KW","es_DO","en_GM","it_SM","ms_MY","sl_SI","en_MT","es_BM","es_UY","en_PN","es_HT","en_KR","en_SH","en_VU","es_KN","fr_BL","en_NL","ca_FR","en_AG","fr_KM","fr_SC","fr_CD","ko_KP","or_IN","nb_SJ","zh-Hant_CN","en_BR","ru_RU","fr_TN","ar_DZ","en_MU","en_SI","hr_BA","en_VC","ar_ER","es_NI","fr_HT","en_TT","ar_SO","ca_AD","fr_FR","da_DK","en_BS","es_BO","nl_CW","nb_NO","en_MV","de_LU","pt_GQ","en_CK","ar_JO","fr_MQ","zh_SG","ms_ID","en_AI","fr_CF","ko_KR","en_MW","en_UM","en_SK","en_CL","en_NO","fr_MR","en_TV","fr_SY","en_TC","fr_CG","nl_SX","es_BQ","en_MX","ru_BY","sv_SE","en_BB","de_AT","en_PR","ar_DJ","lt_LT","nl_AW","ar_OM","ar_YE","en_CM","ru_KZ","en_SL","ar_BH","ru_KG","id_ID","pt_MZ","fr_PM","en_TW","en_IT","es_AG","pt_PT","en_DE","en_GR","gu_IN","en_RU","fr_CH","en_MY","es_BR"],"SupportedLanguages":["ur","lt","ja","id","mr","ms","hi","es-419","es","pl","ca","ta","fr","en-IN","or","fr-CA","da","bg","te","kk-Cyrl","pt-BR","zh-Hant-HK","hr","gu","de","th","sk","ro","sl","nb","kk","en-GB","hu","zh-HK","bn","ar","it","kn","ko","uk","pa","ru","vi","zh-Hans","zh-Hant","en-AU","ml","pt-PT","tr","fi","en-US","el","cs","sv","nl","he","en","es-US"]}
[08:31:44] 000081...: Batch Activate hoàn tất thành công.
[08:31:44] 000081...: ⚡ Lệnh đổi ngôn ngữ đã gửi (SpringBoard đang cập nhật, timeout 20s là bình thường).
[08:31:44] 000081...: Batch Activate hoàn tất thành công.
[08:31:45] 000081...: {"Language":"ja","Locale":"ja_JP","SupportedLocales":["sv_AX","en_CN","ro_RO","en_VG","es_VC","fr_MA","en_AL","es_TT","ar_SS","fr_VU","fr_CI","en_GS","en_BW","en_JM","es_BS","en_BD","en_MG","en_PT","en_HK","ar_LB","fr_GN","ru_UA","en_CO","en_KE","en_NR","fr_MU","en_FI","nl_BQ","en_WS","en_DG","ar_SA","en_RW","en_ZM","en_BE","en_ER","bn_BD","en_MH","pt_AO","el_CY","nl_NL","en_KY","es_CL","en_VI","en_FJ","es_VE","fr_MC","en_TZ","en_ID","es_TC","zh_TW","en_GU","es_GQ","en_GB","mr_IN","ko_CN","es_MX","en_ES","es_BB","es_PR","fr_GP","pt_GW","fi_FI","en_FK","en_NA","zh_CN","en_IE","en_LR","en_TH","ca_IT","ar_KM","en_BZ","de_CH","da_GL","en_US","en_JP","en_BG","te_IN","en_PW","ar_TN","ar_QA","fr_GQ","de_LI","cs_CZ","en_NU","hu_HU","zh_HK","es_VG","ta_IN","ar_EG","ro_MD","en_LS","fr_CM","ar_SD","en_GD","ar_IL","ar_LY","en_UA","fr_TD","pt_LU","es_PA","ta_SG","en_KI","es_CO","en_FM","fr_MF","tr_CY","ar_EH","en_LT","es_IC","en_DK","pt_ST","es_GT","fr_YT","en_GE","ms_BN","en_BI","he_IL","pt_TL","en_SS","es_KY","kk_KZ","en_CA","es_VI","ar_MR","fr_MG","zh-Hant_JP","hr_HR","en_AR","ar_SY","fr_SN","en_TK","en_GY","pt_CV","fr_DZ","es_ES","ar_AE","en_MM","ca_ES","en_PG","en_001","fr_RW","zh-Hant_MY","fr_GA","en_SA","fr_BE","hi_IN","en_AS","pt_MO","en_LV","ta_LK","en_DM","en_LC","en_GG","es_BZ","tr_TR","it_CH","es_US","en_150","it_VA","fr_TG","zh-Hans_MO","en_EE","es_EA","es_HN","sv_FI","en_CV","ms_SG","es_CR","en_SB","en_CC","fr_BF","en_NF","fr_RE","en_PH","en_AT","ar_MA","nl_BE","en_GH","es_GD","en_ZA","pt_FR","th_TH","en_MO","es_003","de_IT","es_PE","de_DE","en_SC","en_NZ","en_NG","en_AU","el_GR","en_GI","ar_001","en_BM","ar_IQ","en_MP","es_PY","fr_DJ","es_EC","en_US_POSIX","vi_VN","en_CX","en_KN","en_SD","en_FR","es_CA","kn_IN","en_IL","es_AR","en_TO","zh-Hans_HK","es_GY","bg_BG","fr_NC","en_BN","ta_MY","en_UG","en_HU","en_PK","en_SX","uk_UA","en_CY","es_CU","sk_SK","en_SE","fr_BI","fr_ML","en_IM","de_BE","fr_PF","es_DM","es_LC","en_ZW","fr_CA","pl_PL","pt_CH","zh-Hans_JP","ja_JP","en_JE","fr_LU","nl_SR","en_PL","zh_MO","en_CZ","fr_GF","es_PH","fr_BJ","en_IN","zh-Hans_MY","en_AE","en_RO","fr_NE","en_MS","es_419","it_IT","ar_TD","en_SZ","fr_WF","ru_MD","ml_IN","es_SV","en_SG","en_CH","es_CW","pt_BR","en_IO","bn_IN","ar_PS","en_TR","ar_KW","es_DO","en_GM","it_SM","ms_MY","sl_SI","es_UY","es_BM","en_MT","en_PN","es_HT","en_KR","en_SH","es_KN","en_VU","fr_BL","en_NL","ca_FR","en_AG","fr_KM","fr_SC","fr_CD","ko_KP","or_IN","nb_SJ","zh-Hant_CN","en_MU","en_BR","fr_TN","ar_DZ","ru_RU","en_SI","hr_BA","es_NI","en_VC","ar_ER","fr_HT","en_TT","ar_SO","ca_AD","da_DK","fr_FR","en_BS","en_MV","nl_CW","nb_NO","es_BO","de_LU","en_CK","ar_JO","pt_GQ","fr_MQ","zh_SG","ms_ID","en_AI","fr_CF","ko_KR","en_MW","en_UM","en_SK","en_CL","en_NO","fr_MR","en_TV","fr_SY","en_TC","fr_CG","nl_SX","es_BQ","ar_YE","en_BB","sv_SE","de_AT","en_PR","en_MX","ar_DJ","lt_LT","nl_AW","en_SL","ar_OM","en_CM","ru_KZ","ru_BY","ar_BH","ru_KG","en_IT","id_ID","fr_PM","en_TW","pt_MZ","es_AG","pt_PT","en_DE","fr_CH","en_GR","en_RU","gu_IN","en_MY","es_BR"],"SupportedLanguages":["ur","lt","ja","id","mr","ms","hi","es-419","es","pl","ca","ta","fr","en-IN","or","fr-CA","da","bg","te","kk-Cyrl","pt-BR","zh-Hant-HK","hr","gu","de","th","sk","ro","sl","nb","kk","en-GB","hu","zh-HK","bn","ar","it","kn","ko","uk","pa","ru","vi","zh-Hans","zh-Hant","en-AU","ml","pt-PT","tr","fi","en-US","el","cs","sv","nl","he","en","es-US"]}
[08:31:45] 000081...: Batch Activate hoàn tất thành công.
[08:31:46] 000081...: ⚡ Lệnh đổi ngôn ngữ đã gửi (SpringBoard đang cập nhật, timeout 20s là bình thường).
[08:31:46] 000081...: Batch Activate hoàn tất thành công.
[08:31:47] 000081...: {"Language":"ja","Locale":"ja_JP","SupportedLocales":["sv_AX","en_CN","ro_RO","en_VG","es_VC","fr_MA","en_AL","es_TT","ar_SS","fr_VU","fr_CI","en_GS","en_BW","en_JM","es_BS","en_BD","en_MG","en_PT","ar_LB","fr_GN","en_HK","ru_UA","en_CO","en_KE","en_NR","fr_MU","en_FI","nl_BQ","en_WS","en_DG","ar_SA","en_RW","en_ZM","en_BE","en_ER","en_MH","el_CY","pt_AO","nl_NL","bn_BD","en_KY","es_CL","en_VI","en_FJ","es_VE","fr_MC","en_TZ","en_ID","es_TC","zh_TW","en_GU","es_GQ","ko_CN","mr_IN","en_GB","es_MX","en_ES","es_BB","es_PR","fr_GP","pt_GW","fi_FI","en_FK","en_NA","zh_CN","en_IE","en_LR","en_TH","ca_IT","ar_KM","en_BZ","en_JP","da_GL","te_IN","en_BG","en_US","ar_QA","en_PW","ar_TN","de_CH","fr_GQ","de_LI","cs_CZ","hu_HU","zh_HK","en_NU","es_VG","ta_IN","ar_EG","ro_MD","en_LS","fr_CM","ar_SD","en_GD","ar_IL","ar_LY","en_UA","fr_TD","pt_LU","es_PA","ta_SG","en_KI","es_CO","en_FM","fr_MF","ar_EH","tr_CY","en_LT","es_IC","en_DK","pt_ST","es_GT","fr_YT","en_GE","ms_BN","en_BI","he_IL","pt_TL","en_SS","es_KY","kk_KZ","en_CA","es_VI","zh-Hant_JP","fr_MG","ar_MR","hr_HR","en_AR","en_TK","fr_SN","ar_SY","en_GY","pt_CV","en_MM","fr_DZ","ar_AE","es_ES","en_001","zh-Hant_MY","ca_ES","en_PG","fr_RW","fr_GA","en_SA","fr_BE","hi_IN","en_AS","pt_MO","en_LV","ta_LK","en_DM","en_LC","en_GG","es_BZ","tr_TR","it_CH","zh-Hans_MO","en_150","es_US","fr_TG","it_VA","en_EE","es_EA","es_HN","sv_FI","en_CV","ms_SG","en_SB","en_PH","en_CC","fr_BF","en_NF","fr_RE","es_CR","en_AT","ar_MA","nl_BE","en_GH","es_GD","th_TH","en_ZA","pt_FR","en_MO","es_003","de_IT","es_PE","de_DE","en_SC","en_NZ","en_NG","en_AU","el_GR","en_GI","ar_001","en_BM","ar_IQ","en_MP","es_PY","fr_DJ","es_EC","vi_VN","en_US_POSIX","en_CX","en_KN","en_SD","en_FR","es_CA","kn_IN","en_IL","es_AR","en_TO","zh-Hans_HK","es_GY","bg_BG","fr_NC","ta_MY","en_BN","en_UG","en_HU","en_PK","uk_UA","en_SX","en_CY","en_SE","es_CU","sk_SK","fr_BI","fr_ML","de_BE","en_IM","fr_PF","es_DM","es_LC","en_ZW","fr_CA","pl_PL","zh-Hans_JP","nl_SR","ja_JP","en_JE","fr_LU","pt_CH","en_PL","es_PH","zh_MO","fr_GF","en_CZ","fr_BJ","en_IN","zh-Hans_MY","en_AE","fr_NE","en_RO","en_MS","es_419","it_IT","ar_TD","en_SZ","fr_WF","ru_MD","ml_IN","en_SG","es_CW","en_CH","es_SV","pt_BR","en_IO","ar_PS","en_TR","bn_IN","ar_KW","es_DO","en_GM","it_SM","ms_MY","sl_SI","es_UY","en_MT","es_BM","en_PN","es_HT","en_KR","en_SH","en_VU","es_KN","fr_BL","en_NL","ca_FR","en_AG","fr_KM","fr_SC","fr_CD","ko_KP","or_IN","nb_SJ","en_BR","ru_RU","en_MU","fr_TN","ar_DZ","zh-Hant_CN","en_SI","en_VC","hr_BA","ar_ER","es_NI","fr_HT","en_TT","ar_SO","ca_AD","fr_FR","da_DK","en_BS","nl_CW","en_MV","nb_NO","es_BO","de_LU","en_CK","ar_JO","pt_GQ","fr_MQ","zh_SG","ms_ID","en_AI","fr_CF","ko_KR","en_MW","en_UM","en_SK","en_CL","en_NO","fr_MR","en_TV","fr_SY","en_TC","fr_CG","nl_SX","es_BQ","en_MX","ru_BY","sv_SE","de_AT","en_PR","en_BB","ar_DJ","ar_YE","nl_AW","ar_OM","en_SL","lt_LT","ru_KZ","en_CM","ar_BH","ru_KG","pt_MZ","en_IT","fr_PM","en_TW","id_ID","es_AG","pt_PT","en_DE","en_GR","gu_IN","en_RU","fr_CH","en_MY","es_BR"],"SupportedLanguages":["ur","lt","ja","id","mr","ms","hi","es-419","es","pl","ca","ta","fr","en-IN","or","fr-CA","da","bg","te","kk-Cyrl","pt-BR","zh-Hant-HK","hr","gu","de","th","sk","ro","sl","nb","kk","en-GB","hu","zh-HK","bn","ar","it","kn","ko","uk","pa","ru","vi","zh-Hans","zh-Hant","en-AU","ml","pt-PT","tr","fi","en-US","el","cs","sv","nl","he","en","es-US"]}
[08:31:47] 000081...: Batch Activate hoàn tất thành công.
[08:31:48] 000081...: ⚡ Lệnh đổi ngôn ngữ đã gửi (SpringBoard đang cập nhật, timeout 20s là bình thường).
[08:31:48] 000081...: Batch Activate hoàn tất thành công.
[08:31:48] 000081...: ⚡ Lệnh đổi ngôn ngữ đã gửi (SpringBoard đang cập nhật, timeout 20s là bình thường).
[08:31:48] 000081...: Batch Activate hoàn tất thành công.
[08:31:53] 000081...: ⚡ Lệnh đổi ngôn ngữ đã gửi (SpringBoard đang cập nhật, timeout 20s là bình thường).
[08:31:53] 000081...: Batch Activate hoàn tất thành công.
[08:31:54] 000081...: ⚡ Lệnh đổi ngôn ngữ đã gửi (SpringBoard đang cập nhật, timeout 20s là bình thường).
[08:31:54] 000081...: Batch Activate hoàn tất thành công.
[09:02:34] 000081...: Đã ngắt kết nối.
[09:02:34] 000081...: Đã ngắt kết nối.
[09:02:35] 000081...: Đã ngắt kết nối.
[09:02:35] 000081...: Đã ngắt kết nối.
[09:02:35] 000081...: Đã ngắt kết nối.
[09:02:36] 000081...: Đã ngắt kết nối.
[09:02:36] 000081...: Đã ngắt kết nối.
[09:02:36] 000081...: Đã ngắt kết nối.
[09:02:36] 000081...: Đã ngắt kết nối.
[09:02:37] 000081...: Đã ngắt kết nối.
[09:14:01] 000081...: Kết nối: iPhone • iOS 26.6.1
[09:14:02] 000081...: Kết nối: iPhone • iOS 26.6.1
[09:14:03] 000081...: Kết nối: iPhone • iOS 26.6.1
