[19:15:06] SYSTEM...: Đã load cấu hình từ settings.json thành công.
[19:15:06] SYSTEM...: Bản quyền TikTok Pro đã được kích hoạt thành công.
[19:15:07] 000081...: Kết nối: iPhone • iOS 26.6.1
[19:15:07] 000081...: Kết nối: iPhone • iOS 26.6.1
[19:15:07] 000081...: Kết nối: iPhone • iOS 26.6.1
[19:15:07] 000081...: Kết nối: iPhone • iOS 26.6.1
[19:15:07] 000081...: Kết nối: iPhone • iOS 26.6.1
[19:15:07] 000081...: Kết nối: iPhone • iOS 26.6.1
[19:15:07] 000081...: Kết nối: iPhone • iOS 26.6.1
[19:15:07] 000081...: Kết nối: iPhone • iOS 26.6.1
[19:15:07] 000081...: Kết nối: iPhone • iOS 26.6.1
[19:15:07] 000081...: Kết nối: iPhone • iOS 26.6.1
[19:15:09] SYSTEM...: Bắt đầu Batch Activate cho toàn bộ thiết bị...
[19:15:09] 000081...: RUN: C:\TIKTOOL PRO V4\ideviceactivation.exe activate -u 00008101-00195C1036E8001E -b
[19:15:09] 000081...: RUN: C:\TIKTOOL PRO V4\ideviceactivation.exe activate -u 00008101-001D05820EB8001E -b
[19:15:09] 000081...: RUN: C:\TIKTOOL PRO V4\ideviceactivation.exe activate -u 00008101-000D6D113A89001E -b
[19:15:09] 000081...: RUN: C:\TIKTOOL PRO V4\ideviceactivation.exe activate -u 00008101-000434C12120001E -b
[19:15:15] 000081...: NOTE: This device appears to be already activated. The server might report an error 'Device Unknown' instead of acknowledging the activation.
Activation server reports that device is already activated.
[19:15:15] 000081...: RUN: C:\TIKTOOL PRO V4\ios.exe prepare --skip-all --udid=00008101-00195C1036E8001E --nojson
[19:15:15] 000081...: NOTE: This device appears to be already activated. The server might report an error 'Device Unknown' instead of acknowledging the activation.
Activation server reports that device is already activated.
[19:15:15] 000081...: RUN: C:\TIKTOOL PRO V4\ios.exe prepare --skip-all --udid=00008101-000434C12120001E --nojson
[19:15:15] 000081...: NOTE: This device appears to be already activated. The server might report an error 'Device Unknown' instead of acknowledging the activation.
Activation server reports that device is already activated.
[19:15:15] 000081...: RUN: C:\TIKTOOL PRO V4\ios.exe prepare --skip-all --udid=00008101-000D6D113A89001E --nojson
[19:15:16] 000081...: time="2026-09-04T19:15:15+07:00" level=warning msg="go-ios agent is not running. You might need to start it with 'ios tunnel start' for ios17+. Use ENABLE_GO_IOS_AGENT=user for userspace tunnel or ENABLE_GO_IOS_AGENT=kernel for kernel tunnel for the experimental daemon mode."
time="2026-09-04T19:15:15+07:00" level=warning msg="failed to get tunnel info" udid=00008101-00195C1036E8001E
time="2026-09-04T19:15:15+07:00" level=info msg="device is activated:true"
time="2026-09-04T19:15:15+07:00" level=info msg="send flush request"
time="2026-09-04T19:15:15+07:00" level=info msg="get cloud config"
"ok"
[19:15:16] 000081...: RUN: C:\TIKTOOL PRO V4\ios.exe lang --setlocale=ja_JP --setlang=ja --udid=00008101-00195C1036E8001E --nojson
[19:15:16] 000081...: NOTE: This device appears to be already activated. The server might report an error 'Device Unknown' instead of acknowledging the activation.
Activation server reports that device is already activated.
[19:15:16] 000081...: RUN: C:\TIKTOOL PRO V4\ios.exe prepare --skip-all --udid=00008101-001D05820EB8001E --nojson
[19:15:17] 000081...: time="2026-09-04T19:15:15+07:00" level=warning msg="go-ios agent is not running. You might need to start it with 'ios tunnel start' for ios17+. Use ENABLE_GO_IOS_AGENT=user for userspace tunnel or ENABLE_GO_IOS_AGENT=kernel for kernel tunnel for the experimental daemon mode."
time="2026-09-04T19:15:15+07:00" level=warning msg="failed to get tunnel info" udid=00008101-000434C12120001E
time="2026-09-04T19:15:15+07:00" level=info msg="device is activated:true"
time="2026-09-04T19:15:15+07:00" level=info msg="send flush request"
time="2026-09-04T19:15:15+07:00" level=info msg="get cloud config"
"ok"
[19:15:17] 000081...: RUN: C:\TIKTOOL PRO V4\ios.exe lang --setlocale=ja_JP --setlang=ja --udid=00008101-000434C12120001E --nojson
[19:15:19] 000081...: time="2026-09-04T19:15:15+07:00" level=warning msg="go-ios agent is not running. You might need to start it with 'ios tunnel start' for ios17+. Use ENABLE_GO_IOS_AGENT=user for userspace tunnel or ENABLE_GO_IOS_AGENT=kernel for kernel tunnel for the experimental daemon mode."
time="2026-09-04T19:15:15+07:00" level=warning msg="failed to get tunnel info" udid=00008101-000D6D113A89001E
time="2026-09-04T19:15:15+07:00" level=info msg="device is activated:true"
time="2026-09-04T19:15:15+07:00" level=info msg="send flush request"
time="2026-09-04T19:15:15+07:00" level=info msg="get cloud config"
"ok"
[19:15:19] 000081...: RUN: C:\TIKTOOL PRO V4\ios.exe lang --setlocale=ja_JP --setlang=ja --udid=00008101-000D6D113A89001E --nojson
[19:15:23] 000081...: time="2026-09-04T19:15:16+07:00" level=warning msg="go-ios agent is not running. You might need to start it with 'ios tunnel start' for ios17+. Use ENABLE_GO_IOS_AGENT=user for userspace tunnel or ENABLE_GO_IOS_AGENT=kernel for kernel tunnel for the experimental daemon mode."
time="2026-09-04T19:15:16+07:00" level=warning msg="failed to get tunnel info" udid=00008101-001D05820EB8001E
time="2026-09-04T19:15:16+07:00" level=info msg="device is activated:true"
time="2026-09-04T19:15:16+07:00" level=info msg="send flush request"
time="2026-09-04T19:15:16+07:00" level=info msg="get cloud config"
"ok"
[19:15:23] 000081...: RUN: C:\TIKTOOL PRO V4\ios.exe lang --setlocale=ja_JP --setlang=ja --udid=00008101-001D05820EB8001E --nojson
[19:15:27] 000081...: time="2026-09-04T19:15:16+07:00" level=warning msg="go-ios agent is not running. You might need to start it with 'ios tunnel start' for ios17+. Use ENABLE_GO_IOS_AGENT=user for userspace tunnel or ENABLE_GO_IOS_AGENT=kernel for kernel tunnel for the experimental daemon mode."
time="2026-09-04T19:15:16+07:00" level=warning msg="failed to get tunnel info" udid=00008101-00195C1036E8001E
{"Language":"ja","Locale":"ja_JP","SupportedLocales":["sv_AX","en_CN","ro_RO","en_VG","es_VC","fr_MA","en_AL","es_TT","ar_SS","fr_VU","en_GS","fr_CI","en_BW","en_JM","es_BS","en_BD","en_MG","en_PT","en_HK","ar_LB","fr_GN","ru_UA","en_CO","en_KE","en_NR","fr_MU","en_FI","nl_BQ","en_WS","en_DG","ar_SA","en_RW","en_ZM","en_BE","bn_BD","en_MH","el_CY","nl_NL","en_ER","pt_AO","en_KY","es_CL","en_VI","en_FJ","es_VE","fr_MC","en_TZ","en_ID","es_TC","zh_TW","en_GU","es_GQ","ko_CN","mr_IN","en_GB","es_MX","en_ES","es_BB","es_PR","fr_GP","pt_GW","fi_FI","en_FK","en_NA","zh_CN","en_IE","ca_IT","en_TH","en_LR","ar_KM","en_BZ","de_CH","da_GL","te_IN","en_US","en_JP","ar_QA","en_PW","ar_TN","en_BG","fr_GQ","de_LI","cs_CZ","en_NU","hu_HU","zh_HK","es_VG","ta_IN","ar_EG","ro_MD","en_LS","fr_CM","ar_SD","en_GD","ar_IL","ar_LY","en_UA","fr_TD","pt_LU","es_PA","ta_SG","en_KI","es_CO","en_FM","fr_MF","tr_CY","ar_EH","en_LT","es_IC","en_DK","pt_ST","es_GT","fr_YT","en_GE","ms_BN","en_BI","he_IL","pt_TL","en_SS","es_KY","kk_KZ","en_CA","es_VI","ar_MR","fr_MG","zh-Hant_JP","en_AR","hr_HR","ar_SY","fr_SN","en_TK","en_GY","pt_CV","en_MM","es_ES","ar_AE","fr_DZ","en_001","zh-Hant_MY","en_PG","ca_ES","fr_RW","fr_GA","en_SA","fr_BE","hi_IN","en_AS","pt_MO","en_LV","ta_LK","en_DM","en_LC","en_GG","tr_TR","es_BZ","zh-Hans_MO","es_US","en_150","it_VA","fr_TG","it_CH","en_EE","en_PH","es_HN","es_EA","en_CV","ms_SG","es_CR","en_SB","en_CC","fr_BF","sv_FI","fr_RE","en_NF","en_AT","ar_MA","nl_BE","en_GH","es_GD","th_TH","pt_FR","en_ZA","en_MO","es_003","de_IT","es_PE","de_DE","en_SC","en_NZ","en_NG","en_AU","el_GR","en_GI","ar_001","en_BM","ar_IQ","en_MP","es_PY","fr_DJ","es_EC","vi_VN","en_US_POSIX","en_CX","en_KN","en_SD","en_FR","es_CA","kn_IN","en_IL","es_AR","en_TO","zh-Hans_HK","es_GY","bg_BG","fr_NC","en_BN","ta_MY","en_UG","en_HU","en_PK","uk_UA","en_SX","en_CY","en_SE","es_CU","sk_SK","fr_BI","fr_ML","de_BE","en_IM","fr_PF","es_DM","es_LC","en_ZW","fr_CA","pl_PL","pt_CH","nl_SR","ja_JP","en_JE","fr_LU","zh-Hans_JP","en_PL","es_PH","zh_MO","fr_GF","en_CZ","fr_BJ","en_IN","zh-Hans_MY","en_AE","fr_NE","en_RO","en_MS","es_419","it_IT","ar_TD","en_SZ","fr_WF","es_SV","ru_MD","en_SG","es_CW","en_CH","ml_IN","pt_BR","en_IO","bn_IN","ar_PS","en_TR","ar_KW","es_DO","en_GM","it_SM","ms_MY","sl_SI","en_MT","es_BM","es_UY","en_PN","es_HT","en_KR","en_SH","en_VU","es_KN","fr_BL","en_NL","ca_FR","en_AG","fr_KM","fr_SC","fr_CD","ko_KP","or_IN","zh-Hant_CN","en_BR","ru_RU","en_MU","fr_TN","ar_DZ","nb_SJ","en_SI","en_VC","es_NI","ar_ER","hr_BA","fr_HT","en_TT","ar_SO","ca_AD","fr_FR","da_DK","en_BS","nl_CW","en_MV","es_BO","nb_NO","de_LU","pt_GQ","ar_JO","en_CK","fr_MQ","zh_SG","ms_ID","en_AI","fr_CF","ko_KR","en_MW","en_UM","en_SK","en_CL","en_NO","fr_MR","en_TV","fr_SY","en_TC","fr_CG","nl_SX","es_BQ","en_MX","en_BB","sv_SE","de_AT","en_PR","ar_YE","ar_DJ","lt_LT","nl_AW","ar_OM","en_SL","en_CM","ru_KZ","ru_BY","ar_BH","ru_KG","id_ID","pt_MZ","fr_PM","en_IT","en_TW","es_AG","pt_PT","en_DE","fr_CH","gu_IN","en_RU","en_GR","en_MY","es_BR"],"SupportedLanguages":["ur","lt","ja","id","mr","ms","hi","es-419","es","pl","ca","ta","fr","en-IN","or","fr-CA","da","bg","te","kk-Cyrl","pt-BR","zh-Hant-HK","hr","gu","de","th","sk","ro","sl","nb","kk","en-GB","hu","zh-HK","bn","ar","it","kn","ko","uk","pa","ru","vi","zh-Hans","zh-Hant","en-AU","ml","pt-PT","tr","fi","en-US","el","cs","sv","nl","he","en","es-US"]}
[19:15:27] 000081...: Batch Activate hoàn tất thành công.
[19:15:27] 000081...: RUN: C:\TIKTOOL PRO V4\ideviceactivation.exe activate -u 00008101-000D59493C50801E -b
[19:15:33] 000081...: NOTE: This device appears to be already activated. The server might report an error 'Device Unknown' instead of acknowledging the activation.
Activation server reports that device is already activated.
[19:15:33] 000081...: RUN: C:\TIKTOOL PRO V4\ios.exe prepare --skip-all --udid=00008101-000D59493C50801E --nojson
[19:15:34] 000081...: time="2026-09-04T19:15:33+07:00" level=warning msg="go-ios agent is not running. You might need to start it with 'ios tunnel start' for ios17+. Use ENABLE_GO_IOS_AGENT=user for userspace tunnel or ENABLE_GO_IOS_AGENT=kernel for kernel tunnel for the experimental daemon mode."
time="2026-09-04T19:15:33+07:00" level=warning msg="failed to get tunnel info" udid=00008101-000D59493C50801E
time="2026-09-04T19:15:33+07:00" level=info msg="device is activated:true"
time="2026-09-04T19:15:33+07:00" level=info msg="send flush request"
time="2026-09-04T19:15:33+07:00" level=info msg="get cloud config"
"ok"
[19:15:34] 000081...: RUN: C:\TIKTOOL PRO V4\ios.exe lang --setlocale=ja_JP --setlang=ja --udid=00008101-000D59493C50801E --nojson
[19:15:40] 000081...: time="2026-09-04T19:15:34+07:00" level=warning msg="go-ios agent is not running. You might need to start it with 'ios tunnel start' for ios17+. Use ENABLE_GO_IOS_AGENT=user for userspace tunnel or ENABLE_GO_IOS_AGENT=kernel for kernel tunnel for the experimental daemon mode."
time="2026-09-04T19:15:34+07:00" level=warning msg="failed to get tunnel info" udid=00008101-000D59493C50801E
{"Language":"ja","Locale":"ja_JP","SupportedLocales":["sv_AX","en_CN","ro_RO","en_VG","es_VC","fr_MA","en_AL","es_TT","ar_SS","fr_VU","fr_CI","en_GS","en_BW","en_JM","es_BS","en_BD","en_MG","en_PT","en_HK","ar_LB","ru_UA","fr_GN","en_CO","en_KE","en_NR","fr_MU","en_FI","nl_BQ","en_WS","en_DG","ar_SA","en_RW","en_ZM","en_BE","bn_BD","en_MH","el_CY","nl_NL","pt_AO","en_ER","en_KY","es_CL","en_VI","en_FJ","es_VE","fr_MC","en_TZ","en_ID","es_TC","zh_TW","en_GU","es_GQ","en_GB","ko_CN","mr_IN","es_MX","en_ES","es_BB","es_PR","fr_GP","pt_GW","fi_FI","en_FK","en_NA","zh_CN","en_IE","en_LR","en_TH","ca_IT","ar_KM","en_BZ","de_CH","da_GL","en_US","en_BG","en_JP","ar_QA","en_PW","te_IN","ar_TN","fr_GQ","de_LI","cs_CZ","hu_HU","en_NU","zh_HK","es_VG","ta_IN","ar_EG","ro_MD","en_LS","fr_CM","ar_SD","en_GD","ar_IL","ar_LY","en_UA","fr_TD","pt_LU","es_PA","ta_SG","en_KI","es_CO","en_FM","fr_MF","tr_CY","ar_EH","en_LT","es_IC","en_DK","pt_ST","es_GT","fr_YT","en_GE","ms_BN","en_BI","he_IL","pt_TL","en_SS","es_KY","kk_KZ","en_CA","es_VI","zh-Hant_JP","fr_MG","ar_MR","en_AR","hr_HR","ar_SY","en_TK","fr_SN","en_GY","pt_CV","fr_DZ","es_ES","ar_AE","en_MM","zh-Hant_MY","en_PG","ca_ES","fr_RW","en_001","fr_GA","en_SA","fr_BE","hi_IN","en_AS","pt_MO","en_LV","ta_LK","en_DM","en_LC","en_GG","es_BZ","tr_TR","zh-Hans_MO","es_US","en_150","it_VA","fr_TG","en_EE","it_CH","en_PH","es_EA","sv_FI","en_CV","ms_SG","en_SB","fr_RE","en_CC","fr_BF","es_CR","en_NF","es_HN","en_AT","ar_MA","nl_BE","en_GH","es_GD","th_TH","pt_FR","en_ZA","en_MO","es_003","de_IT","es_PE","de_DE","en_SC","en_NZ","en_NG","en_AU","el_GR","en_GI","ar_001","en_BM","ar_IQ","en_MP","es_PY","fr_DJ","es_EC","vi_VN","en_US_POSIX","en_CX","en_KN","en_SD","en_FR","es_CA","kn_IN","en_IL","es_AR","en_TO","zh-Hans_HK","es_GY","bg_BG","fr_NC","ta_MY","en_BN","en_UG","en_HU","en_PK","en_SX","uk_UA","en_CY","en_SE","es_CU","sk_SK","fr_BI","fr_ML","en_IM","de_BE","fr_PF","es_DM","es_LC","en_ZW","fr_CA","pl_PL","zh-Hans_JP","nl_SR","ja_JP","pt_CH","fr_LU","en_JE","en_PL","es_PH","zh_MO","en_CZ","fr_GF","fr_BJ","en_IN","zh-Hans_MY","en_AE","fr_NE","en_RO","en_MS","es_419","it_IT","ar_TD","en_SZ","fr_WF","ru_MD","ml_IN","en_SG","es_CW","es_SV","en_CH","pt_BR","en_IO","bn_IN","ar_PS","en_TR","ar_KW","es_DO","en_GM","it_SM","ms_MY","es_UY","en_MT","es_BM","sl_SI","en_PN","es_HT","en_KR","en_SH","en_VU","es_KN","fr_BL","en_NL","ca_FR","en_AG","fr_KM","fr_SC","fr_CD","ko_KP","or_IN","zh-Hant_CN","en_BR","ru_RU","en_MU","fr_TN","ar_DZ","nb_SJ","en_SI","hr_BA","es_NI","ar_ER","en_VC","fr_HT","en_TT","ar_SO","ca_AD","fr_FR","da_DK","en_BS","en_MV","es_BO","nb_NO","nl_CW","de_LU","pt_GQ","ar_JO","en_CK","fr_MQ","zh_SG","ms_ID","en_AI","fr_CF","ko_KR","en_MW","en_UM","en_SK","en_CL","en_NO","fr_MR","en_TV","fr_SY","en_TC","fr_CG","nl_SX","es_BQ","ar_YE","ru_BY","sv_SE","de_AT","en_PR","en_BB","ar_DJ","lt_LT","ar_OM","en_SL","nl_AW","en_CM","ru_KZ","en_MX","ar_BH","ru_KG","en_IT","id_ID","fr_PM","en_TW","pt_MZ","pt_PT","es_AG","en_DE","fr_CH","en_GR","en_RU","gu_IN","en_MY","es_BR"],"SupportedLanguages":["ur","lt","ja","id","mr","ms","hi","es-419","es","pl","ca","ta","fr","en-IN","or","fr-CA","da","bg","te","kk-Cyrl","pt-BR","zh-Hant-HK","hr","gu","de","th","sk","ro","sl","nb","kk","en-GB","hu","zh-HK","bn","ar","it","kn","ko","uk","pa","ru","vi","zh-Hans","zh-Hant","en-AU","ml","pt-PT","tr","fi","en-US","el","cs","sv","nl","he","en","es-US"]}
[19:15:40] 000081...: Batch Activate hoàn tất thành công.
[19:15:40] 000081...: RUN: C:\TIKTOOL PRO V4\ideviceactivation.exe activate -u 00008101-000245012293001E -b
[19:15:46] 000081...: NOTE: This device appears to be already activated. The server might report an error 'Device Unknown' instead of acknowledging the activation.
Activation server reports that device is already activated.
[19:15:46] 000081...: RUN: C:\TIKTOOL PRO V4\ios.exe prepare --skip-all --udid=00008101-000245012293001E --nojson
[19:15:47] 000081...: time="2026-09-04T19:15:46+07:00" level=warning msg="go-ios agent is not running. You might need to start it with 'ios tunnel start' for ios17+. Use ENABLE_GO_IOS_AGENT=user for userspace tunnel or ENABLE_GO_IOS_AGENT=kernel for kernel tunnel for the experimental daemon mode."
time="2026-09-04T19:15:46+07:00" level=warning msg="failed to get tunnel info" udid=00008101-000245012293001E
time="2026-09-04T19:15:46+07:00" level=info msg="device is activated:true"
time="2026-09-04T19:15:46+07:00" level=info msg="send flush request"
time="2026-09-04T19:15:46+07:00" level=info msg="get cloud config"
"ok"
[19:15:47] 000081...: RUN: C:\TIKTOOL PRO V4\ios.exe lang --setlocale=ja_JP --setlang=ja --udid=00008101-000245012293001E --nojson
[19:15:54] 000081...: time="2026-09-04T19:15:47+07:00" level=warning msg="go-ios agent is not running. You might need to start it with 'ios tunnel start' for ios17+. Use ENABLE_GO_IOS_AGENT=user for userspace tunnel or ENABLE_GO_IOS_AGENT=kernel for kernel tunnel for the experimental daemon mode."
time="2026-09-04T19:15:47+07:00" level=warning msg="failed to get tunnel info" udid=00008101-000245012293001E
{"Language":"ja","Locale":"ja_JP","SupportedLocales":["sv_AX","en_CN","ro_RO","en_VG","es_VC","fr_MA","en_AL","es_TT","ar_SS","fr_VU","en_GS","fr_CI","en_BW","en_JM","es_BS","en_BD","en_MG","en_PT","en_HK","ar_LB","fr_GN","ru_UA","en_CO","en_KE","en_NR","fr_MU","en_FI","nl_BQ","en_WS","en_DG","ar_SA","en_RW","en_ZM","en_BE","bn_BD","en_MH","el_CY","nl_NL","pt_AO","en_ER","en_KY","es_CL","en_VI","es_VE","en_FJ","fr_MC","en_TZ","en_ID","es_TC","zh_TW","en_GU","es_GQ","en_GB","ko_CN","mr_IN","es_MX","en_ES","es_BB","es_PR","fr_GP","pt_GW","fi_FI","en_FK","en_NA","zh_CN","en_IE","en_LR","en_TH","ca_IT","ar_KM","en_BZ","de_CH","da_GL","en_JP","en_BG","en_US","ar_QA","en_PW","ar_TN","te_IN","fr_GQ","de_LI","cs_CZ","en_NU","zh_HK","hu_HU","es_VG","ta_IN","ar_EG","ro_MD","en_LS","fr_CM","ar_SD","en_GD","ar_IL","ar_LY","en_UA","fr_TD","pt_LU","es_PA","ta_SG","en_KI","es_CO","en_FM","fr_MF","tr_CY","ar_EH","en_LT","es_IC","en_DK","pt_ST","es_GT","fr_YT","en_GE","ms_BN","en_BI","he_IL","pt_TL","en_SS","es_KY","kk_KZ","en_CA","es_VI","zh-Hant_JP","ar_MR","fr_MG","hr_HR","en_AR","ar_SY","fr_SN","en_TK","en_GY","pt_CV","en_MM","fr_DZ","ar_AE","es_ES","en_001","zh-Hant_MY","en_PG","fr_RW","ca_ES","fr_GA","en_SA","fr_BE","hi_IN","en_AS","pt_MO","en_LV","ta_LK","en_DM","en_LC","en_GG","es_BZ","tr_TR","it_CH","zh-Hans_MO","en_150","it_VA","fr_TG","en_EE","es_US","en_PH","es_EA","es_HN","en_CV","sv_FI","en_SB","fr_RE","en_CC","fr_BF","en_NF","es_CR","ms_SG","en_AT","ar_MA","nl_BE","en_GH","es_GD","th_TH","en_ZA","pt_FR","en_MO","es_003","de_IT","es_PE","de_DE","en_SC","en_NZ","en_NG","en_AU","el_GR","en_GI","ar_001","en_BM","ar_IQ","en_MP","es_PY","fr_DJ","es_EC","en_US_POSIX","vi_VN","en_CX","en_KN","en_SD","en_FR","es_CA","kn_IN","en_IL","es_AR","en_TO","zh-Hans_HK","es_GY","bg_BG","fr_NC","en_BN","ta_MY","en_UG","uk_UA","en_PK","en_SX","en_HU","en_CY","en_SE","sk_SK","es_CU","fr_BI","fr_ML","en_IM","de_BE","fr_PF","es_DM","es_LC","en_ZW","fr_CA","pl_PL","pt_CH","nl_SR","ja_JP","en_JE","fr_LU","zh-Hans_JP","en_PL","es_PH","en_CZ","fr_GF","zh_MO","fr_BJ","en_IN","zh-Hans_MY","en_AE","fr_NE","en_RO","en_MS","es_419","it_IT","ar_TD","en_SZ","fr_WF","ru_MD","ml_IN","en_SG","es_SV","en_CH","es_CW","pt_BR","en_IO","ar_PS","en_TR","bn_IN","ar_KW","es_DO","en_GM","it_SM","ms_MY","es_UY","en_MT","es_BM","sl_SI","en_PN","es_HT","en_KR","en_SH","en_VU","es_KN","fr_BL","en_NL","ca_FR","en_AG","fr_KM","fr_SC","fr_CD","ko_KP","or_IN","nb_SJ","zh-Hant_CN","en_BR","en_MU","fr_TN","ar_DZ","ru_RU","en_SI","en_VC","es_NI","ar_ER","hr_BA","fr_HT","en_TT","ar_SO","ca_AD","da_DK","fr_FR","en_BS","nl_CW","es_BO","nb_NO","en_MV","de_LU","en_CK","ar_JO","pt_GQ","fr_MQ","zh_SG","ms_ID","en_AI","fr_CF","ko_KR","en_MW","en_UM","en_SK","en_CL","en_NO","fr_MR","en_TV","fr_SY","en_TC","fr_CG","nl_SX","es_BQ","ar_YE","ru_BY","sv_SE","de_AT","en_PR","en_MX","ar_DJ","lt_LT","ar_OM","en_SL","nl_AW","en_CM","ru_KZ","en_BB","ar_BH","ru_KG","en_IT","id_ID","pt_MZ","fr_PM","en_TW","pt_PT","es_AG","en_DE","en_GR","gu_IN","fr_CH","en_RU","es_BR","en_MY"],"SupportedLanguages":["ur","lt","ja","id","mr","ms","hi","es-419","es","pl","ca","ta","fr","en-IN","or","fr-CA","da","bg","te","kk-Cyrl","pt-BR","zh-Hant-HK","hr","gu","de","th","sk","ro","sl","nb","kk","en-GB","hu","zh-HK","bn","ar","it","kn","ko","uk","pa","ru","vi","zh-Hans","zh-Hant","en-AU","ml","pt-PT","tr","fi","en-US","el","cs","sv","nl","he","en","es-US"]}
[19:15:54] 000081...: Batch Activate hoàn tất thành công.
[19:15:54] 000081...: RUN: C:\TIKTOOL PRO V4\ideviceactivation.exe activate -u 00008101-00115DAA2663001E -b
[19:15:59] 000081...: NOTE: This device appears to be already activated. The server might report an error 'Device Unknown' instead of acknowledging the activation.
Activation server reports that device is already activated.
[19:15:59] 000081...: RUN: C:\TIKTOOL PRO V4\ios.exe prepare --skip-all --udid=00008101-00115DAA2663001E --nojson
[19:16:00] 000081...: time="2026-09-04T19:15:59+07:00" level=warning msg="go-ios agent is not running. You might need to start it with 'ios tunnel start' for ios17+. Use ENABLE_GO_IOS_AGENT=user for userspace tunnel or ENABLE_GO_IOS_AGENT=kernel for kernel tunnel for the experimental daemon mode."
time="2026-09-04T19:15:59+07:00" level=warning msg="failed to get tunnel info" udid=00008101-00115DAA2663001E
time="2026-09-04T19:15:59+07:00" level=info msg="device is activated:true"
time="2026-09-04T19:15:59+07:00" level=info msg="send flush request"
time="2026-09-04T19:15:59+07:00" level=info msg="get cloud config"
"ok"
[19:16:00] 000081...: RUN: C:\TIKTOOL PRO V4\ios.exe lang --setlocale=ja_JP --setlang=ja --udid=00008101-00115DAA2663001E --nojson
[19:16:02] 000081...: Đã ngắt kết nối.
[19:16:02] 000081...: time="2026-09-04T19:15:23+07:00" level=warning msg="go-ios agent is not running. You might need to start it with 'ios tunnel start' for ios17+. Use ENABLE_GO_IOS_AGENT=user for userspace tunnel or ENABLE_GO_IOS_AGENT=kernel for kernel tunnel for the experimental daemon mode."
time="2026-09-04T19:15:23+07:00" level=warning msg="failed to get tunnel info" udid=00008101-001D05820EB8001E
{"Language":"ja","Locale":"ja_JP","SupportedLocales":["sv_AX","en_CN","ro_RO","en_VG","es_VC","fr_MA","en_AL","es_TT","ar_SS","fr_VU","fr_CI","en_GS","en_BW","en_JM","es_BS","en_BD","en_MG","en_PT","en_HK","ar_LB","ru_UA","fr_GN","en_CO","en_KE","en_NR","fr_MU","en_FI","nl_BQ","en_WS","en_DG","ar_SA","en_RW","en_ZM","en_BE","en_ER","bn_BD","el_CY","pt_AO","en_MH","nl_NL","en_KY","es_CL","en_VI","en_FJ","es_VE","fr_MC","en_TZ","en_ID","es_TC","zh_TW","en_GU","es_GQ","en_GB","mr_IN","ko_CN","es_MX","en_ES","es_BB","es_PR","fr_GP","pt_GW","fi_FI","en_FK","en_NA","zh_CN","en_IE","en_LR","en_TH","ca_IT","ar_KM","en_BZ","de_CH","da_GL","te_IN","en_US","en_BG","ar_QA","ar_TN","en_JP","en_PW","fr_GQ","de_LI","cs_CZ","hu_HU","zh_HK","en_NU","es_VG","ta_IN","ar_EG","ro_MD","en_LS","fr_CM","ar_SD","en_GD","ar_IL","ar_LY","en_UA","fr_TD","pt_LU","es_PA","ta_SG","en_KI","es_CO","en_FM","fr_MF","tr_CY","ar_EH","en_LT","es_IC","en_DK","pt_ST","es_GT","en_GE","fr_YT","ms_BN","en_BI","he_IL","pt_TL","en_SS","es_KY","kk_KZ","en_CA","es_VI","zh-Hant_JP","fr_MG","ar_MR","en_AR","hr_HR","ar_SY","fr_SN","en_TK","en_GY","pt_CV","en_MM","es_ES","ar_AE","fr_DZ","en_001","ca_ES","zh-Hant_MY","fr_RW","en_PG","fr_GA","en_SA","fr_BE","hi_IN","en_AS","pt_MO","en_LV","ta_LK","en_DM","en_LC","en_GG","es_BZ","tr_TR","it_CH","es_US","en_150","it_VA","fr_TG","en_EE","zh-Hans_MO","en_PH","es_EA","es_HN","en_CV","ms_SG","sv_FI","en_SB","en_CC","fr_BF","en_NF","es_CR","fr_RE","en_AT","ar_MA","nl_BE","en_GH","es_GD","th_TH","pt_FR","en_ZA","en_MO","de_IT","es_003","es_PE","de_DE","en_SC","en_NZ","en_NG","en_AU","el_GR","en_GI","ar_001","en_BM","ar_IQ","en_MP","es_PY","fr_DJ","es_EC","vi_VN","en_US_POSIX","en_CX","en_KN","en_SD","en_FR","es_CA","kn_IN","en_IL","es_AR","en_TO","zh-Hans_HK","es_GY","bg_BG","fr_NC","ta_MY","en_BN","en_UG","uk_UA","en_HU","en_SX","en_PK","en_CY","en_SE","sk_SK","es_CU","fr_BI","fr_ML","de_BE","en_IM","fr_PF","es_DM","es_LC","en_ZW","fr_CA","pl_PL","pt_CH","zh-Hans_JP","ja_JP","en_JE","fr_LU","nl_SR","en_PL","es_PH","en_CZ","fr_GF","zh_MO","fr_BJ","en_IN","zh-Hans_MY","en_AE","fr_NE","en_RO","en_MS","es_419","it_IT","ar_TD","en_SZ","fr_WF","ru_MD","ml_IN","es_SV","en_SG","es_CW","en_CH","pt_BR","en_IO","bn_IN","ar_PS","en_TR","ar_KW","es_DO","en_GM","it_SM","ms_MY","sl_SI","es_BM","es_UY","en_MT","en_PN","es_HT","en_KR","en_SH","en_VU","es_KN","fr_BL","en_NL","ca_FR","en_AG","fr_KM","fr_SC","fr_CD","ko_KP","or_IN","nb_SJ","zh-Hant_CN","ru_RU","en_MU","fr_TN","ar_DZ","en_BR","en_SI","hr_BA","es_NI","en_VC","ar_ER","fr_HT","en_TT","ar_SO","ca_AD","fr_FR","da_DK","en_BS","en_MV","es_BO","nb_NO","nl_CW","de_LU","en_CK","ar_JO","pt_GQ","fr_MQ","zh_SG","ms_ID","en_AI","fr_CF","ko_KR","en_MW","en_UM","en_SK","en_CL","en_NO","fr_MR","en_TV","fr_SY","en_TC","fr_CG","nl_SX","en_MX","es_BQ","ru_BY","sv_SE","de_AT","en_PR","en_BB","ar_DJ","lt_LT","nl_AW","ar_OM","en_SL","en_CM","ru_KZ","ar_YE","ar_BH","ru_KG","en_IT","id_ID","en_TW","pt_MZ","fr_PM","pt_PT","es_AG","en_DE","fr_CH","gu_IN","en_RU","en_GR","es_BR","en_MY"],"SupportedLanguages":["ur","lt","ja","id","mr","ms","hi","es-419","es","pl","ca","ta","fr","en-IN","or","fr-CA","da","bg","te","kk-Cyrl","pt-BR","zh-Hant-HK","hr","gu","de","th","sk","ro","sl","nb","kk","en-GB","hu","zh-HK","bn","ar","it","kn","ko","uk","pa","ru","vi","zh-Hans","zh-Hant","en-AU","ml","pt-PT","tr","fi","en-US","el","cs","sv","nl","he","en","es-US"]}
[19:16:02] 000081...: Batch Activate hoàn tất thành công.
[19:16:02] 000081...: RUN: C:\TIKTOOL PRO V4\ideviceactivation.exe activate -u 00008101-000C604836FA001E -b
[19:16:03] 000081...: time="2026-09-04T19:15:19+07:00" level=warning msg="go-ios agent is not running. You might need to start it with 'ios tunnel start' for ios17+. Use ENABLE_GO_IOS_AGENT=user for userspace tunnel or ENABLE_GO_IOS_AGENT=kernel for kernel tunnel for the experimental daemon mode."
time="2026-09-04T19:15:19+07:00" level=warning msg="failed to get tunnel info" udid=00008101-000D6D113A89001E
{"Language":"ja","Locale":"ja_JP","SupportedLocales":["sv_AX","en_CN","ro_RO","en_VG","es_VC","fr_MA","en_AL","es_TT","ar_SS","fr_VU","fr_CI","en_GS","en_BW","en_JM","es_BS","en_BD","en_MG","en_PT","en_HK","ar_LB","fr_GN","ru_UA","en_CO","en_KE","en_NR","fr_MU","en_FI","nl_BQ","en_WS","en_DG","ar_SA","en_RW","en_ZM","en_BE","en_ER","en_MH","el_CY","nl_NL","pt_AO","bn_BD","en_KY","es_CL","en_VI","es_VE","en_FJ","fr_MC","en_TZ","en_ID","es_TC","zh_TW","en_GU","es_GQ","en_GB","mr_IN","ko_CN","es_MX","en_ES","es_BB","es_PR","fr_GP","pt_GW","fi_FI","en_FK","en_NA","zh_CN","en_IE","ca_IT","en_TH","en_LR","ar_KM","en_BZ","de_CH","en_JP","te_IN","en_US","en_BG","da_GL","en_PW","ar_TN","ar_QA","fr_GQ","de_LI","cs_CZ","hu_HU","en_NU","zh_HK","es_VG","ta_IN","ar_EG","ro_MD","en_LS","fr_CM","ar_SD","en_GD","ar_IL","ar_LY","en_UA","fr_TD","pt_LU","es_PA","ta_SG","en_KI","es_CO","en_FM","fr_MF","ar_EH","tr_CY","en_LT","es_IC","en_DK","pt_ST","es_GT","en_GE","fr_YT","ms_BN","en_BI","he_IL","pt_TL","en_SS","es_KY","kk_KZ","en_CA","es_VI","zh-Hant_JP","fr_MG","ar_MR","hr_HR","en_AR","ar_SY","en_TK","fr_SN","en_GY","pt_CV","fr_DZ","en_MM","ar_AE","es_ES","en_001","zh-Hant_MY","en_PG","ca_ES","fr_RW","fr_GA","en_SA","fr_BE","hi_IN","en_AS","pt_MO","en_LV","ta_LK","en_DM","en_LC","en_GG","es_BZ","tr_TR","zh-Hans_MO","es_US","en_150","it_VA","fr_TG","en_EE","it_CH","es_EA","es_HN","sv_FI","en_CV","ms_SG","es_CR","fr_RE","en_SB","fr_BF","en_NF","en_CC","en_PH","en_AT","ar_MA","nl_BE","en_GH","es_GD","th_TH","pt_FR","en_ZA","en_MO","es_003","de_IT","es_PE","de_DE","en_NZ","en_SC","en_NG","en_AU","el_GR","en_GI","ar_001","en_BM","ar_IQ","en_MP","es_PY","fr_DJ","es_EC","vi_VN","en_US_POSIX","en_CX","en_KN","en_SD","en_FR","es_CA","kn_IN","en_IL","es_AR","en_TO","zh-Hans_HK","es_GY","bg_BG","fr_NC","en_BN","ta_MY","en_UG","en_HU","en_PK","uk_UA","en_SX","en_CY","es_CU","sk_SK","en_SE","fr_BI","fr_ML","de_BE","en_IM","fr_PF","es_DM","es_LC","en_ZW","fr_CA","pl_PL","pt_CH","zh-Hans_JP","ja_JP","en_JE","nl_SR","fr_LU","en_PL","es_PH","zh_MO","fr_GF","en_CZ","fr_BJ","en_IN","zh-Hans_MY","en_AE","en_RO","fr_NE","en_MS","es_419","it_IT","ar_TD","en_SZ","fr_WF","ru_MD","ml_IN","es_CW","es_SV","en_SG","en_CH","pt_BR","en_IO","bn_IN","ar_PS","en_TR","ar_KW","es_DO","en_GM","it_SM","ms_MY","sl_SI","es_UY","es_BM","en_MT","en_PN","es_HT","en_KR","en_SH","en_VU","es_KN","fr_BL","en_NL","ca_FR","en_AG","fr_KM","fr_SC","fr_CD","ko_KP","or_IN","nb_SJ","zh-Hant_CN","en_MU","en_BR","ru_RU","ar_DZ","fr_TN","en_SI","en_VC","es_NI","hr_BA","ar_ER","fr_HT","en_TT","ar_SO","ca_AD","fr_FR","da_DK","en_BS","nl_CW","en_MV","es_BO","nb_NO","de_LU","pt_GQ","ar_JO","en_CK","fr_MQ","zh_SG","ms_ID","en_AI","fr_CF","ko_KR","en_MW","en_UM","en_SK","en_CL","en_NO","fr_MR","en_TV","fr_SY","en_TC","fr_CG","nl_SX","es_BQ","ar_YE","ru_BY","sv_SE","en_BB","de_AT","en_PR","ar_DJ","en_MX","nl_AW","lt_LT","en_SL","en_CM","ru_KZ","ar_OM","ar_BH","ru_KG","en_IT","pt_MZ","fr_PM","en_TW","id_ID","es_AG","pt_PT","en_DE","fr_CH","en_GR","en_RU","gu_IN","es_BR","en_MY"],"SupportedLanguages":["ur","lt","ja","id","mr","ms","hi","es-419","es","pl","ca","ta","fr","en-IN","or","fr-CA","da","bg","te","kk-Cyrl","pt-BR","zh-Hant-HK","hr","gu","de","th","sk","ro","sl","nb","kk","en-GB","hu","zh-HK","bn","ar","it","kn","ko","uk","pa","ru","vi","zh-Hans","zh-Hant","en-AU","ml","pt-PT","tr","fi","en-US","el","cs","sv","nl","he","en","es-US"]}
[19:16:03] 000081...: Batch Activate hoàn tất thành công.
[19:16:03] 000081...: RUN: C:\TIKTOOL PRO V4\ideviceactivation.exe activate -u 00008101-00152C1E21C2001E -b
[19:16:03] 000081...: Kết nối: iPhone • iOS 26.6.1
[19:16:07] 000081...: NOTE: This device appears to be already activated. The server might report an error 'Device Unknown' instead of acknowledging the activation.
Activation server reports that device is already activated.
[19:16:07] 000081...: RUN: C:\TIKTOOL PRO V4\ios.exe prepare --skip-all --udid=00008101-000C604836FA001E --nojson
[19:16:08] 000081...: NOTE: This device appears to be already activated. The server might report an error 'Device Unknown' instead of acknowledging the activation.
Activation server reports that device is already activated.
[19:16:08] 000081...: RUN: C:\TIKTOOL PRO V4\ios.exe prepare --skip-all --udid=00008101-00152C1E21C2001E --nojson
[19:16:08] 000081...: time="2026-09-04T19:16:07+07:00" level=warning msg="go-ios agent is not running. You might need to start it with 'ios tunnel start' for ios17+. Use ENABLE_GO_IOS_AGENT=user for userspace tunnel or ENABLE_GO_IOS_AGENT=kernel for kernel tunnel for the experimental daemon mode."
time="2026-09-04T19:16:07+07:00" level=warning msg="failed to get tunnel info" udid=00008101-000C604836FA001E
time="2026-09-04T19:16:07+07:00" level=info msg="device is activated:true"
time="2026-09-04T19:16:07+07:00" level=info msg="send flush request"
time="2026-09-04T19:16:08+07:00" level=info msg="get cloud config"
"ok"
[19:16:08] 000081...: RUN: C:\TIKTOOL PRO V4\ios.exe lang --setlocale=ja_JP --setlang=ja --udid=00008101-000C604836FA001E --nojson
[19:16:09] 000081...: time="2026-09-04T19:16:08+07:00" level=warning msg="go-ios agent is not running. You might need to start it with 'ios tunnel start' for ios17+. Use ENABLE_GO_IOS_AGENT=user for userspace tunnel or ENABLE_GO_IOS_AGENT=kernel for kernel tunnel for the experimental daemon mode."
time="2026-09-04T19:16:08+07:00" level=warning msg="failed to get tunnel info" udid=00008101-00152C1E21C2001E
time="2026-09-04T19:16:08+07:00" level=info msg="device is activated:true"
time="2026-09-04T19:16:08+07:00" level=info msg="send flush request"
time="2026-09-04T19:16:08+07:00" level=info msg="get cloud config"
"ok"
[19:16:09] 000081...: RUN: C:\TIKTOOL PRO V4\ios.exe lang --setlocale=ja_JP --setlang=ja --udid=00008101-00152C1E21C2001E --nojson
[19:16:11] 000081...: time="2026-09-04T19:16:00+07:00" level=warning msg="go-ios agent is not running. You might need to start it with 'ios tunnel start' for ios17+. Use ENABLE_GO_IOS_AGENT=user for userspace tunnel or ENABLE_GO_IOS_AGENT=kernel for kernel tunnel for the experimental daemon mode."
time="2026-09-04T19:16:00+07:00" level=warning msg="failed to get tunnel info" udid=00008101-00115DAA2663001E
{"Language":"ja","Locale":"ja_JP","SupportedLocales":["sv_AX","en_CN","ro_RO","en_VG","es_VC","fr_MA","en_AL","es_TT","ar_SS","fr_VU","fr_CI","en_GS","en_BW","en_JM","es_BS","en_BD","en_MG","en_PT","en_HK","ar_LB","fr_GN","ru_UA","en_CO","en_KE","en_NR","fr_MU","en_FI","nl_BQ","en_WS","en_DG","ar_SA","en_RW","en_ZM","en_BE","en_ER","bn_BD","en_MH","nl_NL","pt_AO","el_CY","en_KY","es_CL","en_VI","en_FJ","es_VE","fr_MC","en_TZ","en_ID","es_TC","zh_TW","en_GU","es_GQ","en_GB","mr_IN","ko_CN","es_MX","en_ES","es_BB","es_PR","fr_GP","pt_GW","fi_FI","en_FK","en_NA","zh_CN","en_IE","en_LR","ca_IT","en_TH","ar_KM","en_BZ","de_CH","da_GL","te_IN","en_US","en_BG","en_JP","en_PW","ar_QA","ar_TN","fr_GQ","de_LI","cs_CZ","en_NU","zh_HK","hu_HU","es_VG","ta_IN","ar_EG","ro_MD","en_LS","fr_CM","ar_SD","en_GD","ar_IL","ar_LY","en_UA","fr_TD","pt_LU","es_PA","ta_SG","en_KI","es_CO","en_FM","fr_MF","tr_CY","ar_EH","en_LT","es_IC","en_DK","pt_ST","es_GT","fr_YT","en_GE","ms_BN","en_BI","he_IL","pt_TL","en_SS","es_KY","kk_KZ","en_CA","es_VI","zh-Hant_JP","ar_MR","fr_MG","hr_HR","en_AR","ar_SY","fr_SN","en_TK","en_GY","pt_CV","en_MM","es_ES","ar_AE","fr_DZ","zh-Hant_MY","ca_ES","en_001","fr_RW","en_PG","fr_GA","en_SA","fr_BE","hi_IN","en_AS","pt_MO","en_LV","ta_LK","en_DM","en_LC","en_GG","es_BZ","tr_TR","zh-Hans_MO","es_US","en_150","it_VA","fr_TG","en_EE","it_CH","en_PH","es_HN","es_EA","en_CV","sv_FI","es_CR","ms_SG","en_CC","fr_BF","en_NF","fr_RE","en_SB","en_AT","ar_MA","nl_BE","en_GH","th_TH","es_GD","pt_FR","en_ZA","en_MO","es_003","de_IT","es_PE","de_DE","en_SC","en_NZ","en_NG","en_AU","el_GR","en_GI","ar_001","en_BM","ar_IQ","en_MP","es_PY","fr_DJ","es_EC","en_US_POSIX","vi_VN","en_CX","en_KN","en_SD","en_FR","es_CA","kn_IN","en_IL","es_AR","en_TO","zh-Hans_HK","bg_BG","es_GY","fr_NC","ta_MY","en_BN","en_UG","uk_UA","en_PK","en_SX","en_HU","en_CY","en_SE","sk_SK","es_CU","fr_BI","fr_ML","de_BE","en_IM","fr_PF","es_DM","es_LC","en_ZW","fr_CA","pl_PL","pt_CH","nl_SR","en_JE","zh-Hans_JP","fr_LU","ja_JP","en_PL","es_PH","zh_MO","fr_GF","en_CZ","fr_BJ","en_IN","zh-Hans_MY","en_AE","en_RO","fr_NE","en_MS","es_419","it_IT","ar_TD","en_SZ","fr_WF","es_SV","ml_IN","en_SG","ru_MD","en_CH","es_CW","pt_BR","en_IO","ar_PS","en_TR","bn_IN","ar_KW","es_DO","en_GM","it_SM","ms_MY","sl_SI","es_UY","es_BM","en_MT","en_PN","es_HT","en_KR","en_SH","en_VU","es_KN","fr_BL","en_NL","ca_FR","en_AG","fr_KM","fr_SC","fr_CD","ko_KP","or_IN","nb_SJ","zh-Hant_CN","en_MU","en_BR","fr_TN","ru_RU","ar_DZ","en_SI","hr_BA","es_NI","ar_ER","en_VC","fr_HT","en_TT","ar_SO","ca_AD","fr_FR","da_DK","en_BS","es_BO","en_MV","nb_NO","nl_CW","de_LU","en_CK","ar_JO","pt_GQ","fr_MQ","zh_SG","ms_ID","en_AI","fr_CF","ko_KR","en_MW","en_UM","en_SK","en_CL","en_NO","fr_MR","en_TV","fr_SY","en_TC","fr_CG","nl_SX","es_BQ","ar_YE","en_MX","sv_SE","de_AT","ru_BY","en_BB","ar_DJ","lt_LT","nl_AW","ar_OM","en_SL","en_CM","ru_KZ","en_PR","ar_BH","ru_KG","en_IT","id_ID","en_TW","fr_PM","pt_MZ","es_AG","pt_PT","en_DE","gu_IN","fr_CH","en_RU","en_GR","en_MY","es_BR"],"SupportedLanguages":["ur","lt","ja","id","mr","ms","hi","es-419","es","pl","ca","ta","fr","en-IN","or","fr-CA","da","bg","te","kk-Cyrl","pt-BR","zh-Hant-HK","hr","gu","de","th","sk","ro","sl","nb","kk","en-GB","hu","zh-HK","bn","ar","it","kn","ko","uk","pa","ru","vi","zh-Hans","zh-Hant","en-AU","ml","pt-PT","tr","fi","en-US","el","cs","sv","nl","he","en","es-US"]}
[19:16:11] 000081...: Batch Activate hoàn tất thành công.
[19:16:11] 000081...: RUN: C:\TIKTOOL PRO V4\ideviceactivation.exe activate -u 00008101-0011548002C1001E -b
[19:16:15] 000081...: time="2026-09-04T19:16:09+07:00" level=warning msg="go-ios agent is not running. You might need to start it with 'ios tunnel start' for ios17+. Use ENABLE_GO_IOS_AGENT=user for userspace tunnel or ENABLE_GO_IOS_AGENT=kernel for kernel tunnel for the experimental daemon mode."
time="2026-09-04T19:16:09+07:00" level=warning msg="failed to get tunnel info" udid=00008101-00152C1E21C2001E
{"Language":"ja","Locale":"ja_JP","SupportedLocales":["sv_AX","en_CN","ro_RO","en_VG","es_VC","fr_MA","en_AL","es_TT","ar_SS","fr_VU","fr_CI","en_GS","en_BW","en_JM","es_BS","en_BD","en_MG","en_PT","en_HK","fr_GN","ru_UA","ar_LB","en_CO","en_KE","en_NR","fr_MU","en_FI","nl_BQ","en_WS","en_DG","ar_SA","en_RW","en_ZM","en_BE","en_ER","bn_BD","en_MH","nl_NL","pt_AO","el_CY","en_KY","es_CL","en_VI","es_VE","en_FJ","fr_MC","en_TZ","en_ID","es_TC","zh_TW","en_GU","es_GQ","en_GB","mr_IN","ko_CN","es_MX","en_ES","es_BB","es_PR","fr_GP","pt_GW","fi_FI","en_FK","en_NA","zh_CN","en_IE","ca_IT","en_TH","en_LR","ar_KM","en_BZ","de_CH","en_JP","te_IN","en_US","en_BG","ar_QA","ar_TN","da_GL","en_PW","fr_GQ","de_LI","cs_CZ","hu_HU","zh_HK","en_NU","es_VG","ta_IN","ar_EG","ro_MD","en_LS","fr_CM","ar_SD","en_GD","ar_IL","ar_LY","en_UA","fr_TD","pt_LU","es_PA","ta_SG","en_KI","es_CO","en_FM","fr_MF","ar_EH","tr_CY","en_LT","es_IC","en_DK","pt_ST","es_GT","fr_YT","en_GE","ms_BN","en_BI","he_IL","pt_TL","en_SS","es_KY","kk_KZ","en_CA","es_VI","zh-Hant_JP","ar_MR","fr_MG","hr_HR","en_AR","en_TK","ar_SY","fr_SN","en_GY","pt_CV","fr_DZ","en_MM","ar_AE","es_ES","en_001","en_PG","ca_ES","fr_RW","zh-Hant_MY","fr_GA","en_SA","fr_BE","hi_IN","en_AS","pt_MO","en_LV","ta_LK","en_DM","en_LC","en_GG","es_BZ","tr_TR","it_CH","zh-Hans_MO","en_150","es_US","fr_TG","en_EE","it_VA","es_EA","es_HN","sv_FI","en_CV","ms_SG","en_SB","fr_RE","en_CC","es_CR","en_NF","fr_BF","en_PH","en_AT","ar_MA","nl_BE","en_GH","es_GD","th_TH","pt_FR","en_ZA","en_MO","es_003","de_IT","es_PE","de_DE","en_SC","en_NZ","en_NG","en_AU","el_GR","en_GI","ar_001","en_BM","ar_IQ","en_MP","es_PY","fr_DJ","es_EC","vi_VN","en_US_POSIX","en_CX","en_KN","en_SD","en_FR","es_CA","kn_IN","en_IL","es_AR","en_TO","zh-Hans_HK","es_GY","bg_BG","fr_NC","ta_MY","en_BN","en_UG","uk_UA","en_PK","en_SX","en_HU","en_CY","en_SE","es_CU","sk_SK","fr_BI","fr_ML","de_BE","en_IM","fr_PF","es_DM","es_LC","en_ZW","fr_CA","pl_PL","pt_CH","nl_SR","en_JE","ja_JP","fr_LU","zh-Hans_JP","en_PL","zh_MO","en_CZ","fr_GF","es_PH","fr_BJ","en_IN","zh-Hans_MY","en_AE","fr_NE","en_RO","en_MS","es_419","it_IT","ar_TD","en_SZ","fr_WF","ru_MD","ml_IN","es_CW","es_SV","en_CH","en_SG","pt_BR","en_IO","bn_IN","ar_PS","en_TR","ar_KW","es_DO","en_GM","it_SM","ms_MY","sl_SI","en_MT","es_BM","es_UY","en_PN","es_HT","en_KR","en_SH","en_VU","es_KN","fr_BL","en_NL","ca_FR","en_AG","fr_KM","fr_SC","fr_CD","ko_KP","or_IN","nb_SJ","zh-Hant_CN","ru_RU","en_BR","fr_TN","en_MU","ar_DZ","en_SI","hr_BA","es_NI","ar_ER","en_VC","fr_HT","en_TT","ar_SO","ca_AD","fr_FR","da_DK","en_BS","nl_CW","en_MV","nb_NO","es_BO","de_LU","pt_GQ","ar_JO","en_CK","fr_MQ","zh_SG","ms_ID","en_AI","fr_CF","ko_KR","en_MW","en_UM","en_SK","en_CL","en_NO","fr_MR","en_TV","fr_SY","en_TC","fr_CG","nl_SX","en_MX","ar_YE","ru_BY","en_BB","de_AT","en_PR","sv_SE","ar_DJ","lt_LT","nl_AW","en_SL","ar_OM","en_CM","ru_KZ","es_BQ","ar_BH","ru_KG","en_IT","id_ID","fr_PM","en_TW","pt_MZ","es_AG","pt_PT","en_DE","fr_CH","gu_IN","en_RU","en_GR","es_BR","en_MY"],"SupportedLanguages":["ur","lt","ja","id","mr","ms","hi","es-419","es","pl","ca","ta","fr","en-IN","or","fr-CA","da","bg","te","kk-Cyrl","pt-BR","zh-Hant-HK","hr","gu","de","th","sk","ro","sl","nb","kk","en-GB","hu","zh-HK","bn","ar","it","kn","ko","uk","pa","ru","vi","zh-Hans","zh-Hant","en-AU","ml","pt-PT","tr","fi","en-US","el","cs","sv","nl","he","en","es-US"]}
[19:16:15] 000081...: Batch Activate hoàn tất thành công.
[19:16:17] 000081...: NOTE: This device appears to be already activated. The server might report an error 'Device Unknown' instead of acknowledging the activation.
Activation server reports that device is already activated.
[19:16:17] 000081...: RUN: C:\TIKTOOL PRO V4\ios.exe prepare --skip-all --udid=00008101-0011548002C1001E --nojson
[19:16:18] 000081...: time="2026-09-04T19:16:17+07:00" level=warning msg="go-ios agent is not running. You might need to start it with 'ios tunnel start' for ios17+. Use ENABLE_GO_IOS_AGENT=user for userspace tunnel or ENABLE_GO_IOS_AGENT=kernel for kernel tunnel for the experimental daemon mode."
time="2026-09-04T19:16:17+07:00" level=warning msg="failed to get tunnel info" udid=00008101-0011548002C1001E
time="2026-09-04T19:16:17+07:00" level=info msg="device is activated:true"
time="2026-09-04T19:16:17+07:00" level=info msg="send flush request"
time="2026-09-04T19:16:17+07:00" level=info msg="get cloud config"
"ok"
[19:16:18] 000081...: RUN: C:\TIKTOOL PRO V4\ios.exe lang --setlocale=ja_JP --setlang=ja --udid=00008101-0011548002C1001E --nojson
[19:16:20] 000081...: time="2026-09-04T19:16:08+07:00" level=warning msg="go-ios agent is not running. You might need to start it with 'ios tunnel start' for ios17+. Use ENABLE_GO_IOS_AGENT=user for userspace tunnel or ENABLE_GO_IOS_AGENT=kernel for kernel tunnel for the experimental daemon mode."
time="2026-09-04T19:16:08+07:00" level=warning msg="failed to get tunnel info" udid=00008101-000C604836FA001E
{"Language":"ja","Locale":"ja_JP","SupportedLocales":["sv_AX","en_CN","ro_RO","en_VG","es_VC","fr_MA","en_AL","es_TT","ar_SS","fr_VU","fr_CI","en_GS","en_BW","en_JM","es_BS","en_BD","en_MG","en_PT","en_HK","ar_LB","fr_GN","ru_UA","en_CO","en_KE","en_NR","fr_MU","en_FI","nl_BQ","en_WS","en_DG","ar_SA","en_RW","en_ZM","en_BE","bn_BD","en_MH","el_CY","nl_NL","en_ER","pt_AO","en_KY","es_CL","en_VI","es_VE","en_FJ","fr_MC","en_TZ","en_ID","es_TC","zh_TW","en_GU","es_GQ","en_GB","ko_CN","mr_IN","es_MX","en_ES","es_BB","es_PR","fr_GP","pt_GW","fi_FI","en_FK","en_NA","zh_CN","en_IE","en_LR","ca_IT","en_TH","ar_KM","en_BZ","de_CH","da_GL","te_IN","en_US","en_JP","ar_QA","en_PW","ar_TN","en_BG","fr_GQ","de_LI","cs_CZ","hu_HU","zh_HK","en_NU","es_VG","ta_IN","ar_EG","ro_MD","en_LS","fr_CM","ar_SD","en_GD","ar_IL","ar_LY","en_UA","fr_TD","pt_LU","es_PA","ta_SG","en_KI","es_CO","en_FM","fr_MF","tr_CY","ar_EH","en_LT","es_IC","en_DK","pt_ST","es_GT","en_GE","fr_YT","ms_BN","en_BI","he_IL","pt_TL","en_SS","es_KY","kk_KZ","en_CA","es_VI","zh-Hant_JP","ar_MR","fr_MG","hr_HR","en_AR","ar_SY","fr_SN","en_TK","en_GY","pt_CV","fr_DZ","es_ES","ar_AE","en_MM","en_001","en_PG","ca_ES","fr_RW","zh-Hant_MY","fr_GA","en_SA","fr_BE","hi_IN","en_AS","pt_MO","en_LV","ta_LK","en_DM","en_LC","en_GG","es_BZ","tr_TR","it_CH","es_US","en_150","it_VA","zh-Hans_MO","en_EE","fr_TG","es_EA","es_HN","sv_FI","ms_SG","en_CV","es_CR","en_SB","en_CC","fr_BF","en_NF","fr_RE","en_PH","en_AT","ar_MA","nl_BE","en_GH","es_GD","th_TH","pt_FR","en_ZA","en_MO","de_IT","es_003","es_PE","de_DE","en_NZ","en_SC","en_NG","en_AU","el_GR","en_GI","ar_001","en_BM","ar_IQ","en_MP","es_PY","fr_DJ","es_EC","vi_VN","en_US_POSIX","en_CX","en_KN","en_SD","en_FR","es_CA","kn_IN","en_IL","es_AR","en_TO","zh-Hans_HK","es_GY","bg_BG","fr_NC","en_BN","ta_MY","en_UG","uk_UA","en_PK","en_SX","en_HU","en_CY","en_SE","es_CU","sk_SK","fr_BI","fr_ML","en_IM","de_BE","fr_PF","es_DM","es_LC","en_ZW","fr_CA","pl_PL","zh-Hans_JP","nl_SR","en_JE","ja_JP","pt_CH","fr_LU","en_PL","es_PH","zh_MO","fr_GF","en_CZ","fr_BJ","en_IN","zh-Hans_MY","en_AE","fr_NE","en_RO","en_MS","es_419","it_IT","ar_TD","en_SZ","fr_WF","es_SV","ml_IN","en_SG","es_CW","ru_MD","en_CH","pt_BR","en_IO","bn_IN","en_TR","ar_PS","ar_KW","es_DO","en_GM","it_SM","ms_MY","sl_SI","en_MT","es_BM","es_UY","en_PN","es_HT","en_KR","en_SH","en_VU","es_KN","fr_BL","en_NL","ca_FR","en_AG","fr_KM","fr_SC","fr_CD","ko_KP","or_IN","nb_SJ","en_BR","ru_RU","en_MU","fr_TN","ar_DZ","zh-Hant_CN","en_SI","hr_BA","es_NI","ar_ER","en_VC","fr_HT","en_TT","ar_SO","ca_AD","fr_FR","da_DK","en_BS","nl_CW","en_MV","nb_NO","es_BO","de_LU","en_CK","ar_JO","pt_GQ","fr_MQ","zh_SG","ms_ID","en_AI","fr_CF","ko_KR","en_MW","en_UM","en_SK","en_CL","en_NO","fr_MR","en_TV","fr_SY","en_TC","fr_CG","nl_SX","en_MX","ar_YE","en_BB","sv_SE","de_AT","es_BQ","ru_BY","ar_DJ","en_PR","nl_AW","ar_OM","en_SL","en_CM","ru_KZ","lt_LT","ar_BH","ru_KG","en_IT","pt_MZ","fr_PM","en_TW","id_ID","pt_PT","es_AG","en_DE","fr_CH","gu_IN","en_GR","en_RU","es_BR","en_MY"],"SupportedLanguages":["ur","lt","ja","id","mr","ms","hi","es-419","es","pl","ca","ta","fr","en-IN","or","fr-CA","da","bg","te","kk-Cyrl","pt-BR","zh-Hant-HK","hr","gu","de","th","sk","ro","sl","nb","kk","en-GB","hu","zh-HK","bn","ar","it","kn","ko","uk","pa","ru","vi","zh-Hans","zh-Hant","en-AU","ml","pt-PT","tr","fi","en-US","el","cs","sv","nl","he","en","es-US"]}
[19:16:20] 000081...: Batch Activate hoàn tất thành công.
[19:16:25] 000081...: time="2026-09-04T19:16:18+07:00" level=warning msg="go-ios agent is not running. You might need to start it with 'ios tunnel start' for ios17+. Use ENABLE_GO_IOS_AGENT=user for userspace tunnel or ENABLE_GO_IOS_AGENT=kernel for kernel tunnel for the experimental daemon mode."
time="2026-09-04T19:16:18+07:00" level=warning msg="failed to get tunnel info" udid=00008101-0011548002C1001E
{"Language":"ja","Locale":"ja_JP","SupportedLocales":["sv_AX","en_CN","ro_RO","en_VG","es_VC","fr_MA","en_AL","es_TT","ar_SS","fr_VU","en_GS","fr_CI","en_BW","en_JM","es_BS","en_BD","en_MG","en_PT","en_HK","ar_LB","fr_GN","ru_UA","en_CO","en_KE","en_NR","fr_MU","en_FI","nl_BQ","en_WS","en_DG","ar_SA","en_RW","en_ZM","en_BE","en_ER","en_MH","el_CY","nl_NL","pt_AO","bn_BD","en_KY","es_CL","en_VI","en_FJ","es_VE","fr_MC","en_TZ","en_ID","es_TC","zh_TW","en_GU","es_GQ","en_GB","mr_IN","ko_CN","es_MX","en_ES","es_BB","es_PR","fr_GP","pt_GW","fi_FI","en_FK","en_NA","zh_CN","en_IE","en_LR","en_TH","ca_IT","ar_KM","en_BZ","de_CH","da_GL","te_IN","en_US","en_JP","ar_QA","en_PW","ar_TN","en_BG","fr_GQ","de_LI","cs_CZ","hu_HU","zh_HK","en_NU","es_VG","ta_IN","ar_EG","ro_MD","en_LS","fr_CM","ar_SD","en_GD","ar_IL","ar_LY","en_UA","fr_TD","pt_LU","es_PA","ta_SG","en_KI","es_CO","en_FM","fr_MF","tr_CY","ar_EH","en_LT","es_IC","en_DK","pt_ST","es_GT","fr_YT","en_GE","ms_BN","en_BI","he_IL","pt_TL","en_SS","es_KY","kk_KZ","en_CA","es_VI","zh-Hant_JP","fr_MG","ar_MR","hr_HR","en_AR","ar_SY","fr_SN","en_TK","en_GY","pt_CV","en_MM","es_ES","ar_AE","fr_DZ","en_001","zh-Hant_MY","en_PG","ca_ES","fr_RW","fr_GA","en_SA","fr_BE","hi_IN","en_AS","pt_MO","en_LV","ta_LK","en_DM","en_LC","en_GG","es_BZ","tr_TR","it_CH","zh-Hans_MO","es_US","en_150","fr_TG","en_EE","it_VA","en_PH","es_EA","sv_FI","en_CV","ms_SG","en_SB","fr_RE","en_CC","fr_BF","en_NF","es_CR","es_HN","en_AT","ar_MA","nl_BE","en_GH","es_GD","th_TH","pt_FR","en_ZA","en_MO","es_003","de_IT","es_PE","de_DE","en_NZ","en_SC","en_NG","en_AU","el_GR","en_GI","ar_001","en_BM","ar_IQ","en_MP","es_PY","fr_DJ","es_EC","vi_VN","en_US_POSIX","en_CX","en_KN","en_SD","en_FR","es_CA","kn_IN","en_IL","es_AR","en_TO","zh-Hans_HK","es_GY","bg_BG","fr_NC","ta_MY","en_BN","en_UG","en_HU","en_PK","uk_UA","en_SX","en_CY","es_CU","sk_SK","en_SE","fr_BI","fr_ML","en_IM","de_BE","fr_PF","es_DM","es_LC","en_ZW","fr_CA","pl_PL","pt_CH","zh-Hans_JP","ja_JP","nl_SR","fr_LU","en_JE","en_PL","zh_MO","es_PH","fr_GF","en_CZ","fr_BJ","en_IN","zh-Hans_MY","en_AE","en_RO","fr_NE","en_MS","es_419","it_IT","ar_TD","en_SZ","fr_WF","es_SV","ml_IN","en_SG","es_CW","ru_MD","en_CH","pt_BR","en_IO","bn_IN","ar_PS","en_TR","ar_KW","es_DO","en_GM","it_SM","ms_MY","es_UY","en_MT","es_BM","sl_SI","en_PN","es_HT","en_KR","en_SH","en_VU","es_KN","fr_BL","en_NL","ca_FR","en_AG","fr_KM","fr_SC","fr_CD","ko_KP","or_IN","nb_SJ","en_BR","en_MU","ru_RU","fr_TN","zh-Hant_CN","ar_DZ","en_SI","hr_BA","es_NI","en_VC","ar_ER","fr_HT","en_TT","ar_SO","ca_AD","da_DK","fr_FR","en_BS","nl_CW","en_MV","es_BO","nb_NO","de_LU","en_CK","pt_GQ","ar_JO","fr_MQ","zh_SG","ms_ID","en_AI","fr_CF","ko_KR","en_MW","en_UM","en_SK","en_CL","en_NO","fr_MR","en_TV","fr_SY","en_TC","fr_CG","nl_SX","en_MX","ar_YE","ru_BY","sv_SE","en_BB","de_AT","es_BQ","ar_DJ","lt_LT","nl_AW","ar_OM","en_SL","en_CM","ru_KZ","en_PR","ar_BH","ru_KG","en_IT","id_ID","fr_PM","en_TW","pt_MZ","pt_PT","es_AG","en_DE","en_GR","fr_CH","en_RU","gu_IN","es_BR","en_MY"],"SupportedLanguages":["ur","lt","ja","id","mr","ms","hi","es-419","es","pl","ca","ta","fr","en-IN","or","fr-CA","da","bg","te","kk-Cyrl","pt-BR","zh-Hant-HK","hr","gu","de","th","sk","ro","sl","nb","kk","en-GB","hu","zh-HK","bn","ar","it","kn","ko","uk","pa","ru","vi","zh-Hans","zh-Hant","en-AU","ml","pt-PT","tr","fi","en-US","el","cs","sv","nl","he","en","es-US"]}
[19:16:25] 000081...: Batch Activate hoàn tất thành công.
[19:16:41] 000081...: Đã ngắt kết nối.
[19:16:42] 000081...: Đã ngắt kết nối.
[19:16:42] 000081...: Đã ngắt kết nối.
[19:16:42] 000081...: Đã ngắt kết nối.
[19:16:43] 000081...: Đã ngắt kết nối.
[19:16:43] 000081...: Đã ngắt kết nối.
[19:16:44] 000081...: Đã ngắt kết nối.
[19:16:44] 000081...: Đã ngắt kết nối.
[19:16:44] 000081...: Đã ngắt kết nối.
[19:16:44] 000081...: Đã ngắt kết nối.
[19:16:56] 000081...: Kết nối: iPhone • iOS 26.6.1
[19:16:57] 000081...: Kết nối: iPhone • iOS 26.6.1
[19:16:58] 000081...: Kết nối: iPhone • iOS 26.6.1
[19:17:00] 000081...: Kết nối: iPhone • iOS 26.6.1
[19:17:01] 000081...: Kết nối: iPhone • iOS 26.6.1
[19:17:02] 000081...: Kết nối: iPhone • iOS 26.6.1
[19:17:05] 000081...: Kết nối: iPhone • iOS 26.6.1
[19:17:05] 000081...: Kết nối: iPhone • iOS 26.6.1
[19:17:06] 000081...: Kết nối: iPhone • iOS 26.6.1
[19:17:08] 000081...: Kết nối: iPhone • iOS 26.6.1
[19:17:17] 000081...: time="2026-09-04T19:15:17+07:00" level=warning msg="go-ios agent is not running. You might need to start it with 'ios tunnel start' for ios17+. Use ENABLE_GO_IOS_AGENT=user for userspace tunnel or ENABLE_GO_IOS_AGENT=kernel for kernel tunnel for the experimental daemon mode."
time="2026-09-04T19:15:17+07:00" level=warning msg="failed to get tunnel info" udid=00008101-000434C12120001E
Command timed out
[19:17:17] 000081...: Đặt ngôn ngữ sau Activate thất bại!
[19:17:29] SYSTEM...: Restore chuyển kho: B ➜ A | 119 bản backup | 10 máy ghép nối
[19:17:31] 000081...: SUCCESS: Validated pairing with device 00008101-000101C61E44001E
[19:17:31] 000081...: Đang tạo bản staging riêng; backup gốc chỉ được đọc...
[19:17:31] 000081...: SUCCESS: Validated pairing with device 00008101-000124C011A3001E
[19:17:31] 000081...: Đang tạo bản staging riêng; backup gốc chỉ được đọc...
[19:17:31] 000081...: SUCCESS: Validated pairing with device 00008101-000E41E036E8001E
[19:17:31] 000081...: Đang tạo bản staging riêng; backup gốc chỉ được đọc...
[19:17:32] 000081...: SUCCESS: Validated pairing with device 00008101-000B05581468001E
[19:17:32] 000081...: Đang tạo bản staging riêng; backup gốc chỉ được đọc...
[19:17:44] 000081...: [=                                                 ]   1% Finished
[19:17:45] 000081...: [=                                                 ]   1% Finished
[19:17:45] 000081...: [==                                                ]   3% Finished
[19:17:45] 000081...: [=                                                 ]   1% Finished
[19:17:46] 000081...: [=                                                 ]   1% Finished
[19:17:46] 000081...: [======                                            ]  11% Finished
[19:17:46] 000081...: [=========                                         ]  17% Finished
[19:17:46] 000081...: [===                                               ]   6% Finished
[19:17:47] 000081...: [====                                              ]   7% Finished
[19:17:47] 000081...: [============                                      ]  23% Finished
[19:17:47] 000081...: [===                                               ]   6% Finished
[19:17:47] 000081...: [======                                            ]  11% Finished
[19:17:48] 000081...: [======                                            ]  12% Finished
[19:17:49] 000081...: [==========                                        ]  18% Finished
[19:17:49] 000081...: [============                                      ]  23% Finished
[19:17:49] 000081...: [===========                                       ]  20% Finished
[19:17:49] 000081...: [==========                                        ]  19% Finished
[19:17:49] 000081...: [============                                      ]  24% Finished
[19:17:50] 000081...: [====================                              ]  40% Finished
[19:17:51] 000081...: [====================                              ]  39% Finished
[19:17:51] 000081...: [=======================                           ]  46% Finished
[19:17:51] 000081...: [====================                              ]  39% Finished
[19:17:51] 000081...: [====================                              ]  40% Finished
[19:17:52] 000081...: [======================                            ]  44% Finished
[19:17:52] 000081...: [========================                          ]  46% Finished
[19:17:52] 000081...: [=======================                           ]  45% Finished
[19:17:55] 000081...: [==========================                        ]  51% Finished
[19:17:55] 000081...: [============================                      ]  56% Finished
[19:17:56] 000081...: [=========================                         ]  49% Finished
[19:17:56] 000081...: [===============================                   ]  61% Finished
[19:17:56] 000081...: [===========================                       ]  52% Finished
[19:17:56] 000081...: [===========================                       ]  53% Finished
[19:17:56] 000081...: [============================                      ]  54% Finished
[19:17:56] 000081...: [=============================                     ]  57% Finished
[19:17:57] 000081...: [==============================                    ]  59% Finished
[19:17:57] 000081...: [==============================                    ]  58% Finished
[19:17:57] 000081...: [===============================                   ]  62% Finished
[19:17:57] 000081...: [========================================          ]  79% Finished
[19:17:57] 000081...: [================================                  ]  63% Finished
[19:17:58] 000081...: [==========================================        ]  84% Finished
[19:17:59] 000081...: [=======================================           ]  78% Finished
[19:17:59] 000081...: [========================================          ]  80% Finished
[19:18:00] 000081...: [========================================          ]  79% Finished
[19:18:00] 000081...: [================================================  ]  94% Finished
[19:18:00] 000081...: [==========================================        ]  83% Finished
[19:18:00] 000081...: [===========================================       ]  85% Finished
[19:18:01] 000081...: [===========================================       ]  85% Finished
[19:18:01] 000081...: [===============================================   ]  94% Finished
[19:18:02] 000081...: [===============================================   ]  94% Finished
[19:18:02] 000081...: [==================================================]  99% Finished
[19:18:02] 000081...: [===============================================   ]  94% Finished
[19:18:02] 000081...: [==================================================]  99% Finished
[19:18:13] 000081...: [==================================================]  99% Finished
[19:18:13] 000081...: [==================================================] 100% Finished
[19:18:13] 000081...: Restore Successful.
[19:18:13] 000081...: Khôi phục dữ liệu Restore hoàn tất thành công.
[19:18:15] 000081...: [==================================================]  99% Finished
[19:18:15] 000081...: [==================================================] 100% Finished
[19:18:15] 000081...: Restore Successful.
[19:18:15] 000081...: Khôi phục dữ liệu Restore hoàn tất thành công.
[19:18:15] 000081...: [==================================================] 100% Finished
[19:18:15] 000081...: [==================================================] 100% Finished
[19:18:15] 000081...: Restore Successful.
[19:18:15] 000081...: Khôi phục dữ liệu Restore hoàn tất thành công.
[19:18:15] 000081...: [==================================================] 100% Finished
[19:18:15] 000081...: [==================================================] 100% Finished
[19:18:15] 000081...: Restore Successful.
[19:18:15] 000081...: Khôi phục dữ liệu Restore hoàn tất thành công.
[19:18:15] 000081...: Đã chuyển kho thành công: B ➔ Kho đối diện:
192_iPhone_trnththinnhn385
[19:18:15] 000081...: ✓ Đã chuyển iPhone thứ 1 qua Kho đối diện thành công!
[19:18:15] 000081...: ⚡ Auto Activate sau Restore: đang chờ thiết bị reboot...
[19:18:15] 000081...: ⏳ Restore hoàn tất. Bắt đầu đếm ngược (80s) cho iPhone khởi động hoàn toàn...
[19:18:15] 000081...: SUCCESS: Validated pairing with device 00008101-000508C23CE0001E
[19:18:15] 000081...: Đang tạo bản staging riêng; backup gốc chỉ được đọc...
[19:18:18] 000081...: Đã chuyển kho thành công: B ➔ Kho đối diện:
195_iPhone_oynoanh905
[19:18:18] 000081...: ✓ Đã chuyển iPhone thứ 2 qua Kho đối diện thành công!
[19:18:18] 000081...: ⚡ Auto Activate sau Restore: đang chờ thiết bị reboot...
[19:18:18] 000081...: ⏳ Restore hoàn tất. Bắt đầu đếm ngược (80s) cho iPhone khởi động hoàn toàn...
[19:18:18] 000081...: SUCCESS: Validated pairing with device 00008101-00012CE20202001E
[19:18:18] 000081...: Đang tạo bản staging riêng; backup gốc chỉ được đọc...
[19:18:18] 000081...: Đã chuyển kho thành công: B ➔ Kho đối diện:
193_iPhone_nguyninhi200
[19:18:18] 000081...: ✓ Đã chuyển iPhone thứ 3 qua Kho đối diện thành công!
[19:18:18] 000081...: ⚡ Auto Activate sau Restore: đang chờ thiết bị reboot...
[19:18:18] 000081...: ⏳ Restore hoàn tất. Bắt đầu đếm ngược (80s) cho iPhone khởi động hoàn toàn...
[19:18:18] 000081...: Đã chuyển kho thành công: B ➔ Kho đối diện:
194_iPhone_lkhnhphng474
[19:18:18] 000081...: ✓ Đã chuyển iPhone thứ 3 qua Kho đối diện thành công!
[19:18:18] 000081...: ⚡ Auto Activate sau Restore: đang chờ thiết bị reboot...
[19:18:18] 000081...: ⏳ Restore hoàn tất. Bắt đầu đếm ngược (80s) cho iPhone khởi động hoàn toàn...
[19:18:18] 000081...: SUCCESS: Validated pairing with device 00008101-000D08DA1180001E
[19:18:18] 000081...: Đang tạo bản staging riêng; backup gốc chỉ được đọc...
[19:18:18] 000081...: SUCCESS: Validated pairing with device 00008101-000C55A12E91003A
[19:18:18] 000081...: Đang tạo bản staging riêng; backup gốc chỉ được đọc...
[19:18:23] 000081...: Đã ngắt kết nối.
[19:18:24] 000081...: Đã ngắt kết nối.
[19:18:25] 000081...: Đã ngắt kết nối.
[19:18:29] 000081...: [=                                                 ]   1% Finished
[19:18:30] 000081...: [===                                               ]   6% Finished
[19:18:31] 000081...: [=========                                         ]  16% Finished
[19:18:31] 000081...: [=                                                 ]   1% Finished
[19:18:31] 000081...: [=                                                 ]   1% Finished
[19:18:31] 000081...: [=                                                 ]   1% Finished
[19:18:33] 000081...: [====                                              ]   7% Finished
[19:18:33] 000081...: [====                                              ]   7% Finished
[19:18:33] 000081...: [============                                      ]  23% Finished
[19:18:33] 000081...: [====================                              ]  39% Finished
[19:18:33] 000081...: Đã ngắt kết nối.
[19:18:33] 000081...: [====                                              ]   7% Finished
[19:18:34] 000081...: [=========                                         ]  17% Finished
[19:18:34] 000081...: [==========                                        ]  19% Finished
[19:18:34] 000081...: [=======================                           ]  44% Finished
[19:18:35] 000081...: [==========                                        ]  19% Finished
[19:18:35] 000081...: ⏳ Đang chờ iPhone khởi động lại: còn 60s...
[19:18:35] 000081...: [=============                                     ]  24% Finished
[19:18:35] 000081...: [============                                      ]  24% Finished
[19:18:35] 000081...: [===================                               ]  37% Finished
[19:18:36] 000081...: [====================                              ]  39% Finished
[19:18:36] 000081...: [====================                              ]  38% Finished
[19:18:37] 000081...: [======================                            ]  43% Finished
[19:18:37] 000081...: [========================                          ]  46% Finished
[19:18:37] 000081...: [======================                            ]  44% Finished
[19:18:38] 000081...: ⏳ Đang chờ iPhone khởi động lại: còn 60s...
[19:18:38] 000081...: ⏳ Đang chờ iPhone khởi động lại: còn 60s...
[19:18:38] 000081...: ⏳ Đang chờ iPhone khởi động lại: còn 60s...
[19:18:38] 000081...: [=========================                         ]  49% Finished
[19:18:38] 000081...: [===========================                       ]  54% Finished
[19:18:39] 000081...: [==============================                    ]  59% Finished
[19:18:40] 000081...: [========================                          ]  48% Finished
[19:18:40] 000081...: [=======================================           ]  78% Finished
[19:18:41] 000081...: [==========================                        ]  51% Finished
[19:18:41] 000081...: [============================                      ]  55% Finished
[19:18:41] 000081...: [===========================================       ]  85% Finished
[19:18:41] 000081...: [==========================                        ]  52% Finished
[19:18:41] 000081...: [=============================                     ]  56% Finished
[19:18:41] 000081...: [===============================                   ]  60% Finished
[19:18:42] 000081...: [=============================                     ]  57% Finished
[19:18:42] 000081...: [===============================================   ]  93% Finished
[19:18:42] 000081...: [===============================                   ]  61% Finished
[19:18:42] 000081...: [===============================                   ]  62% Finished
[19:18:44] 000081...: [========================================          ]  79% Finished
[19:18:44] 000081...: [========================================          ]  78% Finished
[19:18:44] 000081...: [========================================          ]  79% Finished
[19:18:44] 000081...: Kết nối: iPhone • iOS 26.6.1
[19:18:44] 000081...: [===========================================       ]  84% Finished
[19:18:45] 000081...: [==========================================        ]  83% Finished
[19:18:45] 000081...: [===========================================       ]  84% Finished
[19:18:46] 000081...: [================================================  ]  95% Finished
[19:18:46] 000081...: [================================================  ]  94% Finished
[19:18:46] 000081...: [===============================================   ]  93% Finished
[19:18:46] 000081...: [================================================= ]  98% Finished
[19:18:47] 000081...: Kết nối: iPhone • iOS 26.6.1
[19:18:48] 000081...: Kết nối: iPhone • iOS 26.6.1
[19:18:55] 000081...: Kết nối: iPhone • iOS 26.6.1
[19:18:55] 000081...: ⏳ Đang chờ iPhone khởi động lại: còn 40s...
[19:18:56] 000081...: [==================================================]  99% Finished
[19:18:56] 000081...: [==================================================] 100% Finished
[19:18:56] 000081...: Restore Successful.
[19:18:56] 000081...: Khôi phục dữ liệu Restore hoàn tất thành công.
[19:18:58] 000081...: ⏳ Đang chờ iPhone khởi động lại: còn 40s...
[19:18:58] 000081...: Đã chuyển kho thành công: B ➔ Kho đối diện:
197_iPhone_phanbanoanh05
[19:18:58] 000081...: ✓ Đã chuyển iPhone thứ 5 qua Kho đối diện thành công!
[19:18:58] 000081...: ⚡ Auto Activate sau Restore: đang chờ thiết bị reboot...
[19:18:58] 000081...: ⏳ Restore hoàn tất. Bắt đầu đếm ngược (80s) cho iPhone khởi động hoàn toàn...
[19:18:58] 000081...: SUCCESS: Validated pairing with device 00008101-000C0D0C3C86001E
[19:18:58] 000081...: Đang tạo bản staging riêng; backup gốc chỉ được đọc...
[19:18:58] 000081...: ⏳ Đang chờ iPhone khởi động lại: còn 40s...
[19:18:58] 000081...: ⏳ Đang chờ iPhone khởi động lại: còn 40s...
[19:18:59] 000081...: [==================================================]  99% Finished
[19:18:59] 000081...: [==================================================] 100% Finished
[19:18:59] 000081...: Restore Successful.
[19:18:59] 000081...: Khôi phục dữ liệu Restore hoàn tất thành công.
[19:18:59] 000081...: [==================================================]  99% Finished
[19:18:59] 000081...: [==================================================] 100% Finished
[19:18:59] 000081...: Restore Successful.
[19:18:59] 000081...: Khôi phục dữ liệu Restore hoàn tất thành công.
[19:18:59] 000081...: [==================================================] 100% Finished
[19:18:59] 000081...: [==================================================] 100% Finished
[19:18:59] 000081...: Restore Successful.
[19:18:59] 000081...: Khôi phục dữ liệu Restore hoàn tất thành công.
[19:19:02] 000081...: Đã chuyển kho thành công: B ➔ Kho đối diện:
196_iPhone_dnghuynthanh15
[19:19:02] 000081...: ✓ Đã chuyển iPhone thứ 6 qua Kho đối diện thành công!
[19:19:02] 000081...: ⚡ Auto Activate sau Restore: đang chờ thiết bị reboot...
[19:19:02] 000081...: ⏳ Restore hoàn tất. Bắt đầu đếm ngược (80s) cho iPhone khởi động hoàn toàn...
[19:19:02] 000081...: SUCCESS: Validated pairing with device 00008101-000E10A41E78001E
[19:19:02] 000081...: Đang tạo bản staging riêng; backup gốc chỉ được đọc...
[19:19:03] 000081...: Đã chuyển kho thành công: B ➔ Kho đối diện:
201_iPhone_nguynthhnggiang1549
[19:19:03] 000081...: ✓ Đã chuyển iPhone thứ 7 qua Kho đối diện thành công!
[19:19:03] 000081...: ⚡ Auto Activate sau Restore: đang chờ thiết bị reboot...
[19:19:03] 000081...: ⏳ Restore hoàn tất. Bắt đầu đếm ngược (80s) cho iPhone khởi động hoàn toàn...
[19:19:03] 000081...: Đã chuyển kho thành công: B ➔ Kho đối diện:
198_iPhone_lthanhlan653
[19:19:03] 000081...: ✓ Đã chuyển iPhone thứ 8 qua Kho đối diện thành công!
[19:19:03] 000081...: ⚡ Auto Activate sau Restore: đang chờ thiết bị reboot...
[19:19:03] 000081...: ⏳ Restore hoàn tất. Bắt đầu đếm ngược (80s) cho iPhone khởi động hoàn toàn...
[19:19:06] 000081...: Đã ngắt kết nối.
[19:19:09] 000081...: Đã ngắt kết nối.
[19:19:09] 000081...: Đã ngắt kết nối.
[19:19:09] 000081...: Đã ngắt kết nối.
[19:19:13] 000081...: [=                                                 ]   1% Finished
[19:19:14] 000081...: [===                                               ]   6% Finished
[19:19:14] 000081...: [======                                            ]  11% Finished
[19:19:14] 000081...: [=                                                 ]   1% Finished
[19:19:15] 000081...: ⏳ Đang chờ iPhone khởi động lại: còn 20s...
[19:19:15] 000081...: [==========                                        ]  19% Finished
[19:19:16] 000081...: [====================                              ]  39% Finished
[19:19:16] 000081...: [====                                              ]   6% Finished
[19:19:16] 000081...: [========                                          ]  15% Finished
[19:19:17] 000081...: [=======================                           ]  45% Finished
[19:19:18] 000081...: [============                                      ]  22% Finished
[19:19:18] 000081...: ⏳ Đang chờ iPhone khởi động lại: còn 20s...
[19:19:18] 000081...: ⏳ Đang chờ iPhone khởi động lại: còn 60s...
[19:19:18] 000081...: ⏳ Đang chờ iPhone khởi động lại: còn 20s...
[19:19:18] 000081...: ⏳ Đang chờ iPhone khởi động lại: còn 20s...
[19:19:18] 000081...: [===================                               ]  37% Finished
[19:19:19] 000081...: [======================                            ]  42% Finished
[19:19:21] 000081...: [=========================                         ]  50% Finished
[19:19:21] 000081...: [============================                      ]  55% Finished
[19:19:22] 000081...: [==============================                    ]  60% Finished
[19:19:22] 000081...: ⏳ Đang chờ iPhone khởi động lại: còn 60s...
[19:19:22] 000081...: [========================                          ]  47% Finished
[19:19:23] 000081...: ⏳ Đang chờ iPhone khởi động lại: còn 60s...
[19:19:23] 000081...: ⏳ Đang chờ iPhone khởi động lại: còn 60s...
[19:19:23] 000081...: [==========================                        ]  50% Finished
[19:19:23] 000081...: [============================                      ]  55% Finished
[19:19:24] 000081...: [========================================          ]  78% Finished
[19:19:24] 000081...: [==============================                    ]  60% Finished
[19:19:24] 000081...: [==========================================        ]  83% Finished
[19:19:25] 000081...: [=======================================           ]  76% Finished
[19:19:26] 000081...: [===============================================   ]  94% Finished
[19:19:26] 000081...: [==================================================]  99% Finished
[19:19:27] 000081...: [==========================================        ]  82% Finished
[19:19:27] 000081...: [===============================================   ]  93% Finished
[19:19:27] 000081...: [==================================================]  98% Finished
[19:19:27] 000081...: Kết nối: iPhone • iOS 26.6.1
[19:19:30] 000081...: Kết nối: iPhone • iOS 26.6.1
[19:19:31] 000081...: Kết nối: iPhone • iOS 26.6.1
[19:19:33] 000081...: Kết nối: iPhone • iOS 26.6.1
[19:19:35] 000081...: ⌛ Đã hết 80 giây chờ! Đang kiểm tra kết nối thiết bị...
[19:19:38] 000081...: ⌛ Đã hết 80 giây chờ! Đang kiểm tra kết nối thiết bị...
[19:19:38] 000081...: ⏳ Đang chờ iPhone khởi động lại: còn 40s...
[19:19:38] 000081...: ⌛ Đã hết 80 giây chờ! Đang kiểm tra kết nối thiết bị...
[19:19:38] 000081...: ⌛ Đã hết 80 giây chờ! Đang kiểm tra kết nối thiết bị...
[19:19:38] 000081...: ✅ iPhone đã khởi động xong & kết nối ổn định ➔ Bắt đầu Batch Activate...
[19:19:38] 000081...: RUN: C:\TIKTOOL PRO V4\ideviceactivation.exe activate -u 00008101-000101C61E44001E -b
[19:19:38] 000081...: [==================================================] 100% Finished
[19:19:38] 000081...: Restore Successful.
[19:19:38] 000081...: Khôi phục dữ liệu Restore hoàn tất thành công.
[19:19:40] 000081...: Đã chuyển kho thành công: B ➔ Kho đối diện:
199_iPhone_phanmdung471
[19:19:40] 000081...: ✓ Đã chuyển iPhone thứ 9 qua Kho đối diện thành công!
[19:19:40] 000081...: ⚡ Auto Activate sau Restore: đang chờ thiết bị reboot...
[19:19:40] 000081...: ⏳ Restore hoàn tất. Bắt đầu đếm ngược (80s) cho iPhone khởi động hoàn toàn...
[19:19:40] 000081...: [==================================================] 100% Finished
[19:19:40] 000081...: [==================================================] 100% Finished
[19:19:40] 000081...: Restore Successful.
[19:19:40] 000081...: Khôi phục dữ liệu Restore hoàn tất thành công.
[19:19:41] 000081...: ✅ iPhone đã khởi động xong & kết nối ổn định ➔ Bắt đầu Batch Activate...
[19:19:41] 000081...: RUN: C:\TIKTOOL PRO V4\ideviceactivation.exe activate -u 00008101-000B05581468001E -b
[19:19:41] 000081...: ✅ iPhone đã khởi động xong & kết nối ổn định ➔ Bắt đầu Batch Activate...
[19:19:41] 000081...: RUN: C:\TIKTOOL PRO V4\ideviceactivation.exe activate -u 00008101-000124C011A3001E -b
[19:19:41] 000081...: ✅ iPhone đã khởi động xong & kết nối ổn định ➔ Bắt đầu Batch Activate...
[19:19:41] 000081...: Đã chuyển kho thành công: B ➔ Kho đối diện:
200_iPhone_nguynphanhuynngc3330
[19:19:41] 000081...: ✓ Đã chuyển iPhone thứ 10 qua Kho đối diện thành công!
[19:19:41] 000081...: ⚡ Auto Activate sau Restore: đang chờ thiết bị reboot...
[19:19:41] 000081...: ⏳ Restore hoàn tất. Bắt đầu đếm ngược (80s) cho iPhone khởi động hoàn toàn...
[19:19:42] 000081...: RUN: C:\TIKTOOL PRO V4\ideviceactivation.exe activate -u 00008101-000E41E036E8001E -b
[19:19:42] 000081...: ⏳ Đang chờ iPhone khởi động lại: còn 40s...
[19:19:43] 000081...: ⏳ Đang chờ iPhone khởi động lại: còn 40s...
[19:19:43] 000081...: ⏳ Đang chờ iPhone khởi động lại: còn 40s...
[19:19:43] 000081...: NOTE: This device appears to be already activated. The server might report an error 'Device Unknown' instead of acknowledging the activation.
Activation server reports that device is already activated.
[19:19:43] 000081...: RUN: C:\TIKTOOL PRO V4\ios.exe prepare --skip-all --udid=00008101-000101C61E44001E --nojson
[19:19:46] 000081...: NOTE: This device appears to be already activated. The server might report an error 'Device Unknown' instead of acknowledging the activation.
Activation server reports that device is already activated.
[19:19:46] 000081...: RUN: C:\TIKTOOL PRO V4\ios.exe prepare --skip-all --udid=00008101-000B05581468001E --nojson
[19:19:47] 000081...: NOTE: This device appears to be already activated. The server might report an error 'Device Unknown' instead of acknowledging the activation.
Activation server reports that device is already activated.
[19:19:47] 000081...: RUN: C:\TIKTOOL PRO V4\ios.exe prepare --skip-all --udid=00008101-000124C011A3001E --nojson
[19:19:47] 000081...: NOTE: This device appears to be already activated. The server might report an error 'Device Unknown' instead of acknowledging the activation.
Activation server reports that device is already activated.
[19:19:47] 000081...: RUN: C:\TIKTOOL PRO V4\ios.exe prepare --skip-all --udid=00008101-000E41E036E8001E --nojson
[19:19:48] 000081...: Đã ngắt kết nối.
[19:19:50] 000081...: Đã ngắt kết nối.
[19:19:58] 000081...: ⏳ Đang chờ iPhone khởi động lại: còn 20s...
[19:20:00] 000081...: ⏳ Đang chờ iPhone khởi động lại: còn 60s...
[19:20:01] 000081...: ⏳ Đang chờ iPhone khởi động lại: còn 60s...
[19:20:02] 000081...: time="2026-09-04T19:19:43+07:00" level=warning msg="go-ios agent is not running. You might need to start it with 'ios tunnel start' for ios17+. Use ENABLE_GO_IOS_AGENT=user for userspace tunnel or ENABLE_GO_IOS_AGENT=kernel for kernel tunnel for the experimental daemon mode."
time="2026-09-04T19:19:43+07:00" level=warning msg="failed to get tunnel info" udid=00008101-000101C61E44001E
time="2026-09-04T19:19:44+07:00" level=info msg="device is activated:true"
time="2026-09-04T19:19:44+07:00" level=info msg="send flush request"
time="2026-09-04T19:19:58+07:00" level=info msg="get cloud config"
"ok"
[19:20:02] 000081...: RUN: C:\TIKTOOL PRO V4\ios.exe lang --setlocale=ja_JP --setlang=ja --udid=00008101-000101C61E44001E --nojson
[19:20:02] 000081...: ⏳ Đang chờ iPhone khởi động lại: còn 20s...
[19:20:03] 000081...: ⏳ Đang chờ iPhone khởi động lại: còn 20s...
[19:20:03] 000081...: ⏳ Đang chờ iPhone khởi động lại: còn 20s...
[19:20:09] 000081...: Kết nối: iPhone (Not Trust) • iOS ?
[19:20:09] 000081...: Đã xác nhận Trust: iPhone • iOS 26.6.1
[19:20:10] 000081...: Kết nối: iPhone • iOS 26.6.1
[19:20:15] 000081...: time="2026-09-04T19:20:02+07:00" level=warning msg="go-ios agent is not running. You might need to start it with 'ios tunnel start' for ios17+. Use ENABLE_GO_IOS_AGENT=user for userspace tunnel or ENABLE_GO_IOS_AGENT=kernel for kernel tunnel for the experimental daemon mode."
time="2026-09-04T19:20:02+07:00" level=warning msg="failed to get tunnel info" udid=00008101-000101C61E44001E
{"Language":"ja","Locale":"ja_JP","SupportedLocales":["sv_AX","en_CN","ro_RO","en_VG","es_VC","fr_MA","en_AL","es_TT","ar_SS","fr_VU","fr_CI","en_GS","en_BW","en_JM","es_BS","en_BD","en_MG","en_PT","en_HK","ar_LB","fr_GN","ru_UA","en_CO","en_KE","en_NR","fr_MU","en_FI","nl_BQ","en_WS","en_DG","ar_SA","en_RW","en_ZM","en_BE","en_ER","en_MH","el_CY","nl_NL","bn_BD","pt_AO","en_KY","es_CL","en_VI","en_FJ","es_VE","fr_MC","en_TZ","en_ID","es_TC","en_GU","zh_TW","es_GQ","en_GB","mr_IN","ko_CN","es_MX","en_ES","es_BB","es_PR","fr_GP","pt_GW","fi_FI","en_FK","en_NA","zh_CN","en_IE","en_LR","en_TH","ca_IT","ar_KM","en_BZ","de_CH","en_JP","en_US","da_GL","en_BG","ar_QA","en_PW","ar_TN","te_IN","fr_GQ","de_LI","cs_CZ","hu_HU","zh_HK","en_NU","es_VG","ta_IN","ar_EG","ro_MD","en_LS","fr_CM","ar_SD","en_GD","ar_IL","ar_LY","en_UA","fr_TD","pt_LU","es_PA","ta_SG","en_KI","es_CO","en_FM","fr_MF","ar_EH","tr_CY","en_LT","es_IC","en_DK","pt_ST","es_GT","en_GE","fr_YT","ms_BN","en_BI","he_IL","pt_TL","en_SS","es_KY","kk_KZ","en_CA","es_VI","zh-Hant_JP","fr_MG","ar_MR","hr_HR","en_AR","ar_SY","fr_SN","en_TK","en_GY","pt_CV","en_MM","es_ES","ar_AE","fr_DZ","zh-Hant_MY","ca_ES","en_PG","fr_RW","en_001","fr_GA","en_SA","fr_BE","hi_IN","en_AS","pt_MO","en_LV","ta_LK","en_DM","en_LC","en_GG","es_BZ","tr_TR","zh-Hans_MO","es_US","en_150","it_VA","fr_TG","en_EE","it_CH","es_EA","es_HN","en_PH","en_CV","ms_SG","es_CR","fr_RE","en_SB","fr_BF","en_NF","en_CC","sv_FI","en_AT","ar_MA","nl_BE","en_GH","es_GD","th_TH","pt_FR","en_ZA","en_MO","de_IT","es_003","es_PE","de_DE","en_NZ","en_SC","en_NG","en_AU","el_GR","en_GI","ar_001","en_BM","ar_IQ","en_MP","es_PY","fr_DJ","es_EC","en_US_POSIX","vi_VN","en_CX","en_KN","en_SD","en_FR","es_CA","kn_IN","en_IL","es_AR","en_TO","zh-Hans_HK","es_GY","bg_BG","fr_NC","en_BN","ta_MY","en_UG","en_HU","uk_UA","en_SX","en_PK","en_CY","en_SE","es_CU","sk_SK","fr_BI","fr_ML","de_BE","en_IM","fr_PF","es_DM","es_LC","en_ZW","fr_CA","pl_PL","pt_CH","nl_SR","ja_JP","en_JE","zh-Hans_JP","fr_LU","en_PL","es_PH","zh_MO","en_CZ","fr_GF","fr_BJ","en_IN","zh-Hans_MY","en_AE","fr_NE","en_RO","en_MS","es_419","it_IT","ar_TD","en_SZ","fr_WF","es_SV","ml_IN","es_CW","en_SG","en_CH","ru_MD","pt_BR","en_IO","bn_IN","ar_PS","en_TR","ar_KW","es_DO","en_GM","it_SM","ms_MY","es_UY","en_MT","es_BM","sl_SI","en_PN","es_HT","en_KR","en_SH","en_VU","es_KN","fr_BL","en_NL","ca_FR","en_AG","fr_KM","fr_SC","fr_CD","ko_KP","or_IN","nb_SJ","en_BR","en_MU","ru_RU","fr_TN","ar_DZ","zh-Hant_CN","en_SI","en_VC","hr_BA","ar_ER","es_NI","fr_HT","en_TT","ar_SO","ca_AD","fr_FR","da_DK","en_BS","nl_CW","en_MV","nb_NO","es_BO","de_LU","en_CK","ar_JO","pt_GQ","fr_MQ","zh_SG","ms_ID","en_AI","fr_CF","ko_KR","en_MW","en_UM","en_SK","en_CL","en_NO","fr_MR","en_TV","fr_SY","en_TC","fr_CG","nl_SX","es_BQ","en_MX","ru_BY","sv_SE","de_AT","en_PR","en_BB","ar_DJ","lt_LT","nl_AW","ar_OM","en_SL","en_CM","ru_KZ","ar_YE","ar_BH","ru_KG","en_IT","pt_MZ","fr_PM","en_TW","id_ID","es_AG","pt_PT","en_DE","en_GR","gu_IN","en_RU","fr_CH","en_MY","es_BR"],"SupportedLanguages":["ur","lt","ja","id","mr","ms","hi","es-419","es","pl","ca","ta","fr","en-IN","or","fr-CA","da","bg","te","kk-Cyrl","pt-BR","zh-Hant-HK","hr","gu","de","th","sk","ro","sl","nb","kk","en-GB","hu","zh-HK","bn","ar","it","kn","ko","uk","pa","ru","vi","zh-Hans","zh-Hant","en-AU","ml","pt-PT","tr","fi","en-US","el","cs","sv","nl","he","en","es-US"]}
[19:20:15] 000081...: Batch Activate hoàn tất thành công.
[19:20:18] 000081...: ⌛ Đã hết 80 giây chờ! Đang kiểm tra kết nối thiết bị...
[19:20:18] 000081...: time="2026-09-04T19:19:46+07:00" level=warning msg="go-ios agent is not running. You might need to start it with 'ios tunnel start' for ios17+. Use ENABLE_GO_IOS_AGENT=user for userspace tunnel or ENABLE_GO_IOS_AGENT=kernel for kernel tunnel for the experimental daemon mode."
time="2026-09-04T19:19:46+07:00" level=warning msg="failed to get tunnel info" udid=00008101-000B05581468001E
time="2026-09-04T19:19:46+07:00" level=info msg="device is activated:true"
time="2026-09-04T19:19:46+07:00" level=info msg="send flush request"
time="2026-09-04T19:19:59+07:00" level=info msg="get cloud config"
"ok"
[19:20:18] 000081...: RUN: C:\TIKTOOL PRO V4\ios.exe lang --setlocale=ja_JP --setlang=ja --udid=00008101-000B05581468001E --nojson
[19:20:20] 000081...: ⏳ Đang chờ iPhone khởi động lại: còn 40s...
[19:20:21] 000081...: ✅ iPhone đã khởi động xong & kết nối ổn định ➔ Bắt đầu Batch Activate...
[19:20:21] 000081...: RUN: C:\TIKTOOL PRO V4\ideviceactivation.exe activate -u 00008101-000508C23CE0001E -b
[19:20:21] 000081...: ⏳ Đang chờ iPhone khởi động lại: còn 40s...
[19:20:22] 000081...: ⌛ Đã hết 80 giây chờ! Đang kiểm tra kết nối thiết bị...
[19:20:23] 000081...: ⌛ Đã hết 80 giây chờ! Đang kiểm tra kết nối thiết bị...
[19:20:23] 000081...: ⌛ Đã hết 80 giây chờ! Đang kiểm tra kết nối thiết bị...
[19:20:25] 000081...: ✅ iPhone đã khởi động xong & kết nối ổn định ➔ Bắt đầu Batch Activate...
[19:20:26] 000081...: ✅ iPhone đã khởi động xong & kết nối ổn định ➔ Bắt đầu Batch Activate...
[19:20:26] 000081...: ✅ iPhone đã khởi động xong & kết nối ổn định ➔ Bắt đầu Batch Activate...
[19:20:26] 000081...: NOTE: This device appears to be already activated. The server might report an error 'Device Unknown' instead of acknowledging the activation.
Activation server reports that device is already activated.
[19:20:26] 000081...: RUN: C:\TIKTOOL PRO V4\ios.exe prepare --skip-all --udid=00008101-000508C23CE0001E --nojson
[19:20:28] 000081...: time="2026-09-04T19:19:47+07:00" level=warning msg="go-ios agent is not running. You might need to start it with 'ios tunnel start' for ios17+. Use ENABLE_GO_IOS_AGENT=user for userspace tunnel or ENABLE_GO_IOS_AGENT=kernel for kernel tunnel for the experimental daemon mode."
time="2026-09-04T19:19:47+07:00" level=warning msg="failed to get tunnel info" udid=00008101-000124C011A3001E
time="2026-09-04T19:19:47+07:00" level=info msg="device is activated:true"
time="2026-09-04T19:19:47+07:00" level=info msg="send flush request"
time="2026-09-04T19:20:06+07:00" level=info msg="get cloud config"
"ok"
[19:20:28] 000081...: RUN: C:\TIKTOOL PRO V4\ios.exe lang --setlocale=ja_JP --setlang=ja --udid=00008101-000124C011A3001E --nojson
[19:20:29] 000081...: time="2026-09-04T19:19:47+07:00" level=warning msg="go-ios agent is not running. You might need to start it with 'ios tunnel start' for ios17+. Use ENABLE_GO_IOS_AGENT=user for userspace tunnel or ENABLE_GO_IOS_AGENT=kernel for kernel tunnel for the experimental daemon mode."
time="2026-09-04T19:19:47+07:00" level=warning msg="failed to get tunnel info" udid=00008101-000E41E036E8001E
time="2026-09-04T19:19:47+07:00" level=info msg="device is activated:true"
time="2026-09-04T19:19:47+07:00" level=info msg="send flush request"
time="2026-09-04T19:20:10+07:00" level=info msg="get cloud config"
"ok"
[19:20:29] 000081...: RUN: C:\TIKTOOL PRO V4\ios.exe lang --setlocale=ja_JP --setlang=ja --udid=00008101-000E41E036E8001E --nojson
[19:20:40] 000081...: ⏳ Đang chờ iPhone khởi động lại: còn 20s...
[19:20:42] 000081...: ⏳ Đang chờ iPhone khởi động lại: còn 20s...
[19:20:55] 000081...: time="2026-09-04T19:20:26+07:00" level=warning msg="go-ios agent is not running. You might need to start it with 'ios tunnel start' for ios17+. Use ENABLE_GO_IOS_AGENT=user for userspace tunnel or ENABLE_GO_IOS_AGENT=kernel for kernel tunnel for the experimental daemon mode."
time="2026-09-04T19:20:26+07:00" level=warning msg="failed to get tunnel info" udid=00008101-000508C23CE0001E
time="2026-09-04T19:20:26+07:00" level=info msg="device is activated:true"
time="2026-09-04T19:20:26+07:00" level=info msg="send flush request"
time="2026-09-04T19:20:41+07:00" level=info msg="get cloud config"
"ok"
[19:20:55] 000081...: RUN: C:\TIKTOOL PRO V4\ios.exe lang --setlocale=ja_JP --setlang=ja --udid=00008101-000508C23CE0001E --nojson
[19:21:00] 000081...: ⌛ Đã hết 80 giây chờ! Đang kiểm tra kết nối thiết bị...
[19:21:02] 000081...: ⌛ Đã hết 80 giây chờ! Đang kiểm tra kết nối thiết bị...
[19:21:03] 000081...: ✅ iPhone đã khởi động xong & kết nối ổn định ➔ Bắt đầu Batch Activate...
[19:21:05] 000081...: ✅ iPhone đã khởi động xong & kết nối ổn định ➔ Bắt đầu Batch Activate...
[19:21:15] 000081...: time="2026-09-04T19:20:29+07:00" level=warning msg="go-ios agent is not running. You might need to start it with 'ios tunnel start' for ios17+. Use ENABLE_GO_IOS_AGENT=user for userspace tunnel or ENABLE_GO_IOS_AGENT=kernel for kernel tunnel for the experimental daemon mode."
time="2026-09-04T19:20:29+07:00" level=warning msg="failed to get tunnel info" udid=00008101-000E41E036E8001E
{"Language":"ja","Locale":"ja_JP","SupportedLocales":["sv_AX","en_CN","ro_RO","en_VG","es_VC","fr_MA","en_AL","es_TT","ar_SS","fr_VU","fr_CI","en_GS","en_BW","en_JM","es_BS","en_BD","en_MG","en_PT","en_HK","fr_GN","ru_UA","ar_LB","en_CO","en_KE","en_NR","fr_MU","en_FI","nl_BQ","en_WS","en_DG","ar_SA","en_RW","en_ZM","en_BE","en_ER","el_CY","en_MH","nl_NL","pt_AO","bn_BD","en_KY","es_CL","en_VI","en_FJ","es_VE","fr_MC","en_TZ","en_ID","es_TC","zh_TW","en_GU","es_GQ","en_GB","mr_IN","ko_CN","es_MX","en_ES","es_BB","es_PR","fr_GP","pt_GW","fi_FI","en_FK","en_NA","zh_CN","en_IE","en_LR","ca_IT","en_TH","ar_KM","en_BZ","de_CH","en_JP","en_US","en_BG","da_GL","ar_QA","ar_TN","te_IN","en_PW","fr_GQ","de_LI","cs_CZ","hu_HU","en_NU","zh_HK","es_VG","ta_IN","ar_EG","ro_MD","en_LS","fr_CM","ar_SD","en_GD","ar_IL","ar_LY","en_UA","fr_TD","pt_LU","es_PA","ta_SG","en_KI","es_CO","en_FM","fr_MF","tr_CY","ar_EH","en_LT","es_IC","en_DK","pt_ST","es_GT","fr_YT","en_GE","ms_BN","en_BI","he_IL","pt_TL","en_SS","es_KY","kk_KZ","en_CA","es_VI","zh-Hant_JP","fr_MG","ar_MR","hr_HR","en_AR","ar_SY","fr_SN","en_TK","en_GY","pt_CV","en_MM","es_ES","fr_DZ","ar_AE","en_001","ca_ES","en_PG","zh-Hant_MY","fr_RW","fr_GA","en_SA","fr_BE","hi_IN","en_AS","pt_MO","en_LV","ta_LK","en_DM","en_LC","en_GG","tr_TR","es_BZ","zh-Hans_MO","es_US","en_150","it_VA","fr_TG","en_EE","it_CH","es_EA","sv_FI","es_HN","en_CV","ms_SG","en_SB","fr_RE","en_CC","fr_BF","en_NF","es_CR","en_PH","en_AT","ar_MA","nl_BE","en_GH","es_GD","th_TH","pt_FR","en_ZA","en_MO","es_003","de_IT","es_PE","de_DE","en_SC","en_NZ","en_NG","en_AU","el_GR","en_GI","ar_001","en_BM","ar_IQ","en_MP","es_PY","fr_DJ","es_EC","vi_VN","en_US_POSIX","en_CX","en_KN","en_SD","en_FR","es_CA","kn_IN","en_IL","es_AR","en_TO","zh-Hans_HK","es_GY","bg_BG","fr_NC","en_BN","ta_MY","en_UG","en_HU","en_PK","en_SX","uk_UA","en_CY","es_CU","sk_SK","en_SE","fr_BI","fr_ML","de_BE","en_IM","fr_PF","es_DM","es_LC","en_ZW","fr_CA","pl_PL","pt_CH","nl_SR","ja_JP","en_JE","fr_LU","zh-Hans_JP","en_PL","zh_MO","en_CZ","es_PH","fr_GF","fr_BJ","en_IN","zh-Hans_MY","en_AE","en_RO","fr_NE","en_MS","es_419","it_IT","ar_TD","en_SZ","fr_WF","ru_MD","es_SV","en_SG","es_CW","en_CH","ml_IN","pt_BR","en_IO","bn_IN","en_TR","ar_PS","ar_KW","es_DO","en_GM","it_SM","ms_MY","sl_SI","es_UY","es_BM","en_MT","en_PN","es_HT","en_KR","en_SH","en_VU","es_KN","fr_BL","en_NL","ca_FR","en_AG","fr_KM","fr_SC","fr_CD","ko_KP","or_IN","nb_SJ","zh-Hant_CN","en_MU","en_BR","ru_RU","ar_DZ","fr_TN","en_SI","en_VC","es_NI","ar_ER","hr_BA","fr_HT","en_TT","ar_SO","ca_AD","fr_FR","da_DK","en_BS","nl_CW","en_MV","es_BO","nb_NO","de_LU","pt_GQ","ar_JO","en_CK","fr_MQ","zh_SG","ms_ID","en_AI","fr_CF","ko_KR","en_MW","en_UM","en_SK","en_CL","en_NO","fr_MR","en_TV","fr_SY","en_TC","fr_CG","nl_SX","es_BQ","en_MX","ru_BY","sv_SE","en_BB","de_AT","en_PR","ar_DJ","ar_YE","nl_AW","ar_OM","en_SL","en_CM","ru_KZ","lt_LT","ar_BH","ru_KG","en_IT","id_ID","en_TW","fr_PM","pt_MZ","es_AG","pt_PT","en_DE","gu_IN","en_GR","en_RU","fr_CH","en_MY","es_BR"],"SupportedLanguages":["ur","lt","ja","id","mr","ms","hi","es-419","es","pl","ca","ta","fr","en-IN","or","fr-CA","da","bg","te","kk-Cyrl","pt-BR","zh-Hant-HK","hr","gu","de","th","sk","ro","sl","nb","kk","en-GB","hu","zh-HK","bn","ar","it","kn","ko","uk","pa","ru","vi","zh-Hans","zh-Hant","en-AU","ml","pt-PT","tr","fi","en-US","el","cs","sv","nl","he","en","es-US"]}
[19:21:15] 000081...: Batch Activate hoàn tất thành công.
[19:21:15] 000081...: RUN: C:\TIKTOOL PRO V4\ideviceactivation.exe activate -u 00008101-00012CE20202001E -b
[19:21:21] 000081...: NOTE: This device appears to be already activated. The server might report an error 'Device Unknown' instead of acknowledging the activation.
Activation server reports that device is already activated.
[19:21:21] 000081...: RUN: C:\TIKTOOL PRO V4\ios.exe prepare --skip-all --udid=00008101-00012CE20202001E --nojson
[19:21:21] 000081...: time="2026-09-04T19:21:21+07:00" level=warning msg="go-ios agent is not running. You might need to start it with 'ios tunnel start' for ios17+. Use ENABLE_GO_IOS_AGENT=user for userspace tunnel or ENABLE_GO_IOS_AGENT=kernel for kernel tunnel for the experimental daemon mode."
time="2026-09-04T19:21:21+07:00" level=warning msg="failed to get tunnel info" udid=00008101-00012CE20202001E
time="2026-09-04T19:21:21+07:00" level=info msg="device is activated:true"
time="2026-09-04T19:21:21+07:00" level=info msg="send flush request"
time="2026-09-04T19:21:21+07:00" level=info msg="get cloud config"
"ok"
[19:21:21] 000081...: RUN: C:\TIKTOOL PRO V4\ios.exe lang --setlocale=ja_JP --setlang=ja --udid=00008101-00012CE20202001E --nojson
[19:21:28] 000081...: time="2026-09-04T19:20:55+07:00" level=warning msg="go-ios agent is not running. You might need to start it with 'ios tunnel start' for ios17+. Use ENABLE_GO_IOS_AGENT=user for userspace tunnel or ENABLE_GO_IOS_AGENT=kernel for kernel tunnel for the experimental daemon mode."
time="2026-09-04T19:20:55+07:00" level=warning msg="failed to get tunnel info" udid=00008101-000508C23CE0001E
{"Language":"ja","Locale":"ja_JP","SupportedLocales":["sv_AX","en_CN","ro_RO","en_VG","es_VC","fr_MA","en_AL","es_TT","ar_SS","fr_VU","fr_CI","en_GS","en_BW","en_JM","es_BS","en_BD","en_MG","en_PT","en_HK","ar_LB","fr_GN","ru_UA","en_CO","en_KE","en_NR","fr_MU","en_FI","nl_BQ","en_WS","en_DG","ar_SA","en_RW","en_ZM","en_BE","en_ER","bn_BD","en_MH","nl_NL","el_CY","pt_AO","en_KY","es_CL","en_VI","es_VE","en_FJ","fr_MC","en_TZ","en_ID","es_TC","zh_TW","en_GU","es_GQ","ko_CN","mr_IN","en_GB","es_MX","en_ES","es_BB","es_PR","fr_GP","pt_GW","fi_FI","en_FK","en_NA","zh_CN","en_IE","en_LR","ca_IT","en_TH","ar_KM","en_BZ","de_CH","da_GL","te_IN","en_JP","en_BG","ar_QA","en_PW","en_US","ar_TN","fr_GQ","de_LI","cs_CZ","en_NU","zh_HK","hu_HU","es_VG","ta_IN","ar_EG","ro_MD","en_LS","fr_CM","ar_SD","en_GD","ar_IL","ar_LY","en_UA","fr_TD","pt_LU","es_PA","ta_SG","en_KI","es_CO","en_FM","fr_MF","ar_EH","tr_CY","en_LT","es_IC","en_DK","pt_ST","es_GT","en_GE","fr_YT","ms_BN","en_BI","he_IL","pt_TL","en_SS","es_KY","kk_KZ","en_CA","es_VI","zh-Hant_JP","fr_MG","ar_MR","hr_HR","en_AR","ar_SY","en_TK","fr_SN","en_GY","pt_CV","fr_DZ","es_ES","ar_AE","en_MM","en_001","zh-Hant_MY","ca_ES","en_PG","fr_RW","fr_GA","en_SA","fr_BE","hi_IN","en_AS","pt_MO","en_LV","ta_LK","en_DM","en_LC","en_GG","es_BZ","tr_TR","zh-Hans_MO","es_US","en_150","it_VA","fr_TG","en_EE","it_CH","es_EA","es_HN","sv_FI","en_CV","ms_SG","en_SB","fr_RE","en_CC","es_CR","en_NF","en_PH","fr_BF","en_AT","ar_MA","nl_BE","en_GH","th_TH","en_ZA","es_GD","pt_FR","en_MO","es_003","de_IT","es_PE","de_DE","en_SC","en_NZ","en_NG","en_AU","el_GR","en_GI","ar_001","en_BM","ar_IQ","en_MP","es_PY","fr_DJ","es_EC","vi_VN","en_US_POSIX","en_CX","en_KN","en_SD","en_FR","es_CA","kn_IN","en_IL","es_AR","en_TO","zh-Hans_HK","bg_BG","es_GY","fr_NC","en_BN","ta_MY","en_UG","en_HU","en_PK","en_SX","uk_UA","en_CY","en_SE","es_CU","sk_SK","fr_BI","fr_ML","de_BE","en_IM","fr_PF","es_DM","es_LC","en_ZW","fr_CA","pl_PL","zh-Hans_JP","nl_SR","en_JE","ja_JP","fr_LU","pt_CH","en_PL","es_PH","zh_MO","fr_GF","en_CZ","fr_BJ","en_IN","zh-Hans_MY","en_AE","fr_NE","en_RO","en_MS","es_419","it_IT","ar_TD","en_SZ","fr_WF","ru_MD","es_SV","en_SG","es_CW","en_CH","ml_IN","pt_BR","en_IO","bn_IN","en_TR","ar_PS","ar_KW","es_DO","en_GM","it_SM","ms_MY","es_UY","en_MT","es_BM","sl_SI","en_PN","es_HT","en_KR","en_SH","en_VU","es_KN","fr_BL","en_NL","ca_FR","en_AG","fr_KM","fr_SC","fr_CD","ko_KP","or_IN","nb_SJ","zh-Hant_CN","en_MU","ru_RU","fr_TN","en_BR","ar_DZ","en_SI","en_VC","es_NI","ar_ER","hr_BA","fr_HT","en_TT","ar_SO","ca_AD","fr_FR","da_DK","en_BS","nl_CW","en_MV","nb_NO","es_BO","de_LU","en_CK","ar_JO","pt_GQ","fr_MQ","zh_SG","ms_ID","en_AI","fr_CF","ko_KR","en_MW","en_UM","en_SK","en_CL","en_NO","fr_MR","en_TV","fr_SY","en_TC","fr_CG","nl_SX","es_BQ","en_MX","ru_BY","sv_SE","en_BB","de_AT","en_PR","ar_DJ","lt_LT","nl_AW","ar_OM","ar_YE","en_CM","ru_KZ","en_SL","ar_BH","ru_KG","en_IT","pt_MZ","fr_PM","id_ID","en_TW","pt_PT","es_AG","en_DE","fr_CH","gu_IN","en_RU","en_GR","es_BR","en_MY"],"SupportedLanguages":["ur","lt","ja","id","mr","ms","hi","es-419","es","pl","ca","ta","fr","en-IN","or","fr-CA","da","bg","te","kk-Cyrl","pt-BR","zh-Hant-HK","hr","gu","de","th","sk","ro","sl","nb","kk","en-GB","hu","zh-HK","bn","ar","it","kn","ko","uk","pa","ru","vi","zh-Hans","zh-Hant","en-AU","ml","pt-PT","tr","fi","en-US","el","cs","sv","nl","he","en","es-US"]}
[19:21:28] 000081...: Batch Activate hoàn tất thành công.
[19:21:28] 000081...: RUN: C:\TIKTOOL PRO V4\ideviceactivation.exe activate -u 00008101-000C55A12E91003A -b
[19:21:33] 000081...: NOTE: This device appears to be already activated. The server might report an error 'Device Unknown' instead of acknowledging the activation.
Activation server reports that device is already activated.
[19:21:33] 000081...: RUN: C:\TIKTOOL PRO V4\ios.exe prepare --skip-all --udid=00008101-000C55A12E91003A --nojson
[19:21:34] 000081...: time="2026-09-04T19:21:33+07:00" level=warning msg="go-ios agent is not running. You might need to start it with 'ios tunnel start' for ios17+. Use ENABLE_GO_IOS_AGENT=user for userspace tunnel or ENABLE_GO_IOS_AGENT=kernel for kernel tunnel for the experimental daemon mode."
time="2026-09-04T19:21:33+07:00" level=warning msg="failed to get tunnel info" udid=00008101-000C55A12E91003A
time="2026-09-04T19:21:33+07:00" level=info msg="device is activated:true"
time="2026-09-04T19:21:34+07:00" level=info msg="send flush request"
time="2026-09-04T19:21:34+07:00" level=info msg="get cloud config"
"ok"
[19:21:34] 000081...: RUN: C:\TIKTOOL PRO V4\ios.exe lang --setlocale=ja_JP --setlang=ja --udid=00008101-000C55A12E91003A --nojson
[19:21:46] 000081...: time="2026-09-04T19:21:34+07:00" level=warning msg="go-ios agent is not running. You might need to start it with 'ios tunnel start' for ios17+. Use ENABLE_GO_IOS_AGENT=user for userspace tunnel or ENABLE_GO_IOS_AGENT=kernel for kernel tunnel for the experimental daemon mode."
time="2026-09-04T19:21:34+07:00" level=warning msg="failed to get tunnel info" udid=00008101-000C55A12E91003A
{"Language":"ja","Locale":"ja_JP","SupportedLocales":["sv_AX","en_CN","ro_RO","en_VG","es_VC","fr_MA","en_AL","es_TT","ar_SS","fr_VU","fr_CI","en_GS","en_BW","en_JM","es_BS","en_BD","en_MG","en_PT","en_HK","ar_LB","fr_GN","ru_UA","en_CO","en_KE","en_NR","fr_MU","en_FI","nl_BQ","en_WS","en_DG","ar_SA","en_RW","en_ZM","en_BE","en_ER","en_MH","el_CY","nl_NL","pt_AO","bn_BD","en_KY","es_CL","en_VI","en_FJ","es_VE","fr_MC","en_TZ","en_ID","es_TC","zh_TW","en_GU","es_GQ","en_GB","ko_CN","mr_IN","es_MX","en_ES","es_BB","es_PR","fr_GP","pt_GW","fi_FI","en_FK","en_NA","zh_CN","en_IE","en_LR","ca_IT","en_TH","ar_KM","en_BZ","de_CH","da_GL","te_IN","en_US","en_BG","ar_QA","en_PW","ar_TN","en_JP","fr_GQ","de_LI","cs_CZ","hu_HU","zh_HK","en_NU","es_VG","ta_IN","ar_EG","ro_MD","en_LS","fr_CM","ar_SD","en_GD","ar_IL","ar_LY","en_UA","fr_TD","pt_LU","es_PA","ta_SG","en_KI","es_CO","en_FM","fr_MF","ar_EH","tr_CY","en_LT","es_IC","en_DK","pt_ST","es_GT","fr_YT","en_GE","ms_BN","en_BI","he_IL","pt_TL","en_SS","es_KY","kk_KZ","en_CA","es_VI","zh-Hant_JP","ar_MR","fr_MG","hr_HR","en_AR","ar_SY","fr_SN","en_TK","en_GY","pt_CV","en_MM","es_ES","ar_AE","fr_DZ","en_001","zh-Hant_MY","en_PG","fr_RW","ca_ES","fr_GA","en_SA","fr_BE","hi_IN","en_AS","pt_MO","en_LV","ta_LK","en_DM","en_LC","en_GG","es_BZ","tr_TR","it_CH","es_US","en_150","it_VA","fr_TG","zh-Hans_MO","en_EE","en_PH","es_HN","sv_FI","en_CV","ms_SG","es_CR","en_SB","en_CC","fr_BF","en_NF","es_EA","fr_RE","en_AT","ar_MA","nl_BE","en_GH","es_GD","th_TH","en_ZA","pt_FR","en_MO","de_IT","es_003","es_PE","de_DE","en_NZ","en_SC","en_NG","en_AU","el_GR","en_GI","ar_001","en_BM","ar_IQ","en_MP","es_PY","fr_DJ","es_EC","en_US_POSIX","vi_VN","en_CX","en_KN","en_SD","en_FR","es_CA","kn_IN","en_IL","es_AR","en_TO","zh-Hans_HK","bg_BG","es_GY","fr_NC","ta_MY","en_BN","en_UG","en_HU","en_PK","uk_UA","en_SX","en_CY","en_SE","sk_SK","es_CU","fr_BI","fr_ML","en_IM","de_BE","fr_PF","es_DM","es_LC","en_ZW","fr_CA","pl_PL","zh-Hans_JP","nl_SR","ja_JP","pt_CH","fr_LU","en_JE","en_PL","zh_MO","en_CZ","fr_GF","es_PH","fr_BJ","en_IN","zh-Hans_MY","en_AE","fr_NE","en_RO","en_MS","es_419","it_IT","ar_TD","en_SZ","fr_WF","es_SV","ru_MD","en_SG","ml_IN","en_CH","es_CW","pt_BR","en_IO","ar_PS","en_TR","bn_IN","ar_KW","es_DO","en_GM","it_SM","ms_MY","sl_SI","en_MT","es_BM","es_UY","en_PN","es_HT","en_KR","en_SH","en_VU","es_KN","fr_BL","en_NL","ca_FR","en_AG","fr_KM","fr_SC","fr_CD","ko_KP","or_IN","nb_SJ","zh-Hant_CN","en_MU","ru_RU","fr_TN","ar_DZ","en_BR","en_SI","en_VC","es_NI","ar_ER","hr_BA","fr_HT","en_TT","ar_SO","ca_AD","da_DK","fr_FR","en_BS","en_MV","es_BO","nb_NO","nl_CW","de_LU","en_CK","ar_JO","pt_GQ","fr_MQ","zh_SG","ms_ID","en_AI","fr_CF","ko_KR","en_MW","en_UM","en_SK","en_CL","en_NO","fr_MR","en_TV","fr_SY","en_TC","fr_CG","nl_SX","es_BQ","ar_YE","ru_BY","sv_SE","de_AT","en_PR","en_BB","ar_DJ","en_MX","nl_AW","en_SL","ar_OM","en_CM","ru_KZ","lt_LT","ar_BH","ru_KG","en_IT","id_ID","fr_PM","en_TW","pt_MZ","es_AG","pt_PT","en_DE","fr_CH","en_GR","gu_IN","en_RU","en_MY","es_BR"],"SupportedLanguages":["ur","lt","ja","id","mr","ms","hi","es-419","es","pl","ca","ta","fr","en-IN","or","fr-CA","da","bg","te","kk-Cyrl","pt-BR","zh-Hant-HK","hr","gu","de","th","sk","ro","sl","nb","kk","en-GB","hu","zh-HK","bn","ar","it","kn","ko","uk","pa","ru","vi","zh-Hans","zh-Hant","en-AU","ml","pt-PT","tr","fi","en-US","el","cs","sv","nl","he","en","es-US"]}
[19:21:46] 000081...: Batch Activate hoàn tất thành công.
[19:21:46] 000081...: RUN: C:\TIKTOOL PRO V4\ideviceactivation.exe activate -u 00008101-000D08DA1180001E -b
[19:21:51] 000081...: NOTE: This device appears to be already activated. The server might report an error 'Device Unknown' instead of acknowledging the activation.
Activation server reports that device is already activated.
[19:21:51] 000081...: RUN: C:\TIKTOOL PRO V4\ios.exe prepare --skip-all --udid=00008101-000D08DA1180001E --nojson
[19:21:52] 000081...: time="2026-09-04T19:21:51+07:00" level=warning msg="go-ios agent is not running. You might need to start it with 'ios tunnel start' for ios17+. Use ENABLE_GO_IOS_AGENT=user for userspace tunnel or ENABLE_GO_IOS_AGENT=kernel for kernel tunnel for the experimental daemon mode."
time="2026-09-04T19:21:51+07:00" level=warning msg="failed to get tunnel info" udid=00008101-000D08DA1180001E
time="2026-09-04T19:21:51+07:00" level=info msg="device is activated:true"
time="2026-09-04T19:21:51+07:00" level=info msg="send flush request"
time="2026-09-04T19:21:51+07:00" level=info msg="get cloud config"
"ok"
[19:21:52] 000081...: RUN: C:\TIKTOOL PRO V4\ios.exe lang --setlocale=ja_JP --setlang=ja --udid=00008101-000D08DA1180001E --nojson
[19:21:58] 000081...: time="2026-09-04T19:21:22+07:00" level=warning msg="go-ios agent is not running. You might need to start it with 'ios tunnel start' for ios17+. Use ENABLE_GO_IOS_AGENT=user for userspace tunnel or ENABLE_GO_IOS_AGENT=kernel for kernel tunnel for the experimental daemon mode."
time="2026-09-04T19:21:22+07:00" level=warning msg="failed to get tunnel info" udid=00008101-00012CE20202001E
{"Language":"ja","Locale":"ja_JP","SupportedLocales":["sv_AX","en_CN","ro_RO","en_VG","es_VC","fr_MA","en_AL","es_TT","ar_SS","fr_VU","en_GS","fr_CI","en_BW","en_JM","es_BS","en_BD","en_MG","en_PT","ar_LB","ru_UA","fr_GN","en_HK","en_CO","en_KE","en_NR","fr_MU","en_FI","nl_BQ","en_WS","en_DG","ar_SA","en_RW","en_ZM","en_BE","en_ER","bn_BD","en_MH","nl_NL","pt_AO","el_CY","en_KY","es_CL","en_VI","en_FJ","es_VE","fr_MC","en_TZ","en_ID","es_TC","zh_TW","en_GU","es_GQ","en_GB","mr_IN","ko_CN","es_MX","en_ES","es_BB","es_PR","fr_GP","pt_GW","fi_FI","en_FK","en_NA","zh_CN","en_IE","en_LR","ca_IT","en_TH","ar_KM","en_BZ","de_CH","da_GL","en_US","en_BG","en_JP","ar_QA","ar_TN","en_PW","te_IN","fr_GQ","de_LI","cs_CZ","en_NU","zh_HK","hu_HU","es_VG","ta_IN","ar_EG","ro_MD","en_LS","fr_CM","ar_SD","en_GD","ar_IL","ar_LY","en_UA","fr_TD","pt_LU","es_PA","ta_SG","en_KI","es_CO","en_FM","fr_MF","tr_CY","ar_EH","en_LT","es_IC","en_DK","pt_ST","es_GT","fr_YT","en_GE","ms_BN","en_BI","he_IL","pt_TL","en_SS","es_KY","kk_KZ","en_CA","es_VI","zh-Hant_JP","ar_MR","fr_MG","hr_HR","en_AR","ar_SY","fr_SN","en_TK","en_GY","pt_CV","fr_DZ","en_MM","ar_AE","es_ES","en_001","zh-Hant_MY","en_PG","fr_RW","ca_ES","fr_GA","en_SA","fr_BE","hi_IN","en_AS","pt_MO","en_LV","ta_LK","en_DM","en_LC","en_GG","tr_TR","es_BZ","it_CH","es_US","en_150","it_VA","fr_TG","en_EE","zh-Hans_MO","en_PH","sv_FI","es_HN","en_CV","ms_SG","es_CR","fr_RE","en_CC","en_SB","fr_BF","es_EA","en_NF","en_AT","ar_MA","nl_BE","en_GH","th_TH","en_ZA","pt_FR","es_GD","en_MO","es_003","de_IT","es_PE","de_DE","en_SC","en_NZ","en_NG","en_AU","el_GR","en_GI","ar_001","en_BM","ar_IQ","en_MP","es_PY","fr_DJ","es_EC","vi_VN","en_US_POSIX","en_CX","en_KN","en_SD","en_FR","es_CA","kn_IN","en_IL","es_AR","en_TO","zh-Hans_HK","es_GY","bg_BG","fr_NC","ta_MY","en_BN","en_UG","en_HU","uk_UA","en_SX","en_PK","en_CY","en_SE","es_CU","sk_SK","fr_BI","fr_ML","en_IM","de_BE","fr_PF","es_DM","es_LC","en_ZW","fr_CA","pl_PL","pt_CH","nl_SR","ja_JP","en_JE","fr_LU","zh-Hans_JP","en_PL","es_PH","zh_MO","en_CZ","fr_GF","fr_BJ","en_IN","zh-Hans_MY","en_AE","en_RO","fr_NE","en_MS","es_419","it_IT","ar_TD","en_SZ","fr_WF","es_SV","ml_IN","en_SG","ru_MD","en_CH","es_CW","pt_BR","en_IO","ar_PS","bn_IN","en_TR","ar_KW","es_DO","en_GM","it_SM","ms_MY","es_UY","en_MT","es_BM","sl_SI","en_PN","es_HT","en_KR","en_SH","es_KN","en_VU","fr_BL","en_NL","ca_FR","en_AG","fr_KM","fr_SC","fr_CD","ko_KP","or_IN","nb_SJ","zh-Hant_CN","en_MU","en_BR","ru_RU","ar_DZ","fr_TN","en_SI","hr_BA","es_NI","en_VC","ar_ER","fr_HT","en_TT","ar_SO","ca_AD","fr_FR","da_DK","en_BS","nl_CW","en_MV","es_BO","nb_NO","de_LU","pt_GQ","ar_JO","en_CK","fr_MQ","zh_SG","ms_ID","en_AI","fr_CF","ko_KR","en_MW","en_UM","en_SK","en_CL","en_NO","fr_MR","en_TV","fr_SY","en_TC","fr_CG","nl_SX","es_BQ","ar_YE","en_BB","sv_SE","ru_BY","de_AT","en_MX","ar_DJ","lt_LT","nl_AW","en_SL","ar_OM","en_CM","ru_KZ","en_PR","ar_BH","ru_KG","id_ID","pt_MZ","fr_PM","en_TW","en_IT","es_AG","pt_PT","en_DE","en_GR","gu_IN","en_RU","fr_CH","es_BR","en_MY"],"SupportedLanguages":["ur","lt","ja","id","mr","ms","hi","es-419","es","pl","ca","ta","fr","en-IN","or","fr-CA","da","bg","te","kk-Cyrl","pt-BR","zh-Hant-HK","hr","gu","de","th","sk","ro","sl","nb","kk","en-GB","hu","zh-HK","bn","ar","it","kn","ko","uk","pa","ru","vi","zh-Hans","zh-Hant","en-AU","ml","pt-PT","tr","fi","en-US","el","cs","sv","nl","he","en","es-US"]}
[19:21:58] 000081...: Batch Activate hoàn tất thành công.
[19:21:58] 000081...: RUN: C:\TIKTOOL PRO V4\ideviceactivation.exe activate -u 00008101-000C0D0C3C86001E -b
[19:22:03] 000081...: NOTE: This device appears to be already activated. The server might report an error 'Device Unknown' instead of acknowledging the activation.
Activation server reports that device is already activated.
[19:22:03] 000081...: RUN: C:\TIKTOOL PRO V4\ios.exe prepare --skip-all --udid=00008101-000C0D0C3C86001E --nojson
[19:22:04] 000081...: time="2026-09-04T19:21:52+07:00" level=warning msg="go-ios agent is not running. You might need to start it with 'ios tunnel start' for ios17+. Use ENABLE_GO_IOS_AGENT=user for userspace tunnel or ENABLE_GO_IOS_AGENT=kernel for kernel tunnel for the experimental daemon mode."
time="2026-09-04T19:21:52+07:00" level=warning msg="failed to get tunnel info" udid=00008101-000D08DA1180001E
{"Language":"ja","Locale":"ja_JP","SupportedLocales":["sv_AX","en_CN","ro_RO","en_VG","es_VC","fr_MA","en_AL","es_TT","ar_SS","fr_VU","en_GS","fr_CI","en_BW","en_JM","es_BS","en_BD","en_MG","en_PT","en_HK","fr_GN","ru_UA","ar_LB","en_CO","en_KE","en_NR","fr_MU","en_FI","nl_BQ","en_WS","en_DG","ar_SA","en_RW","en_ZM","en_BE","en_ER","en_MH","el_CY","nl_NL","pt_AO","bn_BD","en_KY","es_CL","en_VI","es_VE","en_FJ","fr_MC","en_TZ","en_ID","es_TC","zh_TW","en_GU","es_GQ","en_GB","mr_IN","ko_CN","es_MX","en_ES","es_BB","es_PR","fr_GP","pt_GW","fi_FI","en_FK","en_NA","zh_CN","en_IE","en_LR","ca_IT","en_TH","ar_KM","en_BZ","en_JP","da_GL","en_US","en_BG","te_IN","ar_QA","en_PW","ar_TN","de_CH","fr_GQ","de_LI","cs_CZ","hu_HU","zh_HK","en_NU","es_VG","ta_IN","ar_EG","ro_MD","en_LS","fr_CM","ar_SD","en_GD","ar_IL","ar_LY","en_UA","fr_TD","pt_LU","es_PA","ta_SG","en_KI","es_CO","en_FM","fr_MF","ar_EH","tr_CY","en_LT","es_IC","en_DK","pt_ST","es_GT","fr_YT","en_GE","ms_BN","en_BI","he_IL","pt_TL","en_SS","es_KY","kk_KZ","en_CA","es_VI","zh-Hant_JP","fr_MG","ar_MR","en_AR","hr_HR","en_TK","ar_SY","fr_SN","en_GY","pt_CV","en_MM","es_ES","fr_DZ","ar_AE","en_001","zh-Hant_MY","en_PG","fr_RW","ca_ES","fr_GA","en_SA","fr_BE","hi_IN","en_AS","pt_MO","en_LV","ta_LK","en_DM","en_LC","en_GG","es_BZ","tr_TR","it_CH","zh-Hans_MO","en_150","it_VA","fr_TG","es_US","en_EE","en_PH","es_EA","es_HN","ms_SG","sv_FI","es_CR","fr_RE","en_SB","fr_BF","en_NF","en_CC","en_CV","en_AT","ar_MA","nl_BE","en_GH","es_GD","th_TH","en_ZA","pt_FR","en_MO","es_003","de_IT","es_PE","de_DE","en_NZ","en_SC","en_NG","en_AU","el_GR","en_GI","ar_001","en_BM","ar_IQ","en_MP","es_PY","fr_DJ","es_EC","vi_VN","en_US_POSIX","en_CX","en_KN","en_SD","en_FR","es_CA","kn_IN","en_IL","es_AR","en_TO","zh-Hans_HK","es_GY","bg_BG","fr_NC","en_BN","ta_MY","en_UG","en_HU","en_PK","en_SX","uk_UA","en_CY","en_SE","sk_SK","es_CU","fr_BI","fr_ML","de_BE","en_IM","fr_PF","es_DM","es_LC","en_ZW","fr_CA","pl_PL","zh-Hans_JP","nl_SR","ja_JP","en_JE","fr_LU","pt_CH","en_PL","zh_MO","en_CZ","fr_GF","es_PH","fr_BJ","en_IN","zh-Hans_MY","en_AE","fr_NE","en_RO","en_MS","es_419","it_IT","ar_TD","en_SZ","fr_WF","ru_MD","ml_IN","en_SG","es_CW","es_SV","en_CH","pt_BR","en_IO","bn_IN","ar_PS","en_TR","ar_KW","es_DO","en_GM","it_SM","ms_MY","sl_SI","en_MT","es_UY","es_BM","en_PN","es_HT","en_KR","en_SH","en_VU","es_KN","fr_BL","en_NL","ca_FR","en_AG","fr_KM","fr_SC","fr_CD","ko_KP","or_IN","nb_SJ","zh-Hant_CN","ru_RU","en_MU","fr_TN","ar_DZ","en_BR","en_SI","hr_BA","en_VC","ar_ER","es_NI","fr_HT","en_TT","ar_SO","ca_AD","da_DK","fr_FR","en_BS","nl_CW","es_BO","nb_NO","en_MV","de_LU","en_CK","pt_GQ","ar_JO","fr_MQ","zh_SG","ms_ID","en_AI","fr_CF","ko_KR","en_MW","en_UM","en_SK","en_CL","en_NO","fr_MR","en_TV","fr_SY","en_TC","fr_CG","nl_SX","es_BQ","en_MX","ru_BY","sv_SE","en_BB","ar_YE","de_AT","ar_DJ","lt_LT","nl_AW","en_SL","ar_OM","en_CM","ru_KZ","en_PR","ar_BH","ru_KG","pt_MZ","en_IT","fr_PM","en_TW","id_ID","es_AG","pt_PT","en_DE","fr_CH","gu_IN","en_RU","en_GR","en_MY","es_BR"],"SupportedLanguages":["ur","lt","ja","id","mr","ms","hi","es-419","es","pl","ca","ta","fr","en-IN","or","fr-CA","da","bg","te","kk-Cyrl","pt-BR","zh-Hant-HK","hr","gu","de","th","sk","ro","sl","nb","kk","en-GB","hu","zh-HK","bn","ar","it","kn","ko","uk","pa","ru","vi","zh-Hans","zh-Hant","en-AU","ml","pt-PT","tr","fi","en-US","el","cs","sv","nl","he","en","es-US"]}
[19:22:04] 000081...: Batch Activate hoàn tất thành công.
[19:22:04] 000081...: RUN: C:\TIKTOOL PRO V4\ideviceactivation.exe activate -u 00008101-000E10A41E78001E -b
[19:22:04] 000081...: time="2026-09-04T19:22:03+07:00" level=warning msg="go-ios agent is not running. You might need to start it with 'ios tunnel start' for ios17+. Use ENABLE_GO_IOS_AGENT=user for userspace tunnel or ENABLE_GO_IOS_AGENT=kernel for kernel tunnel for the experimental daemon mode."
time="2026-09-04T19:22:03+07:00" level=warning msg="failed to get tunnel info" udid=00008101-000C0D0C3C86001E
time="2026-09-04T19:22:03+07:00" level=info msg="device is activated:true"
time="2026-09-04T19:22:03+07:00" level=info msg="send flush request"
time="2026-09-04T19:22:04+07:00" level=info msg="get cloud config"
"ok"
[19:22:04] 000081...: RUN: C:\TIKTOOL PRO V4\ios.exe lang --setlocale=ja_JP --setlang=ja --udid=00008101-000C0D0C3C86001E --nojson
[19:22:09] 000081...: NOTE: This device appears to be already activated. The server might report an error 'Device Unknown' instead of acknowledging the activation.
Activation server reports that device is already activated.
[19:22:09] 000081...: RUN: C:\TIKTOOL PRO V4\ios.exe prepare --skip-all --udid=00008101-000E10A41E78001E --nojson
[19:22:10] 000081...: time="2026-09-04T19:22:09+07:00" level=warning msg="go-ios agent is not running. You might need to start it with 'ios tunnel start' for ios17+. Use ENABLE_GO_IOS_AGENT=user for userspace tunnel or ENABLE_GO_IOS_AGENT=kernel for kernel tunnel for the experimental daemon mode."
time="2026-09-04T19:22:09+07:00" level=warning msg="failed to get tunnel info" udid=00008101-000E10A41E78001E
time="2026-09-04T19:22:09+07:00" level=info msg="device is activated:true"
time="2026-09-04T19:22:09+07:00" level=info msg="send flush request"
time="2026-09-04T19:22:09+07:00" level=info msg="get cloud config"
"ok"
[19:22:10] 000081...: RUN: C:\TIKTOOL PRO V4\ios.exe lang --setlocale=ja_JP --setlang=ja --udid=00008101-000E10A41E78001E --nojson
[19:22:16] 000081...: time="2026-09-04T19:22:04+07:00" level=warning msg="go-ios agent is not running. You might need to start it with 'ios tunnel start' for ios17+. Use ENABLE_GO_IOS_AGENT=user for userspace tunnel or ENABLE_GO_IOS_AGENT=kernel for kernel tunnel for the experimental daemon mode."
time="2026-09-04T19:22:04+07:00" level=warning msg="failed to get tunnel info" udid=00008101-000C0D0C3C86001E
{"Language":"ja","Locale":"ja_JP","SupportedLocales":["sv_AX","en_CN","ro_RO","en_VG","es_VC","fr_MA","en_AL","es_TT","ar_SS","fr_VU","en_GS","fr_CI","en_BW","en_JM","es_BS","en_BD","en_MG","en_PT","ar_LB","fr_GN","ru_UA","en_HK","en_CO","en_KE","en_NR","fr_MU","en_FI","nl_BQ","en_WS","en_DG","ar_SA","en_RW","en_ZM","en_BE","el_CY","bn_BD","en_MH","pt_AO","nl_NL","en_ER","en_KY","es_CL","en_VI","es_VE","en_FJ","fr_MC","en_TZ","en_ID","es_TC","zh_TW","en_GU","es_GQ","en_GB","mr_IN","ko_CN","es_MX","en_ES","es_BB","es_PR","fr_GP","pt_GW","fi_FI","en_FK","en_NA","zh_CN","en_IE","ca_IT","en_TH","en_LR","ar_KM","en_BZ","en_JP","da_GL","te_IN","en_US","en_BG","ar_QA","ar_TN","en_PW","de_CH","fr_GQ","de_LI","cs_CZ","hu_HU","zh_HK","en_NU","es_VG","ta_IN","ar_EG","ro_MD","en_LS","fr_CM","ar_SD","en_GD","ar_IL","ar_LY","en_UA","fr_TD","pt_LU","es_PA","ta_SG","en_KI","es_CO","en_FM","fr_MF","tr_CY","ar_EH","en_LT","es_IC","en_DK","pt_ST","es_GT","fr_YT","en_GE","ms_BN","en_BI","he_IL","pt_TL","en_SS","es_KY","kk_KZ","en_CA","es_VI","zh-Hant_JP","fr_MG","ar_MR","hr_HR","en_AR","ar_SY","en_TK","fr_SN","en_GY","pt_CV","fr_DZ","es_ES","ar_AE","en_MM","ca_ES","zh-Hant_MY","en_PG","fr_RW","en_001","fr_GA","en_SA","fr_BE","hi_IN","en_AS","pt_MO","en_LV","ta_LK","en_DM","en_LC","en_GG","tr_TR","es_BZ","it_CH","es_US","en_150","it_VA","fr_TG","en_EE","zh-Hans_MO","en_PH","es_EA","es_HN","ms_SG","sv_FI","es_CR","fr_RE","en_CC","en_SB","en_NF","fr_BF","en_CV","en_AT","ar_MA","nl_BE","en_GH","es_GD","th_TH","en_ZA","pt_FR","en_MO","es_003","de_IT","es_PE","de_DE","en_SC","en_NZ","en_NG","en_AU","el_GR","en_GI","ar_001","en_BM","ar_IQ","en_MP","es_PY","fr_DJ","es_EC","vi_VN","en_US_POSIX","en_CX","en_KN","en_SD","en_FR","es_CA","kn_IN","en_IL","es_AR","en_TO","zh-Hans_HK","es_GY","bg_BG","fr_NC","ta_MY","en_BN","en_UG","uk_UA","en_PK","en_HU","en_SX","en_CY","en_SE","es_CU","sk_SK","fr_BI","fr_ML","en_IM","de_BE","fr_PF","es_DM","es_LC","en_ZW","fr_CA","pl_PL","pt_CH","nl_SR","ja_JP","en_JE","fr_LU","zh-Hans_JP","en_PL","zh_MO","es_PH","en_CZ","fr_GF","fr_BJ","en_IN","zh-Hans_MY","en_AE","en_RO","fr_NE","en_MS","es_419","it_IT","ar_TD","en_SZ","fr_WF","ru_MD","ml_IN","es_CW","en_SG","en_CH","es_SV","pt_BR","en_IO","bn_IN","en_TR","ar_PS","ar_KW","es_DO","en_GM","it_SM","ms_MY","sl_SI","es_UY","en_MT","es_BM","en_PN","es_HT","en_KR","en_SH","en_VU","es_KN","fr_BL","en_NL","ca_FR","en_AG","fr_KM","fr_SC","fr_CD","ko_KP","or_IN","zh-Hant_CN","en_BR","en_MU","ru_RU","fr_TN","ar_DZ","nb_SJ","en_SI","hr_BA","es_NI","en_VC","ar_ER","fr_HT","en_TT","ar_SO","ca_AD","da_DK","fr_FR","en_BS","nl_CW","en_MV","es_BO","nb_NO","de_LU","pt_GQ","ar_JO","en_CK","fr_MQ","zh_SG","ms_ID","en_AI","fr_CF","ko_KR","en_MW","en_UM","en_SK","en_CL","en_NO","fr_MR","en_TV","fr_SY","en_TC","fr_CG","nl_SX","en_MX","es_BQ","ru_BY","sv_SE","en_BB","en_PR","ar_YE","de_AT","lt_LT","nl_AW","en_SL","ar_DJ","en_CM","ru_KZ","ar_OM","ar_BH","ru_KG","en_IT","id_ID","pt_MZ","fr_PM","en_TW","pt_PT","es_AG","en_DE","fr_CH","gu_IN","en_RU","en_GR","es_BR","en_MY"],"SupportedLanguages":["ur","lt","ja","id","mr","ms","hi","es-419","es","pl","ca","ta","fr","en-IN","or","fr-CA","da","bg","te","kk-Cyrl","pt-BR","zh-Hant-HK","hr","gu","de","th","sk","ro","sl","nb","kk","en-GB","hu","zh-HK","bn","ar","it","kn","ko","uk","pa","ru","vi","zh-Hans","zh-Hant","en-AU","ml","pt-PT","tr","fi","en-US","el","cs","sv","nl","he","en","es-US"]}
[19:22:16] 000081...: Batch Activate hoàn tất thành công.
[19:22:18] 000081...: time="2026-09-04T19:20:18+07:00" level=warning msg="go-ios agent is not running. You might need to start it with 'ios tunnel start' for ios17+. Use ENABLE_GO_IOS_AGENT=user for userspace tunnel or ENABLE_GO_IOS_AGENT=kernel for kernel tunnel for the experimental daemon mode."
time="2026-09-04T19:20:18+07:00" level=warning msg="failed to get tunnel info" udid=00008101-000B05581468001E
Command timed out
[19:22:18] 000081...: Đặt ngôn ngữ sau Activate thất bại!
[19:22:21] 000081...: time="2026-09-04T19:22:10+07:00" level=warning msg="go-ios agent is not running. You might need to start it with 'ios tunnel start' for ios17+. Use ENABLE_GO_IOS_AGENT=user for userspace tunnel or ENABLE_GO_IOS_AGENT=kernel for kernel tunnel for the experimental daemon mode."
time="2026-09-04T19:22:10+07:00" level=warning msg="failed to get tunnel info" udid=00008101-000E10A41E78001E
{"Language":"ja","Locale":"ja_JP","SupportedLocales":["sv_AX","en_CN","ro_RO","en_VG","es_VC","fr_MA","en_AL","es_TT","ar_SS","fr_VU","fr_CI","en_GS","en_BW","en_JM","es_BS","en_BD","en_MG","en_PT","ar_LB","fr_GN","ru_UA","en_HK","en_CO","en_KE","en_NR","fr_MU","en_FI","nl_BQ","en_WS","en_DG","ar_SA","en_RW","en_ZM","en_BE","en_ER","en_MH","el_CY","nl_NL","pt_AO","bn_BD","en_KY","es_CL","en_VI","es_VE","en_FJ","fr_MC","en_TZ","en_ID","es_TC","zh_TW","en_GU","es_GQ","en_GB","ko_CN","mr_IN","es_MX","en_ES","es_BB","es_PR","fr_GP","pt_GW","fi_FI","en_FK","en_NA","zh_CN","en_IE","ca_IT","en_LR","en_TH","ar_KM","en_BZ","en_JP","de_CH","te_IN","en_US","en_BG","ar_QA","en_PW","ar_TN","da_GL","fr_GQ","de_LI","cs_CZ","hu_HU","en_NU","zh_HK","es_VG","ta_IN","ar_EG","ro_MD","en_LS","fr_CM","ar_SD","en_GD","ar_IL","ar_LY","en_UA","fr_TD","pt_LU","es_PA","ta_SG","en_KI","es_CO","en_FM","fr_MF","tr_CY","ar_EH","en_LT","es_IC","en_DK","pt_ST","es_GT","fr_YT","en_GE","ms_BN","en_BI","he_IL","pt_TL","en_SS","es_KY","kk_KZ","en_CA","es_VI","zh-Hant_JP","fr_MG","ar_MR","hr_HR","en_AR","ar_SY","fr_SN","en_TK","en_GY","pt_CV","en_MM","es_ES","ar_AE","fr_DZ","ca_ES","en_PG","en_001","fr_RW","zh-Hant_MY","fr_GA","en_SA","fr_BE","hi_IN","en_AS","pt_MO","en_LV","ta_LK","en_DM","en_LC","en_GG","tr_TR","es_BZ","zh-Hans_MO","es_US","en_150","it_VA","fr_TG","en_EE","it_CH","en_PH","es_EA","sv_FI","en_CV","ms_SG","es_CR","en_SB","en_CC","fr_BF","en_NF","es_HN","fr_RE","en_AT","ar_MA","nl_BE","en_GH","th_TH","en_ZA","pt_FR","es_GD","en_MO","de_IT","es_003","es_PE","de_DE","en_SC","en_NZ","en_NG","en_AU","el_GR","en_GI","ar_001","en_BM","ar_IQ","en_MP","es_PY","fr_DJ","es_EC","vi_VN","en_US_POSIX","en_CX","en_KN","en_SD","en_FR","es_CA","kn_IN","en_IL","es_AR","en_TO","zh-Hans_HK","es_GY","bg_BG","fr_NC","ta_MY","en_BN","en_UG","en_HU","en_PK","en_SX","uk_UA","en_CY","en_SE","es_CU","sk_SK","fr_BI","fr_ML","de_BE","en_IM","fr_PF","es_DM","es_LC","en_ZW","fr_CA","pl_PL","pt_CH","nl_SR","ja_JP","en_JE","zh-Hans_JP","fr_LU","en_PL","es_PH","zh_MO","en_CZ","fr_GF","fr_BJ","en_IN","zh-Hans_MY","en_AE","en_RO","fr_NE","en_MS","es_419","it_IT","ar_TD","en_SZ","fr_WF","ru_MD","ml_IN","es_CW","es_SV","en_CH","en_SG","pt_BR","en_IO","ar_PS","en_TR","bn_IN","ar_KW","es_DO","en_GM","it_SM","ms_MY","es_UY","es_BM","sl_SI","en_MT","en_PN","es_HT","en_KR","en_SH","en_VU","es_KN","fr_BL","en_NL","ca_FR","en_AG","fr_KM","fr_SC","fr_CD","ko_KP","or_IN","zh-Hant_CN","en_BR","en_MU","ru_RU","nb_SJ","ar_DZ","fr_TN","en_SI","hr_BA","es_NI","ar_ER","en_VC","fr_HT","en_TT","ar_SO","ca_AD","da_DK","fr_FR","en_BS","es_BO","nl_CW","nb_NO","en_MV","de_LU","en_CK","pt_GQ","ar_JO","fr_MQ","zh_SG","ms_ID","en_AI","fr_CF","ko_KR","en_MW","en_UM","en_SK","en_CL","en_NO","fr_MR","en_TV","fr_SY","en_TC","fr_CG","nl_SX","es_BQ","ar_YE","ru_BY","sv_SE","de_AT","en_PR","en_BB","ar_DJ","lt_LT","nl_AW","ar_OM","en_SL","en_CM","ru_KZ","en_MX","ar_BH","ru_KG","id_ID","pt_MZ","en_TW","en_IT","fr_PM","es_AG","pt_PT","en_DE","fr_CH","en_GR","en_RU","gu_IN","en_MY","es_BR"],"SupportedLanguages":["ur","lt","ja","id","mr","ms","hi","es-419","es","pl","ca","ta","fr","en-IN","or","fr-CA","da","bg","te","kk-Cyrl","pt-BR","zh-Hant-HK","hr","gu","de","th","sk","ro","sl","nb","kk","en-GB","hu","zh-HK","bn","ar","it","kn","ko","uk","pa","ru","vi","zh-Hans","zh-Hant","en-AU","ml","pt-PT","tr","fi","en-US","el","cs","sv","nl","he","en","es-US"]}
[19:22:21] 000081...: Batch Activate hoàn tất thành công.
[19:22:28] 000081...: time="2026-09-04T19:20:28+07:00" level=warning msg="go-ios agent is not running. You might need to start it with 'ios tunnel start' for ios17+. Use ENABLE_GO_IOS_AGENT=user for userspace tunnel or ENABLE_GO_IOS_AGENT=kernel for kernel tunnel for the experimental daemon mode."
time="2026-09-04T19:20:28+07:00" level=warning msg="failed to get tunnel info" udid=00008101-000124C011A3001E
Command timed out
[19:22:28] 000081...: Đặt ngôn ngữ sau Activate thất bại!
[19:22:39] SYSTEM...: Bắt đầu Batch Activate cho toàn bộ thiết bị...
[19:22:39] 000081...: RUN: C:\TIKTOOL PRO V4\ideviceactivation.exe activate -u 00008101-000101C61E44001E -b
[19:22:39] 000081...: RUN: C:\TIKTOOL PRO V4\ideviceactivation.exe activate -u 00008101-000B05581468001E -b
[19:22:39] 000081...: RUN: C:\TIKTOOL PRO V4\ideviceactivation.exe activate -u 00008101-000124C011A3001E -b
[19:22:39] 000081...: RUN: C:\TIKTOOL PRO V4\ideviceactivation.exe activate -u 00008101-000E41E036E8001E -b
[19:22:44] 000081...: NOTE: This device appears to be already activated. The server might report an error 'Device Unknown' instead of acknowledging the activation.
Activation server reports that device is already activated.
[19:22:44] 000081...: RUN: C:\TIKTOOL PRO V4\ios.exe prepare --skip-all --udid=00008101-000124C011A3001E --nojson
[19:22:44] 000081...: NOTE: This device appears to be already activated. The server might report an error 'Device Unknown' instead of acknowledging the activation.
Activation server reports that device is already activated.
[19:22:44] 000081...: RUN: C:\TIKTOOL PRO V4\ios.exe prepare --skip-all --udid=00008101-000101C61E44001E --nojson
[19:22:44] 000081...: NOTE: This device appears to be already activated. The server might report an error 'Device Unknown' instead of acknowledging the activation.
Activation server reports that device is already activated.
[19:22:44] 000081...: RUN: C:\TIKTOOL PRO V4\ios.exe prepare --skip-all --udid=00008101-000E41E036E8001E --nojson
[19:22:44] 000081...: NOTE: This device appears to be already activated. The server might report an error 'Device Unknown' instead of acknowledging the activation.
Activation server reports that device is already activated.
[19:22:44] 000081...: RUN: C:\TIKTOOL PRO V4\ios.exe prepare --skip-all --udid=00008101-000B05581468001E --nojson
[19:22:44] 000081...: time="2026-09-04T19:22:44+07:00" level=warning msg="go-ios agent is not running. You might need to start it with 'ios tunnel start' for ios17+. Use ENABLE_GO_IOS_AGENT=user for userspace tunnel or ENABLE_GO_IOS_AGENT=kernel for kernel tunnel for the experimental daemon mode."
time="2026-09-04T19:22:44+07:00" level=warning msg="failed to get tunnel info" udid=00008101-000124C011A3001E
time="2026-09-04T19:22:44+07:00" level=info msg="device is activated:true"
time="2026-09-04T19:22:44+07:00" level=info msg="send flush request"
time="2026-09-04T19:22:44+07:00" level=info msg="get cloud config"
time="2026-09-04T19:22:44+07:00" level=fatal msg="failed erasing" err="failed setting cloud config, resp: map[] err: failed command: map[CommandErrorArchive:[4 11 115 116 114 101 97 109 116 121 112 101 100 129 232 3 132 1 64 132 132 132 7 78 83 69 114 114 111 114 0 132 132 8 78 83 79 98 106 101 99 116 0 133 132 3 105 64 64 129 178 54 132 132 132 8 78 83 83 116 114 105 110 103 1 148 132 1 43 20 68 77 67 84 117 110 110 101 108 69 114 114 111 114 68 111 109 97 105 110 134 132 132 132 12 78 83 68 105 99 116 105 111 110 97 114 121 0 148 132 1 105 3 146 132 150 151 12 68 77 67 69 114 114 111 114 84 121 112 101 134 146 132 150 151 13 68 77 67 70 97 116 97 108 69 114 114 111 114 134 146 132 150 151 22 78 83 76 111 99 97 108 105 122 101 100 68 101 115 99 114 105 112 116 105 111 110 134 146 132 150 151 56 65 32 99 108 111 117 100 32 99 111 110 102 105 103 117 114 97 116 105 111 110 32 105 115 32 97 108 114 101 97 100 121 32 112 114 101 115 101 110 116 32 111 110 32 116 104 105 115 32 100 101 118 105 99 101 46 134 146 132 150 151 20 85 83 69 110 103 108 105 115 104 68 101 115 99 114 105 112 116 105 111 110 134 146 132 150 151 56 65 32 99 108 111 117 100 32 99 111 110 102 105 103 117 114 97 116 105 111 110 32 105 115 32 97 108 114 101 97 100 121 32 112 114 101 115 101 110 116 32 111 110 32 116 104 105 115 32 100 101 118 105 99 101 46 134 134 134] ErrorChain:[map[ErrorCode:14002 ErrorDomain:DMCTunnelErrorDomain LocalizedDescription:A cloud configuration is already present on this device. USEnglishDescription:A cloud configuration is already present on this device.]] Status:Error]"
[19:22:44] 000081...: Skip Setup Assistant thất bại!
[19:22:44] 000081...: RUN: C:\TIKTOOL PRO V4\ideviceactivation.exe activate -u 00008101-000E10A41E78001E -b
[19:22:44] 000081...: time="2026-09-04T19:22:44+07:00" level=warning msg="go-ios agent is not running. You might need to start it with 'ios tunnel start' for ios17+. Use ENABLE_GO_IOS_AGENT=user for userspace tunnel or ENABLE_GO_IOS_AGENT=kernel for kernel tunnel for the experimental daemon mode."
time="2026-09-04T19:22:44+07:00" level=warning msg="failed to get tunnel info" udid=00008101-000101C61E44001E
time="2026-09-04T19:22:44+07:00" level=info msg="device is activated:true"
time="2026-09-04T19:22:44+07:00" level=info msg="send flush request"
time="2026-09-04T19:22:44+07:00" level=info msg="get cloud config"
time="2026-09-04T19:22:44+07:00" level=fatal msg="failed erasing" err="failed setting cloud config, resp: map[] err: failed command: map[CommandErrorArchive:[4 11 115 116 114 101 97 109 116 121 112 101 100 129 232 3 132 1 64 132 132 132 7 78 83 69 114 114 111 114 0 132 132 8 78 83 79 98 106 101 99 116 0 133 132 3 105 64 64 129 178 54 132 132 132 8 78 83 83 116 114 105 110 103 1 148 132 1 43 20 68 77 67 84 117 110 110 101 108 69 114 114 111 114 68 111 109 97 105 110 134 132 132 132 12 78 83 68 105 99 116 105 111 110 97 114 121 0 148 132 1 105 3 146 132 150 151 12 68 77 67 69 114 114 111 114 84 121 112 101 134 146 132 150 151 13 68 77 67 70 97 116 97 108 69 114 114 111 114 134 146 132 150 151 22 78 83 76 111 99 97 108 105 122 101 100 68 101 115 99 114 105 112 116 105 111 110 134 146 132 150 151 56 65 32 99 108 111 117 100 32 99 111 110 102 105 103 117 114 97 116 105 111 110 32 105 115 32 97 108 114 101 97 100 121 32 112 114 101 115 101 110 116 32 111 110 32 116 104 105 115 32 100 101 118 105 99 101 46 134 146 132 150 151 20 85 83 69 110 103 108 105 115 104 68 101 115 99 114 105 112 116 105 111 110 134 146 132 150 151 56 65 32 99 108 111 117 100 32 99 111 110 102 105 103 117 114 97 116 105 111 110 32 105 115 32 97 108 114 101 97 100 121 32 112 114 101 115 101 110 116 32 111 110 32 116 104 105 115 32 100 101 118 105 99 101 46 134 134 134] ErrorChain:[map[ErrorCode:14002 ErrorDomain:DMCTunnelErrorDomain LocalizedDescription:A cloud configuration is already present on this device. USEnglishDescription:A cloud configuration is already present on this device.]] Status:Error]"
[19:22:44] 000081...: Skip Setup Assistant thất bại!
[19:22:44] 000081...: RUN: C:\TIKTOOL PRO V4\ideviceactivation.exe activate -u 00008101-000D08DA1180001E -b
[19:22:44] 000081...: time="2026-09-04T19:22:44+07:00" level=warning msg="go-ios agent is not running. You might need to start it with 'ios tunnel start' for ios17+. Use ENABLE_GO_IOS_AGENT=user for userspace tunnel or ENABLE_GO_IOS_AGENT=kernel for kernel tunnel for the experimental daemon mode."
time="2026-09-04T19:22:44+07:00" level=warning msg="failed to get tunnel info" udid=00008101-000E41E036E8001E
time="2026-09-04T19:22:44+07:00" level=info msg="device is activated:true"
time="2026-09-04T19:22:44+07:00" level=info msg="send flush request"
time="2026-09-04T19:22:44+07:00" level=info msg="get cloud config"
time="2026-09-04T19:22:44+07:00" level=fatal msg="failed erasing" err="failed setting cloud config, resp: map[] err: failed command: map[CommandErrorArchive:[4 11 115 116 114 101 97 109 116 121 112 101 100 129 232 3 132 1 64 132 132 132 7 78 83 69 114 114 111 114 0 132 132 8 78 83 79 98 106 101 99 116 0 133 132 3 105 64 64 129 178 54 132 132 132 8 78 83 83 116 114 105 110 103 1 148 132 1 43 20 68 77 67 84 117 110 110 101 108 69 114 114 111 114 68 111 109 97 105 110 134 132 132 132 12 78 83 68 105 99 116 105 111 110 97 114 121 0 148 132 1 105 3 146 132 150 151 12 68 77 67 69 114 114 111 114 84 121 112 101 134 146 132 150 151 13 68 77 67 70 97 116 97 108 69 114 114 111 114 134 146 132 150 151 22 78 83 76 111 99 97 108 105 122 101 100 68 101 115 99 114 105 112 116 105 111 110 134 146 132 150 151 56 65 32 99 108 111 117 100 32 99 111 110 102 105 103 117 114 97 116 105 111 110 32 105 115 32 97 108 114 101 97 100 121 32 112 114 101 115 101 110 116 32 111 110 32 116 104 105 115 32 100 101 118 105 99 101 46 134 146 132 150 151 20 85 83 69 110 103 108 105 115 104 68 101 115 99 114 105 112 116 105 111 110 134 146 132 150 151 56 65 32 99 108 111 117 100 32 99 111 110 102 105 103 117 114 97 116 105 111 110 32 105 115 32 97 108 114 101 97 100 121 32 112 114 101 115 101 110 116 32 111 110 32 116 104 105 115 32 100 101 118 105 99 101 46 134 134 134] ErrorChain:[map[ErrorCode:14002 ErrorDomain:DMCTunnelErrorDomain LocalizedDescription:A cloud configuration is already present on this device. USEnglishDescription:A cloud configuration is already present on this device.]] Status:Error]"
[19:22:44] 000081...: Skip Setup Assistant thất bại!
[19:22:44] 000081...: RUN: C:\TIKTOOL PRO V4\ideviceactivation.exe activate -u 00008101-000C0D0C3C86001E -b
[19:22:44] 000081...: time="2026-09-04T19:22:44+07:00" level=warning msg="go-ios agent is not running. You might need to start it with 'ios tunnel start' for ios17+. Use ENABLE_GO_IOS_AGENT=user for userspace tunnel or ENABLE_GO_IOS_AGENT=kernel for kernel tunnel for the experimental daemon mode."
time="2026-09-04T19:22:44+07:00" level=warning msg="failed to get tunnel info" udid=00008101-000B05581468001E
time="2026-09-04T19:22:44+07:00" level=info msg="device is activated:true"
time="2026-09-04T19:22:44+07:00" level=info msg="send flush request"
time="2026-09-04T19:22:44+07:00" level=info msg="get cloud config"
time="2026-09-04T19:22:44+07:00" level=fatal msg="failed erasing" err="failed setting cloud config, resp: map[] err: failed command: map[CommandErrorArchive:[4 11 115 116 114 101 97 109 116 121 112 101 100 129 232 3 132 1 64 132 132 132 7 78 83 69 114 114 111 114 0 132 132 8 78 83 79 98 106 101 99 116 0 133 132 3 105 64 64 129 178 54 132 132 132 8 78 83 83 116 114 105 110 103 1 148 132 1 43 20 68 77 67 84 117 110 110 101 108 69 114 114 111 114 68 111 109 97 105 110 134 132 132 132 12 78 83 68 105 99 116 105 111 110 97 114 121 0 148 132 1 105 3 146 132 150 151 12 68 77 67 69 114 114 111 114 84 121 112 101 134 146 132 150 151 13 68 77 67 70 97 116 97 108 69 114 114 111 114 134 146 132 150 151 22 78 83 76 111 99 97 108 105 122 101 100 68 101 115 99 114 105 112 116 105 111 110 134 146 132 150 151 56 65 32 99 108 111 117 100 32 99 111 110 102 105 103 117 114 97 116 105 111 110 32 105 115 32 97 108 114 101 97 100 121 32 112 114 101 115 101 110 116 32 111 110 32 116 104 105 115 32 100 101 118 105 99 101 46 134 146 132 150 151 20 85 83 69 110 103 108 105 115 104 68 101 115 99 114 105 112 116 105 111 110 134 146 132 150 151 56 65 32 99 108 111 117 100 32 99 111 110 102 105 103 117 114 97 116 105 111 110 32 105 115 32 97 108 114 101 97 100 121 32 112 114 101 115 101 110 116 32 111 110 32 116 104 105 115 32 100 101 118 105 99 101 46 134 134 134] ErrorChain:[map[ErrorCode:14002 ErrorDomain:DMCTunnelErrorDomain LocalizedDescription:A cloud configuration is already present on this device. USEnglishDescription:A cloud configuration is already present on this device.]] Status:Error]"
[19:22:44] 000081...: Skip Setup Assistant thất bại!
[19:22:44] 000081...: RUN: C:\TIKTOOL PRO V4\ideviceactivation.exe activate -u 00008101-000C55A12E91003A -b
[19:22:50] 000081...: NOTE: This device appears to be already activated. The server might report an error 'Device Unknown' instead of acknowledging the activation.
Activation server reports that device is already activated.
[19:22:50] 000081...: RUN: C:\TIKTOOL PRO V4\ios.exe prepare --skip-all --udid=00008101-000E10A41E78001E --nojson
[19:22:50] 000081...: NOTE: This device appears to be already activated. The server might report an error 'Device Unknown' instead of acknowledging the activation.
Activation server reports that device is already activated.
[19:22:50] 000081...: RUN: C:\TIKTOOL PRO V4\ios.exe prepare --skip-all --udid=00008101-000D08DA1180001E --nojson
[19:22:50] 000081...: NOTE: This device appears to be already activated. The server might report an error 'Device Unknown' instead of acknowledging the activation.
Activation server reports that device is already activated.
[19:22:50] 000081...: RUN: C:\TIKTOOL PRO V4\ios.exe prepare --skip-all --udid=00008101-000C55A12E91003A --nojson
[19:22:50] 000081...: NOTE: This device appears to be already activated. The server might report an error 'Device Unknown' instead of acknowledging the activation.
Activation server reports that device is already activated.
[19:22:50] 000081...: RUN: C:\TIKTOOL PRO V4\ios.exe prepare --skip-all --udid=00008101-000C0D0C3C86001E --nojson
[19:22:50] 000081...: time="2026-09-04T19:22:50+07:00" level=warning msg="go-ios agent is not running. You might need to start it with 'ios tunnel start' for ios17+. Use ENABLE_GO_IOS_AGENT=user for userspace tunnel or ENABLE_GO_IOS_AGENT=kernel for kernel tunnel for the experimental daemon mode."
time="2026-09-04T19:22:50+07:00" level=warning msg="failed to get tunnel info" udid=00008101-000E10A41E78001E
time="2026-09-04T19:22:50+07:00" level=info msg="device is activated:true"
time="2026-09-04T19:22:50+07:00" level=info msg="send flush request"
time="2026-09-04T19:22:50+07:00" level=info msg="get cloud config"
time="2026-09-04T19:22:50+07:00" level=fatal msg="failed erasing" err="failed setting cloud config, resp: map[] err: failed command: map[CommandErrorArchive:[4 11 115 116 114 101 97 109 116 121 112 101 100 129 232 3 132 1 64 132 132 132 7 78 83 69 114 114 111 114 0 132 132 8 78 83 79 98 106 101 99 116 0 133 132 3 105 64 64 129 178 54 132 132 132 8 78 83 83 116 114 105 110 103 1 148 132 1 43 20 68 77 67 84 117 110 110 101 108 69 114 114 111 114 68 111 109 97 105 110 134 132 132 132 12 78 83 68 105 99 116 105 111 110 97 114 121 0 148 132 1 105 3 146 132 150 151 12 68 77 67 69 114 114 111 114 84 121 112 101 134 146 132 150 151 13 68 77 67 70 97 116 97 108 69 114 114 111 114 134 146 132 150 151 22 78 83 76 111 99 97 108 105 122 101 100 68 101 115 99 114 105 112 116 105 111 110 134 146 132 150 151 56 65 32 99 108 111 117 100 32 99 111 110 102 105 103 117 114 97 116 105 111 110 32 105 115 32 97 108 114 101 97 100 121 32 112 114 101 115 101 110 116 32 111 110 32 116 104 105 115 32 100 101 118 105 99 101 46 134 146 132 150 151 20 85 83 69 110 103 108 105 115 104 68 101 115 99 114 105 112 116 105 111 110 134 146 132 150 151 56 65 32 99 108 111 117 100 32 99 111 110 102 105 103 117 114 97 116 105 111 110 32 105 115 32 97 108 114 101 97 100 121 32 112 114 101 115 101 110 116 32 111 110 32 116 104 105 115 32 100 101 118 105 99 101 46 134 134 134] ErrorChain:[map[ErrorCode:14002 ErrorDomain:DMCTunnelErrorDomain LocalizedDescription:A cloud configuration is already present on this device. USEnglishDescription:A cloud configuration is already present on this device.]] Status:Error]"
[19:22:50] 000081...: Skip Setup Assistant thất bại!
[19:22:50] 000081...: RUN: C:\TIKTOOL PRO V4\ideviceactivation.exe activate -u 00008101-000508C23CE0001E -b
[19:22:50] 000081...: time="2026-09-04T19:22:50+07:00" level=warning msg="go-ios agent is not running. You might need to start it with 'ios tunnel start' for ios17+. Use ENABLE_GO_IOS_AGENT=user for userspace tunnel or ENABLE_GO_IOS_AGENT=kernel for kernel tunnel for the experimental daemon mode."
time="2026-09-04T19:22:50+07:00" level=warning msg="failed to get tunnel info" udid=00008101-000D08DA1180001E
time="2026-09-04T19:22:50+07:00" level=info msg="device is activated:true"
time="2026-09-04T19:22:50+07:00" level=info msg="send flush request"
time="2026-09-04T19:22:50+07:00" level=info msg="get cloud config"
time="2026-09-04T19:22:50+07:00" level=fatal msg="failed erasing" err="failed setting cloud config, resp: map[] err: failed command: map[CommandErrorArchive:[4 11 115 116 114 101 97 109 116 121 112 101 100 129 232 3 132 1 64 132 132 132 7 78 83 69 114 114 111 114 0 132 132 8 78 83 79 98 106 101 99 116 0 133 132 3 105 64 64 129 178 54 132 132 132 8 78 83 83 116 114 105 110 103 1 148 132 1 43 20 68 77 67 84 117 110 110 101 108 69 114 114 111 114 68 111 109 97 105 110 134 132 132 132 12 78 83 68 105 99 116 105 111 110 97 114 121 0 148 132 1 105 3 146 132 150 151 12 68 77 67 69 114 114 111 114 84 121 112 101 134 146 132 150 151 13 68 77 67 70 97 116 97 108 69 114 114 111 114 134 146 132 150 151 22 78 83 76 111 99 97 108 105 122 101 100 68 101 115 99 114 105 112 116 105 111 110 134 146 132 150 151 56 65 32 99 108 111 117 100 32 99 111 110 102 105 103 117 114 97 116 105 111 110 32 105 115 32 97 108 114 101 97 100 121 32 112 114 101 115 101 110 116 32 111 110 32 116 104 105 115 32 100 101 118 105 99 101 46 134 146 132 150 151 20 85 83 69 110 103 108 105 115 104 68 101 115 99 114 105 112 116 105 111 110 134 146 132 150 151 56 65 32 99 108 111 117 100 32 99 111 110 102 105 103 117 114 97 116 105 111 110 32 105 115 32 97 108 114 101 97 100 121 32 112 114 101 115 101 110 116 32 111 110 32 116 104 105 115 32 100 101 118 105 99 101 46 134 134 134] ErrorChain:[map[ErrorCode:14002 ErrorDomain:DMCTunnelErrorDomain LocalizedDescription:A cloud configuration is already present on this device. USEnglishDescription:A cloud configuration is already present on this device.]] Status:Error]"
[19:22:50] 000081...: Skip Setup Assistant thất bại!
[19:22:50] 000081...: RUN: C:\TIKTOOL PRO V4\ideviceactivation.exe activate -u 00008101-00012CE20202001E -b
[19:22:50] 000081...: time="2026-09-04T19:22:50+07:00" level=warning msg="go-ios agent is not running. You might need to start it with 'ios tunnel start' for ios17+. Use ENABLE_GO_IOS_AGENT=user for userspace tunnel or ENABLE_GO_IOS_AGENT=kernel for kernel tunnel for the experimental daemon mode."
time="2026-09-04T19:22:50+07:00" level=warning msg="failed to get tunnel info" udid=00008101-000C55A12E91003A
time="2026-09-04T19:22:50+07:00" level=info msg="device is activated:true"
time="2026-09-04T19:22:50+07:00" level=info msg="send flush request"
time="2026-09-04T19:22:50+07:00" level=info msg="get cloud config"
time="2026-09-04T19:22:50+07:00" level=fatal msg="failed erasing" err="failed setting cloud config, resp: map[] err: failed command: map[CommandErrorArchive:[4 11 115 116 114 101 97 109 116 121 112 101 100 129 232 3 132 1 64 132 132 132 7 78 83 69 114 114 111 114 0 132 132 8 78 83 79 98 106 101 99 116 0 133 132 3 105 64 64 129 178 54 132 132 132 8 78 83 83 116 114 105 110 103 1 148 132 1 43 20 68 77 67 84 117 110 110 101 108 69 114 114 111 114 68 111 109 97 105 110 134 132 132 132 12 78 83 68 105 99 116 105 111 110 97 114 121 0 148 132 1 105 3 146 132 150 151 12 68 77 67 69 114 114 111 114 84 121 112 101 134 146 132 150 151 13 68 77 67 70 97 116 97 108 69 114 114 111 114 134 146 132 150 151 22 78 83 76 111 99 97 108 105 122 101 100 68 101 115 99 114 105 112 116 105 111 110 134 146 132 150 151 56 65 32 99 108 111 117 100 32 99 111 110 102 105 103 117 114 97 116 105 111 110 32 105 115 32 97 108 114 101 97 100 121 32 112 114 101 115 101 110 116 32 111 110 32 116 104 105 115 32 100 101 118 105 99 101 46 134 146 132 150 151 20 85 83 69 110 103 108 105 115 104 68 101 115 99 114 105 112 116 105 111 110 134 146 132 150 151 56 65 32 99 108 111 117 100 32 99 111 110 102 105 103 117 114 97 116 105 111 110 32 105 115 32 97 108 114 101 97 100 121 32 112 114 101 115 101 110 116 32 111 110 32 116 104 105 115 32 100 101 118 105 99 101 46 134 134 134] ErrorChain:[map[ErrorCode:14002 ErrorDomain:DMCTunnelErrorDomain LocalizedDescription:A cloud configuration is already present on this device. USEnglishDescription:A cloud configuration is already present on this device.]] Status:Error]"
[19:22:50] 000081...: Skip Setup Assistant thất bại!
[19:22:50] 000081...: time="2026-09-04T19:22:50+07:00" level=warning msg="go-ios agent is not running. You might need to start it with 'ios tunnel start' for ios17+. Use ENABLE_GO_IOS_AGENT=user for userspace tunnel or ENABLE_GO_IOS_AGENT=kernel for kernel tunnel for the experimental daemon mode."
time="2026-09-04T19:22:50+07:00" level=warning msg="failed to get tunnel info" udid=00008101-000C0D0C3C86001E
time="2026-09-04T19:22:50+07:00" level=info msg="device is activated:true"
time="2026-09-04T19:22:50+07:00" level=info msg="send flush request"
time="2026-09-04T19:22:50+07:00" level=info msg="get cloud config"
time="2026-09-04T19:22:50+07:00" level=fatal msg="failed erasing" err="failed setting cloud config, resp: map[] err: failed command: map[CommandErrorArchive:[4 11 115 116 114 101 97 109 116 121 112 101 100 129 232 3 132 1 64 132 132 132 7 78 83 69 114 114 111 114 0 132 132 8 78 83 79 98 106 101 99 116 0 133 132 3 105 64 64 129 178 54 132 132 132 8 78 83 83 116 114 105 110 103 1 148 132 1 43 20 68 77 67 84 117 110 110 101 108 69 114 114 111 114 68 111 109 97 105 110 134 132 132 132 12 78 83 68 105 99 116 105 111 110 97 114 121 0 148 132 1 105 3 146 132 150 151 12 68 77 67 69 114 114 111 114 84 121 112 101 134 146 132 150 151 13 68 77 67 70 97 116 97 108 69 114 114 111 114 134 146 132 150 151 22 78 83 76 111 99 97 108 105 122 101 100 68 101 115 99 114 105 112 116 105 111 110 134 146 132 150 151 56 65 32 99 108 111 117 100 32 99 111 110 102 105 103 117 114 97 116 105 111 110 32 105 115 32 97 108 114 101 97 100 121 32 112 114 101 115 101 110 116 32 111 110 32 116 104 105 115 32 100 101 118 105 99 101 46 134 146 132 150 151 20 85 83 69 110 103 108 105 115 104 68 101 115 99 114 105 112 116 105 111 110 134 146 132 150 151 56 65 32 99 108 111 117 100 32 99 111 110 102 105 103 117 114 97 116 105 111 110 32 105 115 32 97 108 114 101 97 100 121 32 112 114 101 115 101 110 116 32 111 110 32 116 104 105 115 32 100 101 118 105 99 101 46 134 134 134] ErrorChain:[map[ErrorCode:14002 ErrorDomain:DMCTunnelErrorDomain LocalizedDescription:A cloud configuration is already present on this device. USEnglishDescription:A cloud configuration is already present on this device.]] Status:Error]"
[19:22:50] 000081...: Skip Setup Assistant thất bại!
[19:22:55] 000081...: NOTE: This device appears to be already activated. The server might report an error 'Device Unknown' instead of acknowledging the activation.
Activation server reports that device is already activated.
[19:22:55] 000081...: RUN: C:\TIKTOOL PRO V4\ios.exe prepare --skip-all --udid=00008101-000508C23CE0001E --nojson
[19:22:55] 000081...: time="2026-09-04T19:22:55+07:00" level=warning msg="go-ios agent is not running. You might need to start it with 'ios tunnel start' for ios17+. Use ENABLE_GO_IOS_AGENT=user for userspace tunnel or ENABLE_GO_IOS_AGENT=kernel for kernel tunnel for the experimental daemon mode."
time="2026-09-04T19:22:55+07:00" level=warning msg="failed to get tunnel info" udid=00008101-000508C23CE0001E
time="2026-09-04T19:22:55+07:00" level=info msg="device is activated:true"
time="2026-09-04T19:22:55+07:00" level=info msg="send flush request"
time="2026-09-04T19:22:55+07:00" level=info msg="get cloud config"
time="2026-09-04T19:22:55+07:00" level=fatal msg="failed erasing" err="failed setting cloud config, resp: map[] err: failed command: map[CommandErrorArchive:[4 11 115 116 114 101 97 109 116 121 112 101 100 129 232 3 132 1 64 132 132 132 7 78 83 69 114 114 111 114 0 132 132 8 78 83 79 98 106 101 99 116 0 133 132 3 105 64 64 129 178 54 132 132 132 8 78 83 83 116 114 105 110 103 1 148 132 1 43 20 68 77 67 84 117 110 110 101 108 69 114 114 111 114 68 111 109 97 105 110 134 132 132 132 12 78 83 68 105 99 116 105 111 110 97 114 121 0 148 132 1 105 3 146 132 150 151 12 68 77 67 69 114 114 111 114 84 121 112 101 134 146 132 150 151 13 68 77 67 70 97 116 97 108 69 114 114 111 114 134 146 132 150 151 22 78 83 76 111 99 97 108 105 122 101 100 68 101 115 99 114 105 112 116 105 111 110 134 146 132 150 151 56 65 32 99 108 111 117 100 32 99 111 110 102 105 103 117 114 97 116 105 111 110 32 105 115 32 97 108 114 101 97 100 121 32 112 114 101 115 101 110 116 32 111 110 32 116 104 105 115 32 100 101 118 105 99 101 46 134 146 132 150 151 20 85 83 69 110 103 108 105 115 104 68 101 115 99 114 105 112 116 105 111 110 134 146 132 150 151 56 65 32 99 108 111 117 100 32 99 111 110 102 105 103 117 114 97 116 105 111 110 32 105 115 32 97 108 114 101 97 100 121 32 112 114 101 115 101 110 116 32 111 110 32 116 104 105 115 32 100 101 118 105 99 101 46 134 134 134] ErrorChain:[map[ErrorCode:14002 ErrorDomain:DMCTunnelErrorDomain LocalizedDescription:A cloud configuration is already present on this device. USEnglishDescription:A cloud configuration is already present on this device.]] Status:Error]"
[19:22:55] 000081...: Skip Setup Assistant thất bại!
[19:22:56] 000081...: NOTE: This device appears to be already activated. The server might report an error 'Device Unknown' instead of acknowledging the activation.
Activation server reports that device is already activated.
[19:22:56] 000081...: RUN: C:\TIKTOOL PRO V4\ios.exe prepare --skip-all --udid=00008101-00012CE20202001E --nojson
[19:22:56] 000081...: time="2026-09-04T19:22:56+07:00" level=warning msg="go-ios agent is not running. You might need to start it with 'ios tunnel start' for ios17+. Use ENABLE_GO_IOS_AGENT=user for userspace tunnel or ENABLE_GO_IOS_AGENT=kernel for kernel tunnel for the experimental daemon mode."
time="2026-09-04T19:22:56+07:00" level=warning msg="failed to get tunnel info" udid=00008101-00012CE20202001E
time="2026-09-04T19:22:56+07:00" level=info msg="device is activated:true"
time="2026-09-04T19:22:56+07:00" level=info msg="send flush request"
time="2026-09-04T19:22:56+07:00" level=info msg="get cloud config"
time="2026-09-04T19:22:56+07:00" level=fatal msg="failed erasing" err="failed setting cloud config, resp: map[] err: failed command: map[CommandErrorArchive:[4 11 115 116 114 101 97 109 116 121 112 101 100 129 232 3 132 1 64 132 132 132 7 78 83 69 114 114 111 114 0 132 132 8 78 83 79 98 106 101 99 116 0 133 132 3 105 64 64 129 178 54 132 132 132 8 78 83 83 116 114 105 110 103 1 148 132 1 43 20 68 77 67 84 117 110 110 101 108 69 114 114 111 114 68 111 109 97 105 110 134 132 132 132 12 78 83 68 105 99 116 105 111 110 97 114 121 0 148 132 1 105 3 146 132 150 151 12 68 77 67 69 114 114 111 114 84 121 112 101 134 146 132 150 151 13 68 77 67 70 97 116 97 108 69 114 114 111 114 134 146 132 150 151 22 78 83 76 111 99 97 108 105 122 101 100 68 101 115 99 114 105 112 116 105 111 110 134 146 132 150 151 56 65 32 99 108 111 117 100 32 99 111 110 102 105 103 117 114 97 116 105 111 110 32 105 115 32 97 108 114 101 97 100 121 32 112 114 101 115 101 110 116 32 111 110 32 116 104 105 115 32 100 101 118 105 99 101 46 134 146 132 150 151 20 85 83 69 110 103 108 105 115 104 68 101 115 99 114 105 112 116 105 111 110 134 146 132 150 151 56 65 32 99 108 111 117 100 32 99 111 110 102 105 103 117 114 97 116 105 111 110 32 105 115 32 97 108 114 101 97 100 121 32 112 114 101 115 101 110 116 32 111 110 32 116 104 105 115 32 100 101 118 105 99 101 46 134 134 134] ErrorChain:[map[ErrorCode:14002 ErrorDomain:DMCTunnelErrorDomain LocalizedDescription:A cloud configuration is already present on this device. USEnglishDescription:A cloud configuration is already present on this device.]] Status:Error]"
[19:22:56] 000081...: Skip Setup Assistant thất bại!
[19:22:57] 000081...: Đã ngắt kết nối.
[19:22:58] 000081...: Đã ngắt kết nối.
[19:22:58] 000081...: Đã ngắt kết nối.
[19:22:58] 000081...: Đã ngắt kết nối.
[19:22:58] 000081...: Đã ngắt kết nối.
[19:22:58] 000081...: Đã ngắt kết nối.
[19:22:59] 000081...: Đã ngắt kết nối.
[19:22:59] 000081...: Đã ngắt kết nối.
[19:22:59] 000081...: Đã ngắt kết nối.
[19:23:00] 000081...: Đã ngắt kết nối.
[19:23:16] 000081...: Kết nối: iPhone • iOS 26.6.1
[19:23:18] 000081...: Kết nối: iPhone • iOS 26.6.1
[19:23:19] 000081...: Kết nối: iPhone • iOS 26.6.1
[19:23:21] 000081...: Kết nối: iPhone • iOS 26.6.1
[19:23:22] 000081...: Kết nối: iPhone • iOS 26.6.1
[19:23:23] 000081...: Kết nối: iPhone • iOS 26.6.1
[19:23:24] 000081...: Kết nối: iPhone • iOS 26.6.1
[19:23:26] 000081...: Kết nối: iPhone • iOS 26.6.1
[19:23:27] 000081...: Kết nối: iPhone • iOS 26.6.1
[19:23:52] 000081...: Kết nối: iPhone • iOS 26.6.1
[19:23:56] SYSTEM...: Restore chuyển kho: B ➜ A | 109 bản backup | 10 máy ghép nối
[19:24:00] 000081...: SUCCESS: Validated pairing with device 00008101-000D59493C50801E
[19:24:00] 000081...: Đang tạo bản staging riêng; backup gốc chỉ được đọc...
[19:24:00] 000081...: SUCCESS: Validated pairing with device 00008101-00115DAA2663001E
[19:24:00] 000081...: Đang tạo bản staging riêng; backup gốc chỉ được đọc...
[19:24:00] 000081...: SUCCESS: Validated pairing with device 00008101-0011548002C1001E
[19:24:00] 000081...: Đang tạo bản staging riêng; backup gốc chỉ được đọc...
[19:24:00] 000081...: SUCCESS: Validated pairing with device 00008101-001D05820EB8001E
[19:24:00] 000081...: Đang tạo bản staging riêng; backup gốc chỉ được đọc...
[19:24:13] 000081...: [=                                                 ]   1% Finished
[19:24:13] 000081...: [=                                                 ]   1% Finished
[19:24:13] 000081...: [=                                                 ]   1% Finished
[19:24:14] 000081...: [=                                                 ]   1% Finished
[19:24:14] 000081...: [===                                               ]   6% Finished
[19:24:14] 000081...: [===                                               ]   6% Finished
[19:24:14] 000081...: [====                                              ]   6% Finished
[19:24:14] 000081...: [=========                                         ]  16% Finished
[19:24:15] 000081...: [======                                            ]  11% Finished
[19:24:15] 000081...: [======                                            ]  11% Finished
[19:24:15] 000081...: [====                                              ]   7% Finished
[19:24:15] 000081...: [============                                      ]  23% Finished
[19:24:16] 000081...: [==========                                        ]  18% Finished
[19:24:17] 000081...: [==========                                        ]  18% Finished
[19:24:18] 000081...: [===================                               ]  38% Finished
[19:24:19] 000081...: [============                                      ]  23% Finished
[19:24:19] 000081...: [====================                              ]  39% Finished
[19:24:19] 000081...: [======================                            ]  43% Finished
[19:24:19] 000081...: [===================                               ]  37% Finished
[19:24:19] 000081...: [==========                                        ]  18% Finished
[19:24:19] 000081...: [============                                      ]  23% Finished
[19:24:20] 000081...: [====================                              ]  38% Finished
[19:24:20] 000081...: [=======================                           ]  44% Finished
[19:24:20] 000081...: [======================                            ]  42% Finished
[19:24:20] 000081...: [=======================                           ]  44% Finished
[19:24:23] 000081...: [========================                          ]  48% Finished
[19:24:23] 000081...: [===========================                       ]  53% Finished
[19:24:24] 000081...: [=========================                         ]  49% Finished
[19:24:24] 000081...: [=============================                     ]  58% Finished
[19:24:24] 000081...: [========================                          ]  47% Finished
[19:24:24] 000081...: [==========================                        ]  50% Finished
[19:24:24] 000081...: [===========================                       ]  54% Finished
[19:24:24] 000081...: [=========================                         ]  49% Finished
[19:24:25] 000081...: [============================                      ]  55% Finished
[19:24:25] 000081...: [==============================                    ]  59% Finished
[19:24:25] 000081...: [============================                      ]  55% Finished
[19:24:25] 000081...: [================================                  ]  63% Finished
[19:24:25] 000081...: [===============================                   ]  60% Finished
[19:24:26] 000081...: [==============================                    ]  60% Finished
[19:24:26] 000081...: [========================================          ]  79% Finished
[19:24:27] 000081...: [===========================================       ]  85% Finished
[19:24:27] 000081...: [======================================            ]  76% Finished
[19:24:28] 000081...: [========================================          ]  78% Finished
[19:24:28] 000081...: [===============================================   ]  94% Finished
[19:24:28] 000081...: [========================================          ]  79% Finished
[19:24:28] 000081...: [=========================================         ]  82% Finished
[19:24:29] 000081...: [===========================================       ]  84% Finished
[19:24:29] 000081...: [==========================================        ]  84% Finished
[19:24:29] 000081...: [===============================================   ]  93% Finished
[19:24:30] 000081...: [==================================================]  98% Finished
[19:24:30] 000081...: [===============================================   ]  94% Finished
[19:24:30] 000081...: [===============================================   ]  94% Finished
[19:24:41] 000081...: [==================================================]  99% Finished
[19:24:41] 000081...: [==================================================] 100% Finished
[19:24:41] 000081...: [==================================================] 100% Finished
[19:24:41] 000081...: Restore Successful.
[19:24:41] 000081...: Khôi phục dữ liệu Restore hoàn tất thành công.
[19:24:43] 000081...: Đã chuyển kho thành công: B ➔ Kho đối diện:
203_iPhone_chngngc46
[19:24:43] 000081...: ✓ Đã chuyển iPhone thứ 11 qua Kho đối diện thành công!
[19:24:43] 000081...: ⚡ Auto Activate sau Restore: đang chờ thiết bị reboot...
[19:24:43] 000081...: ⏳ Restore hoàn tất. Bắt đầu đếm ngược (80s) cho iPhone khởi động hoàn toàn...
[19:24:43] 000081...: [==================================================] 100% Finished
[19:24:43] 000081...: [==================================================] 100% Finished
[19:24:43] 000081...: Restore Successful.
[19:24:43] 000081...: Khôi phục dữ liệu Restore hoàn tất thành công.
[19:24:43] 000081...: SUCCESS: Validated pairing with device 00008101-000245012293001E
[19:24:43] 000081...: Đang tạo bản staging riêng; backup gốc chỉ được đọc...
[19:24:44] 000081...: [==================================================] 100% Finished
[19:24:44] 000081...: [==================================================] 100% Finished
[19:24:44] 000081...: Restore Successful.
[19:24:44] 000081...: Khôi phục dữ liệu Restore hoàn tất thành công.
[19:24:44] 000081...: [==================================================] 100% Finished
[19:24:44] 000081...: [==================================================] 100% Finished
[19:24:44] 000081...: Restore Successful.
[19:24:44] 000081...: Khôi phục dữ liệu Restore hoàn tất thành công.
[19:24:46] 000081...: Đã chuyển kho thành công: B ➔ Kho đối diện:
204_iPhone_lmaivi090
[19:24:46] 000081...: ✓ Đã chuyển iPhone thứ 12 qua Kho đối diện thành công!
[19:24:46] 000081...: ⚡ Auto Activate sau Restore: đang chờ thiết bị reboot...
[19:24:46] 000081...: ⏳ Restore hoàn tất. Bắt đầu đếm ngược (80s) cho iPhone khởi động hoàn toàn...
[19:24:46] 000081...: SUCCESS: Validated pairing with device 00008101-00152C1E21C2001E
[19:24:46] 000081...: Đang tạo bản staging riêng; backup gốc chỉ được đọc...
[19:24:47] 000081...: Đã chuyển kho thành công: B ➔ Kho đối diện:
202_iPhone_chungctm4777
[19:24:47] 000081...: ✓ Đã chuyển iPhone thứ 13 qua Kho đối diện thành công!
[19:24:47] 000081...: ⚡ Auto Activate sau Restore: đang chờ thiết bị reboot...
[19:24:47] 000081...: ⏳ Restore hoàn tất. Bắt đầu đếm ngược (80s) cho iPhone khởi động hoàn toàn...
[19:24:47] 000081...: SUCCESS: Validated pairing with device 00008101-000D6D113A89001E
[19:24:47] 000081...: Đang tạo bản staging riêng; backup gốc chỉ được đọc...
[19:24:47] 000081...: Đã chuyển kho thành công: B ➔ Kho đối diện:
223_iPhone_kiutuytxun2203
[19:24:47] 000081...: ✓ Đã chuyển iPhone thứ 14 qua Kho đối diện thành công!
[19:24:47] 000081...: ⚡ Auto Activate sau Restore: đang chờ thiết bị reboot...
[19:24:47] 000081...: ⏳ Restore hoàn tất. Bắt đầu đếm ngược (80s) cho iPhone khởi động hoàn toàn...
[19:24:47] 000081...: SUCCESS: Validated pairing with device 00008101-000C604836FA001E
[19:24:47] 000081...: Đang tạo bản staging riêng; backup gốc chỉ được đọc...
[19:24:51] 000081...: Đã ngắt kết nối.
[19:24:53] 000081...: Đã ngắt kết nối.
[19:24:53] 000081...: Đã ngắt kết nối.
[19:24:54] 000081...: Đã ngắt kết nối.
[19:24:55] 000081...: [=                                                 ]   1% Finished
[19:24:57] 000081...: [====                                              ]   6% Finished
[19:24:57] 000081...: [======                                            ]  11% Finished
[19:24:58] 000081...: [=========                                         ]  17% Finished
[19:24:58] 000081...: [============                                      ]  22% Finished
[19:24:58] 000081...: [=                                                 ]   1% Finished
[19:24:59] 000081...: [===================                               ]  37% Finished
[19:24:59] 000081...: [=                                                 ]   1% Finished
[19:24:59] 000081...: [=                                                 ]   1% Finished
[19:24:59] 000081...: [======================                            ]  42% Finished
[19:25:00] 000081...: [====                                              ]   7% Finished
[19:25:00] 000081...: [====                                              ]   6% Finished
[19:25:01] 000081...: [==========                                        ]  18% Finished
[19:25:01] 000081...: [====                                              ]   7% Finished
[19:25:01] 000081...: [======                                            ]  11% Finished
[19:25:02] 000081...: [==========                                        ]  18% Finished
[19:25:02] 000081...: [==========                                        ]  18% Finished
[19:25:02] 000081...: [============                                      ]  23% Finished
[19:25:03] 000081...: [============                                      ]  23% Finished
[19:25:03] 000081...: [===================                               ]  38% Finished
[19:25:03] 000081...: ⏳ Đang chờ iPhone khởi động lại: còn 60s...
[19:25:04] 000081...: [=========================                         ]  50% Finished
[19:25:04] 000081...: [============                                      ]  23% Finished
[19:25:04] 000081...: [====================                              ]  38% Finished
[19:25:04] 000081...: [======================                            ]  43% Finished
[19:25:04] 000081...: [===================                               ]  38% Finished
[19:25:04] 000081...: [============================                      ]  55% Finished
[19:25:05] 000081...: [=======================                           ]  44% Finished
[19:25:05] 000081...: [======================                            ]  43% Finished
[19:25:05] 000081...: [==============================                    ]  60% Finished
[19:25:06] 000081...: ⏳ Đang chờ iPhone khởi động lại: còn 60s...
[19:25:06] 000081...: [======================================            ]  75% Finished
[19:25:07] 000081...: ⏳ Đang chờ iPhone khởi động lại: còn 60s...
[19:25:07] 000081...: ⏳ Đang chờ iPhone khởi động lại: còn 60s...
[19:25:08] 000081...: [===========================================       ]  85% Finished
[19:25:08] 000081...: [========================                          ]  48% Finished
[19:25:08] 000081...: [================================================  ]  94% Finished
[19:25:08] 000081...: [===========================                       ]  53% Finished
[19:25:09] 000081...: [=========================                         ]  49% Finished
[19:25:09] 000081...: [============================                      ]  54% Finished
[19:25:09] 000081...: [=============================                     ]  58% Finished
[19:25:09] 000081...: [==========================                        ]  50% Finished
[19:25:10] 000081...: [==============================                    ]  59% Finished
[19:25:10] 000081...: [============================                      ]  55% Finished
[19:25:10] 000081...: [===============================                   ]  60% Finished
[19:25:11] 000081...: [======================================            ]  76% Finished
[19:25:12] 000081...: Kết nối: iPhone (Not Trust) • iOS ?
[19:25:12] 000081...: [========================================          ]  78% Finished
[19:25:12] 000081...: [======================================            ]  76% Finished
[19:25:12] 000081...: Đã xác nhận Trust: iPhone • iOS 26.6.1
[19:25:12] 000081...: [=========================================         ]  81% Finished
[19:25:12] 000081...: [===============================================   ]  93% Finished
[19:25:13] 000081...: [================================================= ]  98% Finished
[19:25:13] 000081...: [==========================================        ]  84% Finished
[19:25:13] 000081...: [===============================================   ]  93% Finished
[19:25:14] 000081...: [=========================================         ]  82% Finished
[19:25:14] 000081...: [============================================      ]  87% Finished
[19:25:14] 000081...: [================================================= ]  98% Finished
[19:25:14] 000081...: [================================================= ]  96% Finished
[19:25:16] 000081...: Kết nối: iPhone • iOS 26.6.1
[19:25:18] 000081...: Kết nối: iPhone • iOS 26.6.1
[19:25:18] 000081...: Kết nối: iPhone • iOS 26.6.1
[19:25:21] 000081...: [==================================================]  99% Finished
[19:25:21] 000081...: [==================================================] 100% Finished
[19:25:21] 000081...: Restore Successful.
[19:25:21] 000081...: Khôi phục dữ liệu Restore hoàn tất thành công.
[19:25:22] 000081...: Đã chuyển kho thành công: B ➔ Kho đối diện:
205_iPhone_lmminh0289
[19:25:22] 000081...: ✓ Đã chuyển iPhone thứ 15 qua Kho đối diện thành công!
[19:25:22] 000081...: ⚡ Auto Activate sau Restore: đang chờ thiết bị reboot...
[19:25:22] 000081...: ⏳ Restore hoàn tất. Bắt đầu đếm ngược (80s) cho iPhone khởi động hoàn toàn...
[19:25:23] 000081...: SUCCESS: Validated pairing with device 00008101-000434C12120001E
[19:25:23] 000081...: Đang tạo bản staging riêng; backup gốc chỉ được đọc...
[19:25:23] 000081...: ⏳ Đang chờ iPhone khởi động lại: còn 40s...
[19:25:25] 000081...: [==================================================] 100% Finished
[19:25:25] 000081...: [==================================================] 100% Finished
[19:25:25] 000081...: Restore Successful.
[19:25:25] 000081...: Khôi phục dữ liệu Restore hoàn tất thành công.
[19:25:26] 000081...: ⏳ Đang chờ iPhone khởi động lại: còn 40s...
[19:25:27] 000081...: [==================================================] 100% Finished
[19:25:27] 000081...: [==================================================] 100% Finished
[19:25:27] 000081...: Restore Successful.
[19:25:27] 000081...: Khôi phục dữ liệu Restore hoàn tất thành công.
[19:25:27] 000081...: ⏳ Đang chờ iPhone khởi động lại: còn 40s...
[19:25:27] 000081...: ⏳ Đang chờ iPhone khởi động lại: còn 40s...
[19:25:27] 000081...: [==================================================] 100% Finished
[19:25:27] 000081...: [==================================================] 100% Finished
[19:25:27] 000081...: Restore Successful.
[19:25:27] 000081...: Khôi phục dữ liệu Restore hoàn tất thành công.
[19:25:27] 000081...: Đã chuyển kho thành công: B ➔ Kho đối diện:
218_iPhone_nguynmnghuyn290
[19:25:27] 000081...: ✓ Đã chuyển iPhone thứ 16 qua Kho đối diện thành công!
[19:25:27] 000081...: ⚡ Auto Activate sau Restore: đang chờ thiết bị reboot...
[19:25:27] 000081...: ⏳ Restore hoàn tất. Bắt đầu đếm ngược (80s) cho iPhone khởi động hoàn toàn...
[19:25:28] 000081...: SUCCESS: Validated pairing with device 00008101-00195C1036E8001E
[19:25:28] 000081...: Đang tạo bản staging riêng; backup gốc chỉ được đọc...
[19:25:29] 000081...: Đã chuyển kho thành công: B ➔ Kho đối diện:
207_iPhone_lngkiugiang930
[19:25:29] 000081...: ✓ Đã chuyển iPhone thứ 17 qua Kho đối diện thành công!
[19:25:29] 000081...: ⚡ Auto Activate sau Restore: đang chờ thiết bị reboot...
[19:25:29] 000081...: ⏳ Restore hoàn tất. Bắt đầu đếm ngược (80s) cho iPhone khởi động hoàn toàn...
[19:25:30] 000081...: Đã chuyển kho thành công: B ➔ Kho đối diện:
206_iPhone_tuytqu3503
[19:25:30] 000081...: ✓ Đã chuyển iPhone thứ 18 qua Kho đối diện thành công!
[19:25:30] 000081...: ⚡ Auto Activate sau Restore: đang chờ thiết bị reboot...
[19:25:30] 000081...: ⏳ Restore hoàn tất. Bắt đầu đếm ngược (80s) cho iPhone khởi động hoàn toàn...
[19:25:31] 000081...: Đã ngắt kết nối.
[19:25:34] 000081...: [=                                                 ]   1% Finished
[19:25:35] 000081...: [====                                              ]   7% Finished
[19:25:35] 000081...: Đã ngắt kết nối.
[19:25:36] 000081...: [==========                                        ]  18% Finished
[19:25:37] 000081...: [============                                      ]  23% Finished
[19:25:37] 000081...: [====================                              ]  38% Finished
[19:25:37] 000081...: Đã ngắt kết nối.
[19:25:37] 000081...: Đã ngắt kết nối.
[19:25:38] 000081...: [======================                            ]  44% Finished
[19:25:41] 000081...: [=                                                 ]   1% Finished
[19:25:42] 000081...: [=========================                         ]  49% Finished
[19:25:42] 000081...: [============================                      ]  54% Finished
[19:25:42] 000081...: [==                                                ]   3% Finished
[19:25:42] 000081...: ⏳ Đang chờ iPhone khởi động lại: còn 60s...
[19:25:43] 000081...: [==============================                    ]  59% Finished
[19:25:43] 000081...: [======                                            ]  11% Finished
[19:25:43] 000081...: ⏳ Đang chờ iPhone khởi động lại: còn 20s...
[19:25:43] 000081...: [=================================                 ]  64% Finished
[19:25:43] 000081...: [==========                                        ]  18% Finished
[19:25:44] 000081...: [========================================          ]  79% Finished
[19:25:45] 000081...: [============                                      ]  23% Finished
[19:25:45] 000081...: [====================                              ]  39% Finished
[19:25:46] 000081...: ⏳ Đang chờ iPhone khởi động lại: còn 20s...
[19:25:46] 000081...: [===========================================       ]  84% Finished
[19:25:46] 000081...: [===============================================   ]  93% Finished
[19:25:46] 000081...: [==================================================]  98% Finished
[19:25:47] 000081...: ⏳ Đang chờ iPhone khởi động lại: còn 20s...
[19:25:47] 000081...: [========================                          ]  46% Finished
[19:25:47] 000081...: ⏳ Đang chờ iPhone khởi động lại: còn 20s...
[19:25:47] 000081...: ⏳ Đang chờ iPhone khởi động lại: còn 60s...
[19:25:49] 000081...: ⏳ Đang chờ iPhone khởi động lại: còn 60s...
[19:25:50] 000081...: [===========================                       ]  52% Finished
[19:25:50] 000081...: ⏳ Đang chờ iPhone khởi động lại: còn 60s...
[19:25:50] 000081...: [=============================                     ]  57% Finished
[19:25:51] 000081...: [===============================                   ]  62% Finished
[19:25:52] 000081...: [========================================          ]  79% Finished
[19:25:53] 000081...: [===========================================       ]  84% Finished
[19:25:53] 000081...: [===============================================   ]  94% Finished
[19:25:53] 000081...: Kết nối: iPhone • iOS 26.6.1
[19:25:54] 000081...: [==================================================]  99% Finished
[19:25:58] 000081...: Kết nối: iPhone • iOS 26.6.1
[19:25:58] 000081...: Kết nối: iPhone • iOS 26.6.1
[19:25:59] 000081...: Kết nối: iPhone • iOS 26.6.1
[19:25:59] 000081...: [==================================================] 100% Finished
[19:25:59] 000081...: [==================================================] 100% Finished
[19:25:59] 000081...: Restore Successful.
[19:25:59] 000081...: Khôi phục dữ liệu Restore hoàn tất thành công.
[19:26:01] 000081...: Đã chuyển kho thành công: B ➔ Kho đối diện:
208_iPhone_bnhthanhnhin939
[19:26:01] 000081...: ✓ Đã chuyển iPhone thứ 19 qua Kho đối diện thành công!
[19:26:01] 000081...: ⚡ Auto Activate sau Restore: đang chờ thiết bị reboot...
[19:26:01] 000081...: ⏳ Restore hoàn tất. Bắt đầu đếm ngược (80s) cho iPhone khởi động hoàn toàn...
[19:26:02] 000081...: ⏳ Đang chờ iPhone khởi động lại: còn 40s...
[19:26:03] 000081...: ⌛ Đã hết 80 giây chờ! Đang kiểm tra kết nối thiết bị...
[19:26:06] 000081...: ⌛ Đã hết 80 giây chờ! Đang kiểm tra kết nối thiết bị...
[19:26:06] 000081...: ✅ iPhone đã khởi động xong & kết nối ổn định ➔ Bắt đầu Batch Activate...
[19:26:06] 000081...: RUN: C:\TIKTOOL PRO V4\ideviceactivation.exe activate -u 00008101-00115DAA2663001E -b
[19:26:06] 000081...: [==================================================] 100% Finished
[19:26:06] 000081...: [==================================================] 100% Finished
[19:26:06] 000081...: Restore Successful.
[19:26:06] 000081...: Khôi phục dữ liệu Restore hoàn tất thành công.
[19:26:07] 000081...: ⌛ Đã hết 80 giây chờ! Đang kiểm tra kết nối thiết bị...
[19:26:07] 000081...: ⌛ Đã hết 80 giây chờ! Đang kiểm tra kết nối thiết bị...
[19:26:07] 000081...: ⏳ Đang chờ iPhone khởi động lại: còn 40s...
[19:26:08] 000081...: Đã chuyển kho thành công: B ➔ Kho đối diện:
209_iPhone_nguynbchhng1540
[19:26:08] 000081...: ✓ Đã chuyển iPhone thứ 20 qua Kho đối diện thành công!
[19:26:08] 000081...: ⚡ Auto Activate sau Restore: đang chờ thiết bị reboot...
[19:26:08] 000081...: ⏳ Restore hoàn tất. Bắt đầu đếm ngược (80s) cho iPhone khởi động hoàn toàn...
[19:26:09] 000081...: ✅ iPhone đã khởi động xong & kết nối ổn định ➔ Bắt đầu Batch Activate...
[19:26:09] 000081...: RUN: C:\TIKTOOL PRO V4\ideviceactivation.exe activate -u 00008101-0011548002C1001E -b
[19:26:09] 000081...: Đã ngắt kết nối.
[19:26:09] 000081...: ⏳ Đang chờ iPhone khởi động lại: còn 40s...
[19:26:10] 000081...: ✅ iPhone đã khởi động xong & kết nối ổn định ➔ Bắt đầu Batch Activate...
[19:26:10] 000081...: RUN: C:\TIKTOOL PRO V4\ideviceactivation.exe activate -u 00008101-000D59493C50801E -b
[19:26:10] 000081...: ⏳ Đang chờ iPhone khởi động lại: còn 40s...
[19:26:10] 000081...: ✅ iPhone đã khởi động xong & kết nối ổn định ➔ Bắt đầu Batch Activate...
[19:26:10] 000081...: RUN: C:\TIKTOOL PRO V4\ideviceactivation.exe activate -u 00008101-001D05820EB8001E -b
[19:26:11] 000081...: NOTE: This device appears to be already activated. The server might report an error 'Device Unknown' instead of acknowledging the activation.
Activation server reports that device is already activated.
[19:26:11] 000081...: RUN: C:\TIKTOOL PRO V4\ios.exe prepare --skip-all --udid=00008101-00115DAA2663001E --nojson
[19:26:14] 000081...: NOTE: This device appears to be already activated. The server might report an error 'Device Unknown' instead of acknowledging the activation.
Activation server reports that device is already activated.
[19:26:14] 000081...: RUN: C:\TIKTOOL PRO V4\ios.exe prepare --skip-all --udid=00008101-0011548002C1001E --nojson
[19:26:15] 000081...: NOTE: This device appears to be already activated. The server might report an error 'Device Unknown' instead of acknowledging the activation.
Activation server reports that device is already activated.
[19:26:15] 000081...: RUN: C:\TIKTOOL PRO V4\ios.exe prepare --skip-all --udid=00008101-001D05820EB8001E --nojson
[19:26:16] 000081...: NOTE: This device appears to be already activated. The server might report an error 'Device Unknown' instead of acknowledging the activation.
Activation server reports that device is already activated.
[19:26:16] 000081...: RUN: C:\TIKTOOL PRO V4\ios.exe prepare --skip-all --udid=00008101-000D59493C50801E --nojson
[19:26:17] 000081...: Đã ngắt kết nối.
[19:26:21] 000081...: ⏳ Đang chờ iPhone khởi động lại: còn 60s...
[19:26:22] 000081...: ⏳ Đang chờ iPhone khởi động lại: còn 20s...
[19:26:27] 000081...: ⏳ Đang chờ iPhone khởi động lại: còn 20s...
[19:26:28] 000081...: ⏳ Đang chờ iPhone khởi động lại: còn 60s...
[19:26:29] 000081...: ⏳ Đang chờ iPhone khởi động lại: còn 20s...
[19:26:30] 000081...: ⏳ Đang chờ iPhone khởi động lại: còn 20s...
[19:26:31] 000081...: time="2026-09-04T19:26:11+07:00" level=warning msg="go-ios agent is not running. You might need to start it with 'ios tunnel start' for ios17+. Use ENABLE_GO_IOS_AGENT=user for userspace tunnel or ENABLE_GO_IOS_AGENT=kernel for kernel tunnel for the experimental daemon mode."
time="2026-09-04T19:26:11+07:00" level=warning msg="failed to get tunnel info" udid=00008101-00115DAA2663001E
time="2026-09-04T19:26:11+07:00" level=info msg="device is activated:true"
time="2026-09-04T19:26:12+07:00" level=info msg="send flush request"
time="2026-09-04T19:26:27+07:00" level=info msg="get cloud config"
"ok"
[19:26:31] 000081...: RUN: C:\TIKTOOL PRO V4\ios.exe lang --setlocale=ja_JP --setlang=ja --udid=00008101-00115DAA2663001E --nojson
[19:26:31] 000081...: Kết nối: iPhone • iOS 26.6.1
[19:26:39] 000081...: Kết nối: iPhone • iOS 26.6.1
[19:26:41] 000081...: ⏳ Đang chờ iPhone khởi động lại: còn 40s...
[19:26:42] 000081...: ⌛ Đã hết 80 giây chờ! Đang kiểm tra kết nối thiết bị...
[19:26:43] 000081...: time="2026-09-04T19:26:16+07:00" level=warning msg="go-ios agent is not running. You might need to start it with 'ios tunnel start' for ios17+. Use ENABLE_GO_IOS_AGENT=user for userspace tunnel or ENABLE_GO_IOS_AGENT=kernel for kernel tunnel for the experimental daemon mode."
time="2026-09-04T19:26:16+07:00" level=warning msg="failed to get tunnel info" udid=00008101-000D59493C50801E
time="2026-09-04T19:26:16+07:00" level=info msg="device is activated:true"
time="2026-09-04T19:26:16+07:00" level=info msg="send flush request"
time="2026-09-04T19:26:34+07:00" level=info msg="get cloud config"
"ok"
[19:26:43] 000081...: RUN: C:\TIKTOOL PRO V4\ios.exe lang --setlocale=ja_JP --setlang=ja --udid=00008101-000D59493C50801E --nojson
[19:26:45] 000081...: ✅ iPhone đã khởi động xong & kết nối ổn định ➔ Bắt đầu Batch Activate...
[19:26:47] 000081...: ⌛ Đã hết 80 giây chờ! Đang kiểm tra kết nối thiết bị...
[19:26:48] 000081...: ⏳ Đang chờ iPhone khởi động lại: còn 40s...
[19:26:49] 000081...: ⌛ Đã hết 80 giây chờ! Đang kiểm tra kết nối thiết bị...
[19:26:50] 000081...: ⌛ Đã hết 80 giây chờ! Đang kiểm tra kết nối thiết bị...
[19:26:50] 000081...: time="2026-09-04T19:26:14+07:00" level=warning msg="go-ios agent is not running. You might need to start it with 'ios tunnel start' for ios17+. Use ENABLE_GO_IOS_AGENT=user for userspace tunnel or ENABLE_GO_IOS_AGENT=kernel for kernel tunnel for the experimental daemon mode."
time="2026-09-04T19:26:14+07:00" level=warning msg="failed to get tunnel info" udid=00008101-0011548002C1001E
time="2026-09-04T19:26:14+07:00" level=info msg="device is activated:true"
time="2026-09-04T19:26:14+07:00" level=info msg="send flush request"
time="2026-09-04T19:26:32+07:00" level=info msg="get cloud config"
"ok"
[19:26:50] 000081...: RUN: C:\TIKTOOL PRO V4\ios.exe lang --setlocale=ja_JP --setlang=ja --udid=00008101-0011548002C1001E --nojson
[19:26:50] 000081...: ✅ iPhone đã khởi động xong & kết nối ổn định ➔ Bắt đầu Batch Activate...
[19:26:52] 000081...: ✅ iPhone đã khởi động xong & kết nối ổn định ➔ Bắt đầu Batch Activate...
[19:26:53] 000081...: ✅ iPhone đã khởi động xong & kết nối ổn định ➔ Bắt đầu Batch Activate...
[19:26:54] 000081...: time="2026-09-04T19:26:15+07:00" level=warning msg="go-ios agent is not running. You might need to start it with 'ios tunnel start' for ios17+. Use ENABLE_GO_IOS_AGENT=user for userspace tunnel or ENABLE_GO_IOS_AGENT=kernel for kernel tunnel for the experimental daemon mode."
time="2026-09-04T19:26:15+07:00" level=warning msg="failed to get tunnel info" udid=00008101-001D05820EB8001E
time="2026-09-04T19:26:15+07:00" level=info msg="device is activated:true"
time="2026-09-04T19:26:16+07:00" level=info msg="send flush request"
time="2026-09-04T19:26:33+07:00" level=info msg="get cloud config"
"ok"
[19:26:54] 000081...: RUN: C:\TIKTOOL PRO V4\ios.exe lang --setlocale=ja_JP --setlang=ja --udid=00008101-001D05820EB8001E --nojson
[19:27:01] 000081...: ⏳ Đang chờ iPhone khởi động lại: còn 20s...
[19:27:05] 000081...: time="2026-09-04T19:26:31+07:00" level=warning msg="go-ios agent is not running. You might need to start it with 'ios tunnel start' for ios17+. Use ENABLE_GO_IOS_AGENT=user for userspace tunnel or ENABLE_GO_IOS_AGENT=kernel for kernel tunnel for the experimental daemon mode."
time="2026-09-04T19:26:31+07:00" level=warning msg="failed to get tunnel info" udid=00008101-00115DAA2663001E
{"Language":"ja","Locale":"ja_JP","SupportedLocales":["sv_AX","en_CN","ro_RO","en_VG","es_VC","fr_MA","en_AL","es_TT","ar_SS","fr_VU","fr_CI","en_GS","en_BW","en_JM","es_BS","en_BD","en_MG","en_PT","en_HK","ar_LB","ru_UA","fr_GN","en_CO","en_KE","en_NR","fr_MU","en_FI","nl_BQ","en_WS","en_DG","ar_SA","en_RW","en_ZM","en_BE","en_ER","bn_BD","en_MH","nl_NL","pt_AO","el_CY","en_KY","es_CL","en_VI","es_VE","en_FJ","fr_MC","en_TZ","en_ID","es_TC","zh_TW","en_GU","es_GQ","en_GB","ko_CN","mr_IN","es_MX","en_ES","es_BB","es_PR","fr_GP","pt_GW","fi_FI","en_FK","en_NA","zh_CN","en_IE","en_LR","en_TH","ca_IT","ar_KM","en_BZ","en_JP","da_GL","te_IN","en_BG","en_US","ar_QA","en_PW","de_CH","ar_TN","fr_GQ","de_LI","cs_CZ","hu_HU","zh_HK","en_NU","es_VG","ta_IN","ar_EG","ro_MD","en_LS","fr_CM","ar_SD","en_GD","ar_IL","ar_LY","en_UA","fr_TD","pt_LU","es_PA","ta_SG","en_KI","es_CO","en_FM","fr_MF","ar_EH","tr_CY","en_LT","es_IC","en_DK","pt_ST","es_GT","en_GE","fr_YT","ms_BN","en_BI","he_IL","pt_TL","en_SS","es_KY","kk_KZ","en_CA","es_VI","zh-Hant_JP","ar_MR","fr_MG","hr_HR","en_AR","ar_SY","fr_SN","en_TK","en_GY","pt_CV","en_MM","fr_DZ","ar_AE","es_ES","en_001","zh-Hant_MY","en_PG","ca_ES","fr_RW","fr_GA","en_SA","fr_BE","hi_IN","en_AS","pt_MO","en_LV","ta_LK","en_DM","en_LC","en_GG","es_BZ","tr_TR","it_CH","zh-Hans_MO","es_US","it_VA","fr_TG","en_EE","en_150","en_PH","es_EA","sv_FI","ms_SG","en_CV","es_CR","en_SB","fr_RE","fr_BF","en_NF","es_HN","en_CC","en_AT","ar_MA","nl_BE","en_GH","es_GD","th_TH","pt_FR","en_ZA","en_MO","de_IT","es_003","es_PE","de_DE","en_NZ","en_SC","en_NG","en_AU","el_GR","en_GI","ar_001","en_BM","ar_IQ","en_MP","es_PY","fr_DJ","es_EC","vi_VN","en_US_POSIX","en_CX","en_KN","en_SD","en_FR","es_CA","kn_IN","en_IL","es_AR","en_TO","zh-Hans_HK","es_GY","bg_BG","fr_NC","ta_MY","en_BN","en_UG","en_HU","en_PK","uk_UA","en_SX","en_CY","en_SE","es_CU","sk_SK","fr_BI","fr_ML","de_BE","en_IM","fr_PF","es_DM","es_LC","en_ZW","fr_CA","pl_PL","pt_CH","nl_SR","ja_JP","en_JE","zh-Hans_JP","fr_LU","en_PL","zh_MO","en_CZ","fr_GF","es_PH","fr_BJ","en_IN","zh-Hans_MY","en_AE","fr_NE","en_RO","en_MS","es_419","it_IT","ar_TD","en_SZ","fr_WF","es_SV","ml_IN","es_CW","en_SG","en_CH","ru_MD","pt_BR","en_IO","bn_IN","ar_PS","en_TR","ar_KW","es_DO","en_GM","it_SM","ms_MY","sl_SI","es_UY","en_MT","es_BM","en_PN","es_HT","en_KR","en_SH","es_KN","en_VU","fr_BL","en_NL","ca_FR","en_AG","fr_KM","fr_SC","fr_CD","ko_KP","or_IN","nb_SJ","zh-Hant_CN","en_MU","en_BR","ru_RU","ar_DZ","fr_TN","en_SI","en_VC","es_NI","ar_ER","hr_BA","fr_HT","en_TT","ar_SO","ca_AD","da_DK","fr_FR","en_BS","en_MV","nl_CW","es_BO","nb_NO","de_LU","pt_GQ","ar_JO","en_CK","fr_MQ","zh_SG","ms_ID","en_AI","fr_CF","ko_KR","en_MW","en_UM","en_SK","en_CL","en_NO","fr_MR","en_TV","fr_SY","en_TC","fr_CG","nl_SX","es_BQ","ar_YE","ru_BY","en_MX","de_AT","en_BB","en_PR","ar_DJ","lt_LT","nl_AW","ar_OM","en_SL","en_CM","ru_KZ","sv_SE","ar_BH","ru_KG","en_IT","pt_MZ","fr_PM","id_ID","en_TW","pt_PT","es_AG","en_DE","fr_CH","en_GR","en_RU","gu_IN","en_MY","es_BR"],"SupportedLanguages":["ur","lt","ja","id","mr","ms","hi","es-419","es","pl","ca","ta","fr","en-IN","or","fr-CA","da","bg","te","kk-Cyrl","pt-BR","zh-Hant-HK","hr","gu","de","th","sk","ro","sl","nb","kk","en-GB","hu","zh-HK","bn","ar","it","kn","ko","uk","pa","ru","vi","zh-Hans","zh-Hant","en-AU","ml","pt-PT","tr","fi","en-US","el","cs","sv","nl","he","en","es-US"]}
[19:27:05] 000081...: Batch Activate hoàn tất thành công.
[19:27:05] 000081...: RUN: C:\TIKTOOL PRO V4\ideviceactivation.exe activate -u 00008101-000245012293001E -b
[19:27:08] 000081...: ⏳ Đang chờ iPhone khởi động lại: còn 20s...
[19:27:14] 000081...: NOTE: This device appears to be already activated. The server might report an error 'Device Unknown' instead of acknowledging the activation.
Activation server reports that device is already activated.
[19:27:14] 000081...: RUN: C:\TIKTOOL PRO V4\ios.exe prepare --skip-all --udid=00008101-000245012293001E --nojson
[19:27:15] 000081...: time="2026-09-04T19:26:43+07:00" level=warning msg="go-ios agent is not running. You might need to start it with 'ios tunnel start' for ios17+. Use ENABLE_GO_IOS_AGENT=user for userspace tunnel or ENABLE_GO_IOS_AGENT=kernel for kernel tunnel for the experimental daemon mode."
time="2026-09-04T19:26:43+07:00" level=warning msg="failed to get tunnel info" udid=00008101-000D59493C50801E
{"Language":"ja","Locale":"ja_JP","SupportedLocales":["sv_AX","en_CN","ro_RO","en_VG","es_VC","fr_MA","en_AL","es_TT","ar_SS","fr_VU","fr_CI","en_GS","en_BW","en_JM","es_BS","en_BD","en_MG","en_PT","en_HK","ar_LB","fr_GN","ru_UA","en_CO","en_KE","en_NR","fr_MU","en_FI","nl_BQ","en_WS","en_DG","ar_SA","en_RW","en_ZM","en_BE","en_ER","bn_BD","en_MH","nl_NL","pt_AO","el_CY","en_KY","es_CL","en_VI","es_VE","en_FJ","fr_MC","en_TZ","en_ID","es_TC","en_GU","zh_TW","es_GQ","en_GB","mr_IN","ko_CN","es_MX","en_ES","es_BB","es_PR","fr_GP","pt_GW","fi_FI","en_FK","en_NA","zh_CN","en_IE","en_LR","en_TH","ca_IT","ar_KM","en_BZ","de_CH","da_GL","te_IN","en_US","en_JP","en_BG","en_PW","ar_TN","ar_QA","fr_GQ","de_LI","cs_CZ","en_NU","zh_HK","hu_HU","es_VG","ta_IN","ar_EG","ro_MD","en_LS","fr_CM","ar_SD","en_GD","ar_IL","ar_LY","en_UA","fr_TD","pt_LU","es_PA","ta_SG","en_KI","es_CO","en_FM","fr_MF","ar_EH","tr_CY","en_LT","es_IC","en_DK","pt_ST","es_GT","en_GE","fr_YT","ms_BN","en_BI","he_IL","pt_TL","en_SS","es_KY","kk_KZ","en_CA","es_VI","zh-Hant_JP","ar_MR","fr_MG","en_AR","hr_HR","en_TK","fr_SN","ar_SY","en_GY","pt_CV","en_MM","es_ES","ar_AE","fr_DZ","en_001","ca_ES","zh-Hant_MY","fr_RW","en_PG","fr_GA","en_SA","fr_BE","hi_IN","en_AS","pt_MO","en_LV","ta_LK","en_DM","en_LC","en_GG","es_BZ","tr_TR","it_CH","zh-Hans_MO","en_150","it_VA","es_US","en_EE","fr_TG","en_PH","es_EA","sv_FI","en_CV","ms_SG","es_CR","fr_RE","en_CC","fr_BF","en_NF","en_SB","es_HN","en_AT","ar_MA","nl_BE","en_GH","th_TH","en_ZA","pt_FR","es_GD","en_MO","es_003","de_IT","es_PE","de_DE","en_SC","en_NZ","en_NG","en_AU","el_GR","en_GI","ar_001","en_BM","ar_IQ","en_MP","es_PY","fr_DJ","es_EC","en_US_POSIX","vi_VN","en_CX","en_KN","en_SD","en_FR","es_CA","kn_IN","en_IL","es_AR","en_TO","zh-Hans_HK","es_GY","bg_BG","fr_NC","ta_MY","en_BN","en_UG","en_HU","uk_UA","en_PK","en_SX","en_CY","en_SE","es_CU","sk_SK","fr_BI","fr_ML","de_BE","en_IM","fr_PF","es_DM","es_LC","en_ZW","fr_CA","pl_PL","zh-Hans_JP","pt_CH","en_JE","nl_SR","ja_JP","fr_LU","en_PL","es_PH","en_CZ","fr_GF","zh_MO","fr_BJ","en_IN","zh-Hans_MY","en_AE","fr_NE","en_RO","en_MS","es_419","it_IT","ar_TD","en_SZ","fr_WF","ru_MD","ml_IN","en_SG","es_SV","en_CH","es_CW","pt_BR","en_IO","bn_IN","ar_PS","en_TR","ar_KW","es_DO","en_GM","it_SM","ms_MY","es_UY","en_MT","es_BM","sl_SI","en_PN","es_HT","en_KR","en_SH","en_VU","es_KN","fr_BL","en_NL","ca_FR","en_AG","fr_KM","fr_SC","fr_CD","ko_KP","or_IN","zh-Hant_CN","en_BR","ru_RU","en_MU","nb_SJ","ar_DZ","fr_TN","en_SI","hr_BA","es_NI","en_VC","ar_ER","fr_HT","en_TT","ar_SO","ca_AD","fr_FR","da_DK","en_BS","en_MV","es_BO","nb_NO","nl_CW","de_LU","en_CK","ar_JO","pt_GQ","fr_MQ","zh_SG","ms_ID","en_AI","fr_CF","ko_KR","en_MW","en_UM","en_SK","en_CL","en_NO","fr_MR","en_TV","fr_SY","en_TC","fr_CG","nl_SX","es_BQ","ar_YE","ru_BY","sv_SE","en_BB","de_AT","en_PR","ar_DJ","lt_LT","nl_AW","ar_OM","en_SL","en_CM","ru_KZ","en_MX","ar_BH","ru_KG","id_ID","pt_MZ","fr_PM","en_TW","en_IT","es_AG","pt_PT","en_DE","fr_CH","en_GR","gu_IN","en_RU","en_MY","es_BR"],"SupportedLanguages":["ur","lt","ja","id","mr","ms","hi","es-419","es","pl","ca","ta","fr","en-IN","or","fr-CA","da","bg","te","kk-Cyrl","pt-BR","zh-Hant-HK","hr","gu","de","th","sk","ro","sl","nb","kk","en-GB","hu","zh-HK","bn","ar","it","kn","ko","uk","pa","ru","vi","zh-Hans","zh-Hant","en-AU","ml","pt-PT","tr","fi","en-US","el","cs","sv","nl","he","en","es-US"]}
[19:27:15] 000081...: Batch Activate hoàn tất thành công.
[19:27:15] 000081...: RUN: C:\TIKTOOL PRO V4\ideviceactivation.exe activate -u 00008101-000C604836FA001E -b
[19:27:21] 000081...: time="2026-09-04T19:27:14+07:00" level=warning msg="go-ios agent is not running. You might need to start it with 'ios tunnel start' for ios17+. Use ENABLE_GO_IOS_AGENT=user for userspace tunnel or ENABLE_GO_IOS_AGENT=kernel for kernel tunnel for the experimental daemon mode."
time="2026-09-04T19:27:14+07:00" level=warning msg="failed to get tunnel info" udid=00008101-000245012293001E
time="2026-09-04T19:27:14+07:00" level=info msg="device is activated:true"
time="2026-09-04T19:27:14+07:00" level=info msg="send flush request"
time="2026-09-04T19:27:14+07:00" level=info msg="get cloud config"
"ok"
[19:27:21] 000081...: RUN: C:\TIKTOOL PRO V4\ios.exe lang --setlocale=ja_JP --setlang=ja --udid=00008101-000245012293001E --nojson
[19:27:21] 000081...: ⌛ Đã hết 80 giây chờ! Đang kiểm tra kết nối thiết bị...
[19:27:23] 000081...: time="2026-09-04T19:26:50+07:00" level=warning msg="go-ios agent is not running. You might need to start it with 'ios tunnel start' for ios17+. Use ENABLE_GO_IOS_AGENT=user for userspace tunnel or ENABLE_GO_IOS_AGENT=kernel for kernel tunnel for the experimental daemon mode."
time="2026-09-04T19:26:50+07:00" level=warning msg="failed to get tunnel info" udid=00008101-0011548002C1001E
{"Language":"ja","Locale":"ja_JP","SupportedLocales":["sv_AX","en_CN","ro_RO","en_VG","es_VC","fr_MA","en_AL","es_TT","ar_SS","fr_VU","fr_CI","en_GS","en_BW","en_JM","es_BS","en_BD","en_MG","en_PT","en_HK","ar_LB","ru_UA","fr_GN","en_CO","en_KE","en_NR","fr_MU","en_FI","nl_BQ","en_WS","en_DG","ar_SA","en_RW","en_ZM","en_BE","bn_BD","en_MH","el_CY","nl_NL","pt_AO","en_ER","en_KY","es_CL","en_VI","es_VE","en_FJ","fr_MC","en_TZ","en_ID","es_TC","zh_TW","en_GU","es_GQ","en_GB","mr_IN","ko_CN","es_MX","en_ES","es_BB","es_PR","fr_GP","pt_GW","fi_FI","en_FK","en_NA","zh_CN","en_IE","en_LR","ca_IT","en_TH","ar_KM","en_BZ","en_JP","da_GL","te_IN","en_US","de_CH","ar_QA","en_PW","ar_TN","en_BG","fr_GQ","de_LI","cs_CZ","hu_HU","zh_HK","en_NU","es_VG","ta_IN","ar_EG","ro_MD","en_LS","fr_CM","ar_SD","en_GD","ar_IL","ar_LY","en_UA","fr_TD","pt_LU","es_PA","ta_SG","en_KI","es_CO","en_FM","fr_MF","tr_CY","ar_EH","en_LT","es_IC","en_DK","pt_ST","es_GT","en_GE","fr_YT","ms_BN","en_BI","he_IL","pt_TL","en_SS","es_KY","kk_KZ","en_CA","es_VI","zh-Hant_JP","fr_MG","ar_MR","en_AR","hr_HR","ar_SY","fr_SN","en_TK","en_GY","pt_CV","fr_DZ","es_ES","en_MM","ar_AE","ca_ES","en_PG","en_001","fr_RW","zh-Hant_MY","fr_GA","en_SA","fr_BE","hi_IN","en_AS","pt_MO","en_LV","ta_LK","en_DM","en_LC","en_GG","tr_TR","es_BZ","it_CH","es_US","en_150","it_VA","fr_TG","en_EE","zh-Hans_MO","es_EA","sv_FI","es_HN","ms_SG","en_PH","es_CR","fr_RE","en_CC","en_SB","en_NF","fr_BF","en_CV","en_AT","ar_MA","nl_BE","en_GH","es_GD","th_TH","en_ZA","pt_FR","en_MO","es_003","de_IT","es_PE","de_DE","en_NZ","en_SC","en_NG","en_AU","el_GR","en_GI","ar_001","en_BM","ar_IQ","en_MP","es_PY","fr_DJ","es_EC","vi_VN","en_US_POSIX","en_CX","en_KN","en_SD","en_FR","es_CA","kn_IN","en_IL","es_AR","en_TO","zh-Hans_HK","es_GY","bg_BG","fr_NC","ta_MY","en_BN","en_UG","en_HU","en_PK","uk_UA","en_SX","en_CY","es_CU","sk_SK","en_SE","fr_BI","fr_ML","de_BE","en_IM","fr_PF","es_DM","es_LC","en_ZW","fr_CA","pl_PL","zh-Hans_JP","nl_SR","ja_JP","pt_CH","fr_LU","en_JE","en_PL","es_PH","zh_MO","fr_GF","en_CZ","fr_BJ","en_IN","zh-Hans_MY","en_AE","fr_NE","en_RO","en_MS","es_419","it_IT","ar_TD","en_SZ","fr_WF","es_SV","ml_IN","en_SG","ru_MD","en_CH","es_CW","pt_BR","en_IO","bn_IN","en_TR","ar_PS","ar_KW","es_DO","en_GM","it_SM","ms_MY","sl_SI","es_UY","en_MT","es_BM","en_PN","es_HT","en_KR","en_SH","es_KN","en_VU","fr_BL","en_NL","ca_FR","en_AG","fr_KM","fr_SC","fr_CD","ko_KP","or_IN","zh-Hant_CN","en_BR","ru_RU","en_MU","fr_TN","ar_DZ","nb_SJ","en_SI","hr_BA","es_NI","ar_ER","en_VC","fr_HT","en_TT","ar_SO","ca_AD","da_DK","fr_FR","en_BS","nl_CW","en_MV","es_BO","nb_NO","de_LU","pt_GQ","ar_JO","en_CK","fr_MQ","zh_SG","ms_ID","en_AI","fr_CF","ko_KR","en_MW","en_UM","en_SK","en_CL","en_NO","fr_MR","en_TV","fr_SY","en_TC","fr_CG","nl_SX","en_MX","ar_YE","ru_BY","sv_SE","de_AT","en_BB","es_BQ","ar_DJ","lt_LT","nl_AW","en_PR","en_SL","en_CM","ru_KZ","ar_OM","ar_BH","ru_KG","en_IT","id_ID","pt_MZ","en_TW","fr_PM","pt_PT","es_AG","en_DE","fr_CH","en_GR","gu_IN","en_RU","en_MY","es_BR"],"SupportedLanguages":["ur","lt","ja","id","mr","ms","hi","es-419","es","pl","ca","ta","fr","en-IN","or","fr-CA","da","bg","te","kk-Cyrl","pt-BR","zh-Hant-HK","hr","gu","de","th","sk","ro","sl","nb","kk","en-GB","hu","zh-HK","bn","ar","it","kn","ko","uk","pa","ru","vi","zh-Hans","zh-Hant","en-AU","ml","pt-PT","tr","fi","en-US","el","cs","sv","nl","he","en","es-US"]}
[19:27:23] 000081...: Batch Activate hoàn tất thành công.
[19:27:23] 000081...: RUN: C:\TIKTOOL PRO V4\ideviceactivation.exe activate -u 00008101-000D6D113A89001E -b
[19:27:23] 000081...: NOTE: This device appears to be already activated. The server might report an error 'Device Unknown' instead of acknowledging the activation.
Activation server reports that device is already activated.
[19:27:23] 000081...: RUN: C:\TIKTOOL PRO V4\ios.exe prepare --skip-all --udid=00008101-000C604836FA001E --nojson
[19:27:24] 000081...: ✅ iPhone đã khởi động xong & kết nối ổn định ➔ Bắt đầu Batch Activate...
[19:27:26] 000081...: time="2026-09-04T19:26:54+07:00" level=warning msg="go-ios agent is not running. You might need to start it with 'ios tunnel start' for ios17+. Use ENABLE_GO_IOS_AGENT=user for userspace tunnel or ENABLE_GO_IOS_AGENT=kernel for kernel tunnel for the experimental daemon mode."
time="2026-09-04T19:26:54+07:00" level=warning msg="failed to get tunnel info" udid=00008101-001D05820EB8001E
{"Language":"ja","Locale":"ja_JP","SupportedLocales":["sv_AX","en_CN","ro_RO","en_VG","es_VC","fr_MA","en_AL","es_TT","ar_SS","fr_VU","fr_CI","en_GS","en_BW","en_JM","es_BS","en_BD","en_MG","en_PT","en_HK","ar_LB","fr_GN","ru_UA","en_CO","en_KE","en_NR","fr_MU","en_FI","nl_BQ","en_WS","en_DG","ar_SA","en_RW","en_ZM","en_BE","bn_BD","en_MH","en_ER","nl_NL","pt_AO","el_CY","en_KY","es_CL","en_VI","en_FJ","es_VE","fr_MC","en_TZ","en_ID","es_TC","en_GU","zh_TW","es_GQ","ko_CN","mr_IN","en_GB","es_MX","en_ES","es_BB","es_PR","fr_GP","pt_GW","fi_FI","en_FK","en_NA","zh_CN","en_IE","en_LR","en_TH","ca_IT","ar_KM","en_BZ","de_CH","da_GL","en_US","te_IN","en_BG","ar_QA","en_PW","ar_TN","en_JP","fr_GQ","de_LI","cs_CZ","hu_HU","zh_HK","en_NU","es_VG","ta_IN","ar_EG","ro_MD","en_LS","fr_CM","ar_SD","en_GD","ar_IL","ar_LY","en_UA","fr_TD","pt_LU","es_PA","ta_SG","en_KI","es_CO","en_FM","fr_MF","tr_CY","ar_EH","en_LT","es_IC","en_DK","pt_ST","es_GT","en_GE","fr_YT","ms_BN","en_BI","he_IL","pt_TL","en_SS","es_KY","kk_KZ","en_CA","es_VI","ar_MR","fr_MG","zh-Hant_JP","hr_HR","en_AR","ar_SY","fr_SN","en_TK","en_GY","pt_CV","en_MM","es_ES","ar_AE","fr_DZ","en_001","zh-Hant_MY","ca_ES","fr_RW","en_PG","fr_GA","en_SA","fr_BE","hi_IN","en_AS","pt_MO","en_LV","ta_LK","en_DM","en_LC","en_GG","es_BZ","tr_TR","it_CH","zh-Hans_MO","en_150","it_VA","fr_TG","en_EE","es_US","en_PH","sv_FI","es_HN","en_CV","ms_SG","es_CR","fr_RE","en_SB","en_CC","en_NF","es_EA","fr_BF","en_AT","ar_MA","nl_BE","en_GH","th_TH","en_ZA","pt_FR","es_GD","en_MO","de_IT","es_003","es_PE","de_DE","en_NZ","en_SC","en_NG","en_AU","el_GR","en_GI","ar_001","en_BM","ar_IQ","en_MP","es_PY","fr_DJ","es_EC","en_US_POSIX","vi_VN","en_CX","en_KN","en_SD","en_FR","es_CA","kn_IN","en_IL","es_AR","en_TO","zh-Hans_HK","es_GY","bg_BG","fr_NC","ta_MY","en_BN","en_UG","en_HU","uk_UA","en_SX","en_PK","en_CY","es_CU","sk_SK","en_SE","fr_BI","fr_ML","de_BE","en_IM","fr_PF","es_DM","es_LC","en_ZW","fr_CA","pl_PL","pt_CH","nl_SR","ja_JP","en_JE","zh-Hans_JP","fr_LU","en_PL","es_PH","en_CZ","fr_GF","zh_MO","fr_BJ","en_IN","zh-Hans_MY","en_AE","fr_NE","en_RO","en_MS","es_419","it_IT","ar_TD","en_SZ","fr_WF","es_SV","ml_IN","en_SG","es_CW","en_CH","ru_MD","pt_BR","en_IO","ar_PS","en_TR","bn_IN","ar_KW","es_DO","en_GM","it_SM","ms_MY","es_UY","en_MT","es_BM","sl_SI","en_PN","es_HT","en_KR","en_SH","es_KN","en_VU","fr_BL","en_NL","ca_FR","en_AG","fr_KM","fr_SC","fr_CD","ko_KP","or_IN","zh-Hant_CN","nb_SJ","ru_RU","en_BR","fr_TN","ar_DZ","en_MU","en_SI","en_VC","es_NI","ar_ER","hr_BA","fr_HT","en_TT","ar_SO","ca_AD","da_DK","fr_FR","en_BS","nl_CW","es_BO","nb_NO","en_MV","de_LU","pt_GQ","en_CK","ar_JO","fr_MQ","zh_SG","ms_ID","en_AI","fr_CF","ko_KR","en_MW","en_UM","en_SK","en_CL","en_NO","fr_MR","en_TV","fr_SY","en_TC","fr_CG","nl_SX","es_BQ","en_MX","en_BB","sv_SE","de_AT","ar_YE","en_PR","ar_DJ","lt_LT","nl_AW","en_SL","ar_OM","en_CM","ru_KZ","ru_BY","ar_BH","ru_KG","en_IT","id_ID","en_TW","fr_PM","pt_MZ","es_AG","pt_PT","en_DE","fr_CH","en_GR","en_RU","gu_IN","en_MY","es_BR"],"SupportedLanguages":["ur","lt","ja","id","mr","ms","hi","es-419","es","pl","ca","ta","fr","en-IN","or","fr-CA","da","bg","te","kk-Cyrl","pt-BR","zh-Hant-HK","hr","gu","de","th","sk","ro","sl","nb","kk","en-GB","hu","zh-HK","bn","ar","it","kn","ko","uk","pa","ru","vi","zh-Hans","zh-Hant","en-AU","ml","pt-PT","tr","fi","en-US","el","cs","sv","nl","he","en","es-US"]}
[19:27:26] 000081...: Batch Activate hoàn tất thành công.
[19:27:26] 000081...: RUN: C:\TIKTOOL PRO V4\ideviceactivation.exe activate -u 00008101-00152C1E21C2001E -b
[19:27:28] 000081...: ⌛ Đã hết 80 giây chờ! Đang kiểm tra kết nối thiết bị...
[19:27:30] 000081...: NOTE: This device appears to be already activated. The server might report an error 'Device Unknown' instead of acknowledging the activation.
Activation server reports that device is already activated.
[19:27:30] 000081...: RUN: C:\TIKTOOL PRO V4\ios.exe prepare --skip-all --udid=00008101-000D6D113A89001E --nojson
[19:27:31] 000081...: time="2026-09-04T19:27:30+07:00" level=warning msg="go-ios agent is not running. You might need to start it with 'ios tunnel start' for ios17+. Use ENABLE_GO_IOS_AGENT=user for userspace tunnel or ENABLE_GO_IOS_AGENT=kernel for kernel tunnel for the experimental daemon mode."
time="2026-09-04T19:27:30+07:00" level=warning msg="failed to get tunnel info" udid=00008101-000D6D113A89001E
time="2026-09-04T19:27:31+07:00" level=info msg="device is activated:true"
time="2026-09-04T19:27:31+07:00" level=info msg="send flush request"
time="2026-09-04T19:27:31+07:00" level=info msg="get cloud config"
time="2026-09-04T19:27:31+07:00" level=fatal msg="failed erasing" err="failed setting cloud config, resp: map[] err: failed command: map[CommandErrorArchive:[4 11 115 116 114 101 97 109 116 121 112 101 100 129 232 3 132 1 64 132 132 132 7 78 83 69 114 114 111 114 0 132 132 8 78 83 79 98 106 101 99 116 0 133 132 3 105 64 64 129 178 54 132 132 132 8 78 83 83 116 114 105 110 103 1 148 132 1 43 20 68 77 67 84 117 110 110 101 108 69 114 114 111 114 68 111 109 97 105 110 134 132 132 132 12 78 83 68 105 99 116 105 111 110 97 114 121 0 148 132 1 105 3 146 132 150 151 12 68 77 67 69 114 114 111 114 84 121 112 101 134 146 132 150 151 13 68 77 67 70 97 116 97 108 69 114 114 111 114 134 146 132 150 151 22 78 83 76 111 99 97 108 105 122 101 100 68 101 115 99 114 105 112 116 105 111 110 134 146 132 150 151 56 65 32 99 108 111 117 100 32 99 111 110 102 105 103 117 114 97 116 105 111 110 32 105 115 32 97 108 114 101 97 100 121 32 112 114 101 115 101 110 116 32 111 110 32 116 104 105 115 32 100 101 118 105 99 101 46 134 146 132 150 151 20 85 83 69 110 103 108 105 115 104 68 101 115 99 114 105 112 116 105 111 110 134 146 132 150 151 56 65 32 99 108 111 117 100 32 99 111 110 102 105 103 117 114 97 116 105 111 110 32 105 115 32 97 108 114 101 97 100 121 32 112 114 101 115 101 110 116 32 111 110 32 116 104 105 115 32 100 101 118 105 99 101 46 134 134 134] ErrorChain:[map[ErrorCode:14002 ErrorDomain:DMCTunnelErrorDomain LocalizedDescription:A cloud configuration is already present on this device. USEnglishDescription:A cloud configuration is already present on this device.]] Status:Error]"
[19:27:31] 000081...: Skip Setup Assistant thất bại!
[19:27:31] 000081...: RUN: C:\TIKTOOL PRO V4\ideviceactivation.exe activate -u 00008101-000434C12120001E -b
[19:27:31] 000081...: ✅ iPhone đã khởi động xong & kết nối ổn định ➔ Bắt đầu Batch Activate...
[19:27:31] 000081...: time="2026-09-04T19:27:23+07:00" level=warning msg="go-ios agent is not running. You might need to start it with 'ios tunnel start' for ios17+. Use ENABLE_GO_IOS_AGENT=user for userspace tunnel or ENABLE_GO_IOS_AGENT=kernel for kernel tunnel for the experimental daemon mode."
time="2026-09-04T19:27:23+07:00" level=warning msg="failed to get tunnel info" udid=00008101-000C604836FA001E
time="2026-09-04T19:27:24+07:00" level=info msg="device is activated:true"
time="2026-09-04T19:27:24+07:00" level=info msg="send flush request"
time="2026-09-04T19:27:24+07:00" level=info msg="get cloud config"
"ok"
[19:27:31] 000081...: RUN: C:\TIKTOOL PRO V4\ios.exe lang --setlocale=ja_JP --setlang=ja --udid=00008101-000C604836FA001E --nojson
[19:27:36] 000081...: NOTE: This device appears to be already activated. The server might report an error 'Device Unknown' instead of acknowledging the activation.
Activation server reports that device is already activated.
[19:27:36] 000081...: RUN: C:\TIKTOOL PRO V4\ios.exe prepare --skip-all --udid=00008101-00152C1E21C2001E --nojson
[19:27:36] 000081...: NOTE: This device appears to be already activated. The server might report an error 'Device Unknown' instead of acknowledging the activation.
Activation server reports that device is already activated.
[19:27:36] 000081...: RUN: C:\TIKTOOL PRO V4\ios.exe prepare --skip-all --udid=00008101-000434C12120001E --nojson
[19:27:42] 000081...: time="2026-09-04T19:27:36+07:00" level=warning msg="go-ios agent is not running. You might need to start it with 'ios tunnel start' for ios17+. Use ENABLE_GO_IOS_AGENT=user for userspace tunnel or ENABLE_GO_IOS_AGENT=kernel for kernel tunnel for the experimental daemon mode."
time="2026-09-04T19:27:36+07:00" level=warning msg="failed to get tunnel info" udid=00008101-00152C1E21C2001E
time="2026-09-04T19:27:36+07:00" level=info msg="device is activated:true"
time="2026-09-04T19:27:36+07:00" level=info msg="send flush request"
time="2026-09-04T19:27:36+07:00" level=info msg="get cloud config"
"ok"
[19:27:42] 000081...: RUN: C:\TIKTOOL PRO V4\ios.exe lang --setlocale=ja_JP --setlang=ja --udid=00008101-00152C1E21C2001E --nojson
[19:28:00] 000081...: time="2026-09-04T19:27:36+07:00" level=warning msg="go-ios agent is not running. You might need to start it with 'ios tunnel start' for ios17+. Use ENABLE_GO_IOS_AGENT=user for userspace tunnel or ENABLE_GO_IOS_AGENT=kernel for kernel tunnel for the experimental daemon mode."
time="2026-09-04T19:27:36+07:00" level=warning msg="failed to get tunnel info" udid=00008101-000434C12120001E
time="2026-09-04T19:27:36+07:00" level=info msg="device is activated:true"
time="2026-09-04T19:27:36+07:00" level=info msg="send flush request"
time="2026-09-04T19:27:43+07:00" level=info msg="get cloud config"
"ok"
[19:28:00] 000081...: RUN: C:\TIKTOOL PRO V4\ios.exe lang --setlocale=ja_JP --setlang=ja --udid=00008101-000434C12120001E --nojson
[19:28:01] 000081...: time="2026-09-04T19:27:21+07:00" level=warning msg="go-ios agent is not running. You might need to start it with 'ios tunnel start' for ios17+. Use ENABLE_GO_IOS_AGENT=user for userspace tunnel or ENABLE_GO_IOS_AGENT=kernel for kernel tunnel for the experimental daemon mode."
time="2026-09-04T19:27:21+07:00" level=warning msg="failed to get tunnel info" udid=00008101-000245012293001E
{"Language":"ja","Locale":"ja_JP","SupportedLocales":["sv_AX","en_CN","ro_RO","en_VG","es_VC","fr_MA","en_AL","es_TT","ar_SS","fr_VU","en_GS","fr_CI","en_BW","en_JM","es_BS","en_BD","en_MG","en_PT","en_HK","fr_GN","ru_UA","ar_LB","en_CO","en_KE","en_NR","fr_MU","en_FI","nl_BQ","en_WS","en_DG","ar_SA","en_RW","en_ZM","en_BE","en_ER","bn_BD","en_MH","nl_NL","pt_AO","el_CY","en_KY","es_CL","en_VI","es_VE","en_FJ","fr_MC","en_TZ","en_ID","es_TC","zh_TW","en_GU","es_GQ","en_GB","mr_IN","ko_CN","es_MX","en_ES","es_BB","es_PR","fr_GP","pt_GW","fi_FI","en_FK","en_NA","zh_CN","en_IE","en_LR","en_TH","ca_IT","ar_KM","en_BZ","de_CH","da_GL","te_IN","en_US","en_BG","en_JP","en_PW","ar_TN","ar_QA","fr_GQ","de_LI","cs_CZ","hu_HU","zh_HK","en_NU","es_VG","ta_IN","ar_EG","ro_MD","en_LS","fr_CM","ar_SD","en_GD","ar_IL","ar_LY","en_UA","fr_TD","pt_LU","es_PA","ta_SG","en_KI","es_CO","en_FM","fr_MF","tr_CY","ar_EH","en_LT","es_IC","en_DK","pt_ST","es_GT","fr_YT","en_GE","ms_BN","en_BI","he_IL","pt_TL","en_SS","es_KY","kk_KZ","en_CA","es_VI","zh-Hant_JP","fr_MG","ar_MR","hr_HR","en_AR","en_TK","fr_SN","ar_SY","en_GY","pt_CV","fr_DZ","es_ES","ar_AE","en_MM","en_001","zh-Hant_MY","en_PG","fr_RW","ca_ES","fr_GA","en_SA","fr_BE","hi_IN","en_AS","pt_MO","en_LV","ta_LK","en_DM","en_LC","en_GG","es_BZ","tr_TR","zh-Hans_MO","es_US","en_150","it_VA","fr_TG","en_EE","it_CH","en_PH","es_EA","sv_FI","ms_SG","en_CV","es_CR","en_SB","en_CC","fr_BF","en_NF","es_HN","fr_RE","en_AT","ar_MA","nl_BE","en_GH","es_GD","th_TH","pt_FR","en_ZA","en_MO","es_003","de_IT","es_PE","de_DE","en_NZ","en_SC","en_NG","en_AU","el_GR","en_GI","ar_001","en_BM","ar_IQ","en_MP","es_PY","fr_DJ","es_EC","en_US_POSIX","vi_VN","en_CX","en_KN","en_SD","en_FR","es_CA","kn_IN","en_IL","es_AR","en_TO","zh-Hans_HK","es_GY","bg_BG","fr_NC","ta_MY","en_BN","en_UG","en_HU","en_PK","uk_UA","en_SX","en_CY","en_SE","es_CU","sk_SK","fr_BI","fr_ML","de_BE","en_IM","fr_PF","es_DM","es_LC","en_ZW","fr_CA","pl_PL","pt_CH","zh-Hans_JP","ja_JP","nl_SR","fr_LU","en_JE","en_PL","es_PH","zh_MO","fr_GF","en_CZ","fr_BJ","en_IN","zh-Hans_MY","en_AE","en_RO","fr_NE","en_MS","es_419","it_IT","ar_TD","en_SZ","fr_WF","ru_MD","ml_IN","en_SG","es_CW","en_CH","es_SV","pt_BR","en_IO","bn_IN","ar_PS","en_TR","ar_KW","es_DO","en_GM","it_SM","ms_MY","sl_SI","en_MT","es_BM","es_UY","en_PN","es_HT","en_KR","en_SH","en_VU","es_KN","fr_BL","en_NL","ca_FR","en_AG","fr_KM","fr_SC","fr_CD","ko_KP","or_IN","nb_SJ","en_BR","ru_RU","en_MU","fr_TN","zh-Hant_CN","ar_DZ","en_SI","en_VC","es_NI","hr_BA","ar_ER","fr_HT","en_TT","ar_SO","ca_AD","fr_FR","da_DK","en_BS","nl_CW","en_MV","es_BO","nb_NO","de_LU","en_CK","ar_JO","pt_GQ","fr_MQ","zh_SG","ms_ID","en_AI","fr_CF","ko_KR","en_MW","en_UM","en_SK","en_CL","en_NO","fr_MR","en_TV","fr_SY","en_TC","fr_CG","nl_SX","en_MX","ar_YE","ru_BY","sv_SE","en_BB","en_PR","es_BQ","de_AT","lt_LT","ar_DJ","en_SL","nl_AW","en_CM","ru_KZ","ar_OM","ar_BH","ru_KG","pt_MZ","id_ID","en_TW","fr_PM","en_IT","es_AG","pt_PT","en_DE","fr_CH","en_GR","en_RU","gu_IN","en_MY","es_BR"],"SupportedLanguages":["ur","lt","ja","id","mr","ms","hi","es-419","es","pl","ca","ta","fr","en-IN","or","fr-CA","da","bg","te","kk-Cyrl","pt-BR","zh-Hant-HK","hr","gu","de","th","sk","ro","sl","nb","kk","en-GB","hu","zh-HK","bn","ar","it","kn","ko","uk","pa","ru","vi","zh-Hans","zh-Hant","en-AU","ml","pt-PT","tr","fi","en-US","el","cs","sv","nl","he","en","es-US"]}
[19:28:01] 000081...: Batch Activate hoàn tất thành công.
[19:28:01] 000081...: RUN: C:\TIKTOOL PRO V4\ideviceactivation.exe activate -u 00008101-00195C1036E8001E -b
[19:28:06] 000081...: time="2026-09-04T19:27:32+07:00" level=warning msg="go-ios agent is not running. You might need to start it with 'ios tunnel start' for ios17+. Use ENABLE_GO_IOS_AGENT=user for userspace tunnel or ENABLE_GO_IOS_AGENT=kernel for kernel tunnel for the experimental daemon mode."
time="2026-09-04T19:27:32+07:00" level=warning msg="failed to get tunnel info" udid=00008101-000C604836FA001E
{"Language":"ja","Locale":"ja_JP","SupportedLocales":["sv_AX","en_CN","ro_RO","en_VG","es_VC","fr_MA","en_AL","es_TT","ar_SS","fr_VU","en_GS","fr_CI","en_BW","en_JM","es_BS","en_BD","en_MG","en_PT","en_HK","ar_LB","ru_UA","fr_GN","en_CO","en_KE","en_NR","fr_MU","en_FI","nl_BQ","en_WS","en_DG","ar_SA","en_RW","en_ZM","en_BE","en_ER","bn_BD","el_CY","nl_NL","pt_AO","en_MH","en_KY","es_CL","en_VI","es_VE","en_FJ","fr_MC","en_TZ","en_ID","es_TC","zh_TW","en_GU","es_GQ","ko_CN","mr_IN","en_GB","es_MX","en_ES","es_BB","es_PR","fr_GP","pt_GW","fi_FI","en_FK","en_NA","zh_CN","en_IE","en_LR","ca_IT","en_TH","ar_KM","en_BZ","de_CH","da_GL","en_US","en_BG","en_JP","ar_QA","en_PW","te_IN","ar_TN","fr_GQ","de_LI","cs_CZ","hu_HU","zh_HK","en_NU","es_VG","ta_IN","ar_EG","ro_MD","en_LS","fr_CM","ar_SD","en_GD","ar_IL","ar_LY","en_UA","fr_TD","pt_LU","es_PA","ta_SG","en_KI","es_CO","en_FM","fr_MF","tr_CY","ar_EH","en_LT","es_IC","en_DK","pt_ST","es_GT","fr_YT","en_GE","ms_BN","en_BI","he_IL","pt_TL","en_SS","es_KY","kk_KZ","en_CA","es_VI","zh-Hant_JP","fr_MG","ar_MR","hr_HR","en_AR","en_TK","fr_SN","ar_SY","en_GY","pt_CV","en_MM","es_ES","ar_AE","fr_DZ","ca_ES","en_001","zh-Hant_MY","fr_RW","en_PG","fr_GA","en_SA","fr_BE","hi_IN","en_AS","pt_MO","en_LV","ta_LK","en_DM","en_LC","en_GG","es_BZ","tr_TR","zh-Hans_MO","es_US","it_CH","it_VA","fr_TG","en_EE","en_150","es_EA","sv_FI","es_HN","en_CV","ms_SG","es_CR","fr_RE","en_CC","en_SB","en_NF","fr_BF","en_PH","en_AT","ar_MA","nl_BE","en_GH","th_TH","en_ZA","pt_FR","es_GD","en_MO","es_003","de_IT","es_PE","de_DE","en_SC","en_NZ","en_NG","en_AU","el_GR","en_GI","ar_001","en_BM","ar_IQ","en_MP","es_PY","fr_DJ","es_EC","vi_VN","en_US_POSIX","en_CX","en_KN","en_SD","en_FR","es_CA","kn_IN","en_IL","es_AR","en_TO","zh-Hans_HK","es_GY","bg_BG","fr_NC","ta_MY","en_BN","en_UG","en_HU","en_PK","uk_UA","en_SX","en_CY","en_SE","sk_SK","es_CU","fr_BI","fr_ML","de_BE","en_IM","fr_PF","es_DM","es_LC","en_ZW","fr_CA","pl_PL","pt_CH","nl_SR","ja_JP","zh-Hans_JP","fr_LU","en_JE","en_PL","es_PH","en_CZ","fr_GF","zh_MO","fr_BJ","en_IN","zh-Hans_MY","en_AE","fr_NE","en_RO","en_MS","es_419","it_IT","ar_TD","en_SZ","fr_WF","ru_MD","ml_IN","en_SG","es_SV","en_CH","es_CW","pt_BR","en_IO","bn_IN","ar_PS","en_TR","ar_KW","es_DO","en_GM","it_SM","ms_MY","es_UY","en_MT","es_BM","sl_SI","en_PN","es_HT","en_KR","en_SH","en_VU","es_KN","fr_BL","en_NL","ca_FR","en_AG","fr_KM","fr_SC","fr_CD","ko_KP","or_IN","zh-Hant_CN","en_BR","en_MU","ru_RU","fr_TN","ar_DZ","nb_SJ","en_SI","en_VC","es_NI","hr_BA","ar_ER","fr_HT","en_TT","ar_SO","ca_AD","fr_FR","da_DK","en_BS","nl_CW","en_MV","nb_NO","es_BO","de_LU","en_CK","ar_JO","pt_GQ","fr_MQ","zh_SG","ms_ID","en_AI","fr_CF","ko_KR","en_MW","en_UM","en_SK","en_CL","en_NO","fr_MR","en_TV","fr_SY","en_TC","fr_CG","nl_SX","es_BQ","en_MX","ru_BY","sv_SE","en_BB","de_AT","en_PR","ar_DJ","lt_LT","nl_AW","en_SL","ar_YE","en_CM","ru_KZ","ar_OM","ar_BH","ru_KG","id_ID","pt_MZ","fr_PM","en_TW","en_IT","es_AG","pt_PT","en_DE","fr_CH","en_GR","en_RU","gu_IN","en_MY","es_BR"],"SupportedLanguages":["ur","lt","ja","id","mr","ms","hi","es-419","es","pl","ca","ta","fr","en-IN","or","fr-CA","da","bg","te","kk-Cyrl","pt-BR","zh-Hant-HK","hr","gu","de","th","sk","ro","sl","nb","kk","en-GB","hu","zh-HK","bn","ar","it","kn","ko","uk","pa","ru","vi","zh-Hans","zh-Hant","en-AU","ml","pt-PT","tr","fi","en-US","el","cs","sv","nl","he","en","es-US"]}
[19:28:06] 000081...: Batch Activate hoàn tất thành công.
[19:28:07] 000081...: NOTE: This device appears to be already activated. The server might report an error 'Device Unknown' instead of acknowledging the activation.
Activation server reports that device is already activated.
[19:28:07] 000081...: RUN: C:\TIKTOOL PRO V4\ios.exe prepare --skip-all --udid=00008101-00195C1036E8001E --nojson
[19:28:09] 000081...: time="2026-09-04T19:27:42+07:00" level=warning msg="go-ios agent is not running. You might need to start it with 'ios tunnel start' for ios17+. Use ENABLE_GO_IOS_AGENT=user for userspace tunnel or ENABLE_GO_IOS_AGENT=kernel for kernel tunnel for the experimental daemon mode."
time="2026-09-04T19:27:42+07:00" level=warning msg="failed to get tunnel info" udid=00008101-00152C1E21C2001E
{"Language":"ja","Locale":"ja_JP","SupportedLocales":["sv_AX","en_CN","ro_RO","en_VG","es_VC","fr_MA","en_AL","es_TT","ar_SS","fr_VU","en_GS","fr_CI","en_BW","en_JM","es_BS","en_BD","en_MG","en_PT","en_HK","fr_GN","ru_UA","ar_LB","en_CO","en_KE","en_NR","fr_MU","en_FI","nl_BQ","en_WS","en_DG","ar_SA","en_RW","en_ZM","en_BE","en_ER","bn_BD","en_MH","nl_NL","el_CY","pt_AO","en_KY","es_CL","en_VI","es_VE","en_FJ","fr_MC","en_TZ","en_ID","es_TC","zh_TW","en_GU","es_GQ","en_GB","mr_IN","ko_CN","es_MX","en_ES","es_BB","es_PR","fr_GP","pt_GW","fi_FI","en_FK","en_NA","zh_CN","en_IE","ca_IT","en_TH","en_LR","ar_KM","en_BZ","de_CH","en_JP","en_US","te_IN","da_GL","ar_QA","en_PW","ar_TN","en_BG","fr_GQ","de_LI","cs_CZ","hu_HU","zh_HK","en_NU","es_VG","ta_IN","ar_EG","ro_MD","en_LS","fr_CM","ar_SD","en_GD","ar_IL","ar_LY","en_UA","fr_TD","pt_LU","es_PA","ta_SG","en_KI","es_CO","en_FM","fr_MF","tr_CY","ar_EH","en_LT","es_IC","en_DK","pt_ST","es_GT","en_GE","fr_YT","ms_BN","en_BI","he_IL","pt_TL","en_SS","es_KY","kk_KZ","en_CA","es_VI","zh-Hant_JP","fr_MG","ar_MR","hr_HR","en_AR","ar_SY","fr_SN","en_TK","en_GY","pt_CV","fr_DZ","es_ES","ar_AE","en_MM","en_001","en_PG","zh-Hant_MY","fr_RW","ca_ES","fr_GA","en_SA","fr_BE","hi_IN","en_AS","pt_MO","en_LV","ta_LK","en_DM","en_LC","en_GG","es_BZ","tr_TR","it_CH","zh-Hans_MO","es_US","it_VA","fr_TG","en_EE","en_150","en_PH","es_HN","sv_FI","en_CV","ms_SG","es_CR","en_SB","en_CC","fr_BF","en_NF","es_EA","fr_RE","en_AT","ar_MA","nl_BE","en_GH","es_GD","en_ZA","th_TH","pt_FR","en_MO","es_003","de_IT","es_PE","de_DE","en_SC","en_NZ","en_NG","en_AU","el_GR","en_GI","ar_001","en_BM","ar_IQ","en_MP","es_PY","fr_DJ","es_EC","en_US_POSIX","vi_VN","en_CX","en_KN","en_SD","en_FR","es_CA","kn_IN","en_IL","es_AR","en_TO","zh-Hans_HK","es_GY","bg_BG","fr_NC","ta_MY","en_BN","en_UG","en_HU","en_PK","en_SX","uk_UA","en_CY","es_CU","sk_SK","en_SE","fr_BI","fr_ML","de_BE","en_IM","fr_PF","es_DM","es_LC","en_ZW","fr_CA","pl_PL","pt_CH","zh-Hans_JP","ja_JP","en_JE","fr_LU","nl_SR","en_PL","es_PH","en_CZ","zh_MO","fr_GF","fr_BJ","en_IN","zh-Hans_MY","en_AE","fr_NE","en_RO","en_MS","es_419","it_IT","ar_TD","en_SZ","fr_WF","ru_MD","es_SV","es_CW","ml_IN","en_CH","en_SG","pt_BR","en_IO","bn_IN","ar_PS","en_TR","ar_KW","es_DO","en_GM","it_SM","ms_MY","sl_SI","en_MT","es_BM","es_UY","en_PN","es_HT","en_KR","en_SH","en_VU","es_KN","fr_BL","en_NL","ca_FR","en_AG","fr_KM","fr_SC","fr_CD","ko_KP","or_IN","nb_SJ","zh-Hant_CN","en_BR","ru_RU","fr_TN","en_MU","ar_DZ","en_SI","hr_BA","en_VC","ar_ER","es_NI","fr_HT","en_TT","ar_SO","ca_AD","fr_FR","da_DK","en_BS","en_MV","es_BO","nl_CW","nb_NO","de_LU","en_CK","ar_JO","pt_GQ","fr_MQ","zh_SG","ms_ID","en_AI","fr_CF","ko_KR","en_MW","en_UM","en_SK","en_CL","en_NO","fr_MR","en_TV","fr_SY","en_TC","fr_CG","nl_SX","es_BQ","en_MX","en_BB","sv_SE","de_AT","ru_BY","en_PR","ar_YE","lt_LT","nl_AW","ar_OM","en_SL","en_CM","ru_KZ","ar_DJ","ar_BH","ru_KG","en_IT","pt_MZ","en_TW","fr_PM","id_ID","es_AG","pt_PT","en_DE","fr_CH","en_GR","en_RU","gu_IN","en_MY","es_BR"],"SupportedLanguages":["ur","lt","ja","id","mr","ms","hi","es-419","es","pl","ca","ta","fr","en-IN","or","fr-CA","da","bg","te","kk-Cyrl","pt-BR","zh-Hant-HK","hr","gu","de","th","sk","ro","sl","nb","kk","en-GB","hu","zh-HK","bn","ar","it","kn","ko","uk","pa","ru","vi","zh-Hans","zh-Hant","en-AU","ml","pt-PT","tr","fi","en-US","el","cs","sv","nl","he","en","es-US"]}
[19:28:09] 000081...: Batch Activate hoàn tất thành công.
[19:28:10] 000081...: time="2026-09-04T19:28:07+07:00" level=warning msg="go-ios agent is not running. You might need to start it with 'ios tunnel start' for ios17+. Use ENABLE_GO_IOS_AGENT=user for userspace tunnel or ENABLE_GO_IOS_AGENT=kernel for kernel tunnel for the experimental daemon mode."
time="2026-09-04T19:28:07+07:00" level=warning msg="failed to get tunnel info" udid=00008101-00195C1036E8001E
time="2026-09-04T19:28:07+07:00" level=info msg="device is activated:true"
time="2026-09-04T19:28:07+07:00" level=info msg="send flush request"
time="2026-09-04T19:28:07+07:00" level=info msg="get cloud config"
"ok"
[19:28:10] 000081...: RUN: C:\TIKTOOL PRO V4\ios.exe lang --setlocale=ja_JP --setlang=ja --udid=00008101-00195C1036E8001E --nojson
[19:28:21] 000081...: time="2026-09-04T19:28:10+07:00" level=warning msg="go-ios agent is not running. You might need to start it with 'ios tunnel start' for ios17+. Use ENABLE_GO_IOS_AGENT=user for userspace tunnel or ENABLE_GO_IOS_AGENT=kernel for kernel tunnel for the experimental daemon mode."
time="2026-09-04T19:28:10+07:00" level=warning msg="failed to get tunnel info" udid=00008101-00195C1036E8001E
{"Language":"ja","Locale":"ja_JP","SupportedLocales":["sv_AX","en_CN","ro_RO","en_VG","es_VC","fr_MA","en_AL","es_TT","ar_SS","fr_VU","en_GS","fr_CI","en_BW","en_JM","es_BS","en_BD","en_MG","en_PT","en_HK","ru_UA","fr_GN","ar_LB","en_CO","en_KE","en_NR","fr_MU","en_FI","nl_BQ","en_WS","en_DG","ar_SA","en_RW","en_ZM","en_BE","en_ER","en_MH","el_CY","nl_NL","pt_AO","bn_BD","en_KY","es_CL","en_VI","en_FJ","es_VE","fr_MC","en_TZ","en_ID","es_TC","zh_TW","en_GU","es_GQ","en_GB","mr_IN","ko_CN","es_MX","en_ES","es_BB","es_PR","fr_GP","pt_GW","fi_FI","en_FK","en_NA","zh_CN","en_IE","en_LR","en_TH","ca_IT","ar_KM","en_BZ","de_CH","da_GL","en_US","en_JP","en_BG","ar_QA","en_PW","ar_TN","te_IN","fr_GQ","de_LI","cs_CZ","hu_HU","zh_HK","en_NU","es_VG","ta_IN","ar_EG","ro_MD","en_LS","fr_CM","ar_SD","en_GD","ar_IL","ar_LY","en_UA","fr_TD","pt_LU","es_PA","ta_SG","en_KI","es_CO","en_FM","fr_MF","ar_EH","tr_CY","en_LT","es_IC","en_DK","pt_ST","es_GT","fr_YT","en_GE","ms_BN","en_BI","he_IL","pt_TL","en_SS","es_KY","kk_KZ","en_CA","es_VI","ar_MR","fr_MG","zh-Hant_JP","hr_HR","en_AR","en_TK","ar_SY","fr_SN","en_GY","pt_CV","en_MM","es_ES","fr_DZ","ar_AE","en_001","en_PG","zh-Hant_MY","fr_RW","ca_ES","fr_GA","en_SA","fr_BE","hi_IN","en_AS","pt_MO","en_LV","ta_LK","en_DM","en_LC","en_GG","tr_TR","es_BZ","zh-Hans_MO","es_US","en_150","it_CH","fr_TG","en_EE","it_VA","en_PH","es_HN","sv_FI","en_CV","ms_SG","en_SB","fr_RE","en_CC","fr_BF","en_NF","es_CR","es_EA","en_AT","ar_MA","nl_BE","en_GH","es_GD","th_TH","en_ZA","pt_FR","en_MO","es_003","de_IT","es_PE","de_DE","en_SC","en_NZ","en_NG","en_AU","el_GR","en_GI","ar_001","en_BM","ar_IQ","en_MP","es_PY","fr_DJ","es_EC","vi_VN","en_US_POSIX","en_CX","en_KN","en_SD","en_FR","es_CA","kn_IN","en_IL","es_AR","en_TO","zh-Hans_HK","es_GY","bg_BG","fr_NC","ta_MY","en_BN","en_UG","en_HU","uk_UA","en_SX","en_PK","en_CY","en_SE","sk_SK","es_CU","fr_BI","fr_ML","de_BE","en_IM","fr_PF","es_DM","es_LC","en_ZW","fr_CA","pl_PL","pt_CH","zh-Hans_JP","ja_JP","en_JE","fr_LU","nl_SR","en_PL","zh_MO","en_CZ","fr_GF","es_PH","fr_BJ","en_IN","zh-Hans_MY","en_AE","en_RO","fr_NE","en_MS","es_419","it_IT","ar_TD","en_SZ","fr_WF","ru_MD","es_SV","en_SG","es_CW","en_CH","ml_IN","pt_BR","en_IO","bn_IN","en_TR","ar_PS","ar_KW","es_DO","en_GM","it_SM","ms_MY","es_UY","en_MT","es_BM","sl_SI","en_PN","es_HT","en_KR","en_SH","en_VU","es_KN","fr_BL","en_NL","ca_FR","en_AG","fr_KM","fr_SC","fr_CD","ko_KP","or_IN","nb_SJ","zh-Hant_CN","en_MU","ru_RU","fr_TN","ar_DZ","en_BR","en_SI","en_VC","es_NI","ar_ER","hr_BA","fr_HT","en_TT","ar_SO","ca_AD","fr_FR","da_DK","en_BS","es_BO","nl_CW","nb_NO","en_MV","de_LU","en_CK","pt_GQ","ar_JO","fr_MQ","zh_SG","ms_ID","en_AI","fr_CF","ko_KR","en_MW","en_UM","en_SK","en_CL","en_NO","fr_MR","en_TV","fr_SY","en_TC","fr_CG","nl_SX","en_MX","ar_YE","es_BQ","sv_SE","de_AT","en_PR","ru_BY","ar_DJ","lt_LT","ar_OM","en_SL","nl_AW","en_CM","ru_KZ","en_BB","ar_BH","ru_KG","id_ID","en_IT","en_TW","pt_MZ","fr_PM","pt_PT","es_AG","en_DE","fr_CH","gu_IN","en_RU","en_GR","en_MY","es_BR"],"SupportedLanguages":["ur","lt","ja","id","mr","ms","hi","es-419","es","pl","ca","ta","fr","en-IN","or","fr-CA","da","bg","te","kk-Cyrl","pt-BR","zh-Hant-HK","hr","gu","de","th","sk","ro","sl","nb","kk","en-GB","hu","zh-HK","bn","ar","it","kn","ko","uk","pa","ru","vi","zh-Hans","zh-Hant","en-AU","ml","pt-PT","tr","fi","en-US","el","cs","sv","nl","he","en","es-US"]}
[19:28:21] 000081...: Batch Activate hoàn tất thành công.
[19:28:21] 000081...: Đã ngắt kết nối.
[19:28:22] 000081...: time="2026-09-04T19:28:00+07:00" level=warning msg="go-ios agent is not running. You might need to start it with 'ios tunnel start' for ios17+. Use ENABLE_GO_IOS_AGENT=user for userspace tunnel or ENABLE_GO_IOS_AGENT=kernel for kernel tunnel for the experimental daemon mode."
time="2026-09-04T19:28:00+07:00" level=warning msg="failed to get tunnel info" udid=00008101-000434C12120001E
time="2026-09-04T19:28:22+07:00" level=info msg="Handshake errorEOF"
time="2026-09-04T19:28:22+07:00" level=fatal msg="failed getting language" err="Lockdown connection failed with: Failed connecting to Lockdown with error code:2"
[19:28:22] 000081...: Đặt ngôn ngữ sau Activate thất bại!
[19:28:22] 000081...: Đã ngắt kết nối.
[19:28:22] 000081...: Đã ngắt kết nối.
[19:28:23] 000081...: Đã ngắt kết nối.
[19:28:23] 000081...: Đã ngắt kết nối.
[19:28:23] 000081...: Đã ngắt kết nối.
[19:28:23] 000081...: Đã ngắt kết nối.
[19:28:24] 000081...: Đã ngắt kết nối.
[19:28:24] 000081...: Đã ngắt kết nối.
[19:28:24] 000081...: Đã ngắt kết nối.
[19:28:37] 000081...: Kết nối: iPhone • iOS 26.6.1
[19:28:38] 000081...: Kết nối: iPhone • iOS 26.6.1
[19:28:40] 000081...: Kết nối: iPhone • iOS 26.6.1
[19:28:41] 000081...: Kết nối: iPhone • iOS 26.6.1
[19:28:43] 000081...: Kết nối: iPhone • iOS 26.6.1
[19:28:44] 000081...: Kết nối: iPhone • iOS 26.6.1
[19:28:45] 000081...: Kết nối: iPhone • iOS 26.6.1
[19:28:45] 000081...: Kết nối: iPhone • iOS 26.6.1
[19:28:47] 000081...: Kết nối: iPhone • iOS 26.6.1
[19:28:49] 000081...: Kết nối: iPhone • iOS 26.6.1
[19:28:54] SYSTEM...: Restore chuyển kho: B ➜ A | 99 bản backup | 10 máy ghép nối
[19:28:55] 000081...: SUCCESS: Validated pairing with device 00008101-000101C61E44001E
[19:28:55] 000081...: Đang tạo bản staging riêng; backup gốc chỉ được đọc...
[19:28:55] 000081...: SUCCESS: Validated pairing with device 00008101-000124C011A3001E
[19:28:55] 000081...: Đang tạo bản staging riêng; backup gốc chỉ được đọc...
[19:28:55] 000081...: SUCCESS: Validated pairing with device 00008101-000E41E036E8001E
[19:28:55] 000081...: Đang tạo bản staging riêng; backup gốc chỉ được đọc...
[19:28:55] 000081...: SUCCESS: Validated pairing with device 00008101-000C55A12E91003A
[19:28:55] 000081...: Đang tạo bản staging riêng; backup gốc chỉ được đọc...
[19:29:08] 000081...: [=                                                 ]   1% Finished
[19:29:09] 000081...: [=                                                 ]   1% Finished
[19:29:09] 000081...: [=                                                 ]   1% Finished
[19:29:09] 000081...: [===                                               ]   6% Finished
[19:29:09] 000081...: [=                                                 ]   1% Finished
[19:29:10] 000081...: [======                                            ]  11% Finished
[19:29:10] 000081...: [===                                               ]   6% Finished
[19:29:10] 000081...: [====                                              ]   6% Finished
[19:29:11] 000081...: [===                                               ]   6% Finished
[19:29:11] 000081...: [==========                                        ]  19% Finished
[19:29:11] 000081...: [======                                            ]  11% Finished
[19:29:12] 000081...: [======                                            ]  11% Finished
[19:29:12] 000081...: [======                                            ]  11% Finished
[19:29:12] 000081...: [==========                                        ]  19% Finished
[19:29:13] 000081...: [==========                                        ]  19% Finished
[19:29:13] 000081...: [=========                                         ]  18% Finished
[19:29:14] 000081...: [====================                              ]  39% Finished
[19:29:14] 000081...: [====================                              ]  38% Finished
[19:29:15] 000081...: [=======================                           ]  44% Finished
[19:29:15] 000081...: [===================                               ]  37% Finished
[19:29:15] 000081...: [=======================                           ]  45% Finished
[19:29:15] 000081...: [====================                              ]  39% Finished
[19:29:16] 000081...: [======================                            ]  42% Finished
[19:29:16] 000081...: [=======================                           ]  45% Finished
[19:29:19] 000081...: [=========================                         ]  49% Finished
[19:29:19] 000081...: [===========================                       ]  53% Finished
[19:29:20] 000081...: [============================                      ]  54% Finished
[19:29:20] 000081...: [==============================                    ]  58% Finished
[19:29:20] 000081...: [========================                          ]  47% Finished
[19:29:20] 000081...: [=========================                         ]  50% Finished
[19:29:20] 000081...: [==============================                    ]  59% Finished
[19:29:20] 000081...: [===========================                       ]  53% Finished
[19:29:20] 000081...: [================================                  ]  63% Finished
[19:29:21] 000081...: [============================                      ]  55% Finished
[19:29:21] 000081...: [==============================                    ]  58% Finished
[19:29:21] 000081...: [==============================                    ]  60% Finished
[19:29:21] 000081...: [================================                  ]  63% Finished
[19:29:22] 000081...: [========================================          ]  78% Finished
[19:29:22] 000081...: [========================================          ]  78% Finished
[19:29:23] 000081...: [==========================================        ]  83% Finished
[19:29:23] 000081...: [======================================            ]  75% Finished
[19:29:23] 000081...: [========================================          ]  79% Finished
[19:29:24] 000081...: [==========================================        ]  83% Finished
[19:29:24] 000081...: [===============================================   ]  94% Finished
[19:29:24] 000081...: [===============================================   ]  94% Finished
[19:29:25] 000081...: [===========================================       ]  85% Finished
[19:29:25] 000081...: [===============================================   ]  94% Finished
[19:29:25] 000081...: [=========================================         ]  82% Finished
[19:29:25] 000081...: [===============================================   ]  93% Finished
[19:29:26] 000081...: [==================================================]  99% Finished
[19:29:37] 000081...: [==================================================]  99% Finished
[19:29:37] 000081...: [==================================================] 100% Finished
[19:29:37] 000081...: Restore Successful.
[19:29:37] 000081...: Khôi phục dữ liệu Restore hoàn tất thành công.
[19:29:38] 000081...: [==================================================]  99% Finished
[19:29:38] 000081...: [==================================================] 100% Finished
[19:29:38] 000081...: Restore Successful.
[19:29:38] 000081...: Khôi phục dữ liệu Restore hoàn tất thành công.
[19:29:39] 000081...: [==================================================] 100% Finished
[19:29:39] 000081...: Restore Successful.
[19:29:39] 000081...: Khôi phục dữ liệu Restore hoàn tất thành công.
[19:29:39] 000081...: [==================================================] 100% Finished
[19:29:39] 000081...: [==================================================] 100% Finished
[19:29:39] 000081...: Restore Successful.
[19:29:39] 000081...: Khôi phục dữ liệu Restore hoàn tất thành công.
[19:29:39] 000081...: Đã chuyển kho thành công: B ➔ Kho đối diện:
210_iPhone_hcmnng665
[19:29:39] 000081...: ✓ Đã chuyển iPhone thứ 21 qua Kho đối diện thành công!
[19:29:40] 000081...: SUCCESS: Validated pairing with device 00008101-000C0D0C3C86001E
[19:29:40] 000081...: Đang tạo bản staging riêng; backup gốc chỉ được đọc...
[19:29:40] 000081...: Đã chuyển kho thành công: B ➔ Kho đối diện:
213_iPhone_thithanhhng797
[19:29:40] 000081...: ✓ Đã chuyển iPhone thứ 22 qua Kho đối diện thành công!
[19:29:40] 000081...: SUCCESS: Validated pairing with device 00008101-00012CE20202001E
[19:29:40] 000081...: Đang tạo bản staging riêng; backup gốc chỉ được đọc...
[19:29:42] 000081...: Đã chuyển kho thành công: B ➔ Kho đối diện:
211_iPhone_trnthbothoa7771
[19:29:42] 000081...: ✓ Đã chuyển iPhone thứ 23 qua Kho đối diện thành công!
[19:29:42] 000081...: SUCCESS: Validated pairing with device 00008101-000508C23CE0001E
[19:29:42] 000081...: Đang tạo bản staging riêng; backup gốc chỉ được đọc...
[19:29:42] 000081...: Đã chuyển kho thành công: B ➔ Kho đối diện:
212_iPhone_kimkhnh1023
[19:29:42] 000081...: ✓ Đã chuyển iPhone thứ 24 qua Kho đối diện thành công!
[19:29:42] 000081...: SUCCESS: Validated pairing with device 00008101-000E10A41E78001E
[19:29:42] 000081...: Đang tạo bản staging riêng; backup gốc chỉ được đọc...
[19:29:47] 000081...: Đã ngắt kết nối.
[19:29:47] 000081...: Đã ngắt kết nối.
[19:29:48] 000081...: Đã ngắt kết nối.
[19:29:49] 000081...: Đã ngắt kết nối.
[19:29:54] 000081...: [=                                                 ]   1% Finished
[19:29:54] 000081...: [=                                                 ]   1% Finished
[19:29:55] 000081...: [=                                                 ]   1% Finished
[19:29:55] 000081...: [====                                              ]   6% Finished
[19:29:55] 000081...: [===                                               ]   6% Finished
[19:29:56] 000081...: [======                                            ]  11% Finished
[19:29:56] 000081...: [=========                                         ]  16% Finished
[19:29:56] 000081...: [=                                                 ]   1% Finished
[19:29:56] 000081...: [====                                              ]   6% Finished
[19:29:56] 000081...: [==========                                        ]  18% Finished
[19:29:57] 000081...: [============                                      ]  23% Finished
[19:29:57] 000081...: [======                                            ]  11% Finished
[19:29:57] 000081...: [==                                                ]   3% Finished
[19:29:58] 000081...: [======                                            ]  11% Finished
[19:29:59] 000081...: [==========                                        ]  18% Finished
[19:29:59] 000081...: [============                                      ]  23% Finished
[19:29:59] 000081...: [====================                              ]  39% Finished
[19:29:59] 000081...: [============                                      ]  23% Finished
[19:29:59] 000081...: [===================                               ]  38% Finished
[19:29:59] 000081...: [==========                                        ]  18% Finished
[19:30:00] 000081...: [=======================                           ]  44% Finished
[19:30:01] 000081...: [======================                            ]  43% Finished
[19:30:01] 000081...: [===================                               ]  37% Finished
[19:30:01] 000081...: [========================                          ]  48% Finished
[19:30:01] 000081...: [============                                      ]  24% Finished
[19:30:01] 000081...: [====================                              ]  39% Finished
[19:30:01] 000081...: [======================                            ]  42% Finished
[19:30:02] 000081...: [=======================                           ]  44% Finished
[19:30:04] 000081...: [===========================                       ]  52% Finished
[19:30:05] 000081...: [============================                      ]  54% Finished
[19:30:05] 000081...: [=============================                     ]  57% Finished
[19:30:05] 000081...: [==============================                    ]  59% Finished
[19:30:05] 000081...: [===============================                   ]  62% Finished
[19:30:06] 000081...: [========================                          ]  48% Finished
[19:30:06] 000081...: [==========================                        ]  50% Finished
[19:30:06] 000081...: [=========================                         ]  49% Finished
[19:30:06] 000081...: [============================                      ]  55% Finished
[19:30:06] 000081...: [============================                      ]  54% Finished
[19:30:07] 000081...: [==============================                    ]  60% Finished
[19:30:07] 000081...: [==============================                    ]  59% Finished
[19:30:07] 000081...: [========================================          ]  79% Finished
[19:30:07] 000081...: [========================================          ]  79% Finished
[19:30:08] 000081...: Kết nối: iPhone • iOS 26.6.1
[19:30:08] 000081...: [===========================================       ]  84% Finished
[19:30:08] 000081...: [======================================            ]  75% Finished
[19:30:08] 000081...: [================================                  ]  64% Finished
[19:30:09] 000081...: [===========================================       ]  85% Finished
[19:30:09] 000081...: [========================================          ]  78% Finished
[19:30:09] 000081...: [===============================================   ]  93% Finished
[19:30:10] 000081...: [===============================================   ]  93% Finished
[19:30:10] 000081...: [==================================================]  98% Finished
[19:30:10] 000081...: [==================================================] 100% Finished
[19:30:10] 000081...: Kết nối: iPhone • iOS 26.6.1
[19:30:11] 000081...: [=========================================         ]  82% Finished
[19:30:11] 000081...: [===============================================   ]  93% Finished
[19:30:11] 000081...: [===========================================       ]  84% Finished
[19:30:11] 000081...: [===============================================   ]  93% Finished
[19:30:11] 000081...: [==================================================]  98% Finished
[19:30:11] 000081...: Kết nối: iPhone • iOS 26.6.1
[19:30:18] 000081...: Kết nối: iPhone • iOS 26.6.1
[19:30:23] 000081...: [==================================================] 100% Finished
[19:30:23] 000081...: [==================================================] 100% Finished
[19:30:23] 000081...: Restore Successful.
[19:30:23] 000081...: Khôi phục dữ liệu Restore hoàn tất thành công.
[19:30:23] 000081...: [==================================================] 100% Finished
[19:30:23] 000081...: Restore Successful.
[19:30:23] 000081...: Khôi phục dữ liệu Restore hoàn tất thành công.
[19:30:25] 000081...: [==================================================] 100% Finished
[19:30:25] 000081...: [==================================================] 100% Finished
[19:30:25] 000081...: Restore Successful.
[19:30:25] 000081...: Khôi phục dữ liệu Restore hoàn tất thành công.
[19:30:25] 000081...: [==================================================] 100% Finished
[19:30:25] 000081...: [==================================================] 100% Finished
[19:30:25] 000081...: Restore Successful.
[19:30:25] 000081...: Khôi phục dữ liệu Restore hoàn tất thành công.
[19:30:25] 000081...: Đã chuyển kho thành công: B ➔ Kho đối diện:
219_iPhone_bnhdimkhu315
[19:30:25] 000081...: ✓ Đã chuyển iPhone thứ 25 qua Kho đối diện thành công!
[19:30:25] 000081...: SUCCESS: Validated pairing with device 00008101-000D08DA1180001E
[19:30:25] 000081...: Đang tạo bản staging riêng; backup gốc chỉ được đọc...
[19:30:26] 000081...: Đã chuyển kho thành công: B ➔ Kho đối diện:
217_iPhone_phmtuytthy908
[19:30:26] 000081...: ✓ Đã chuyển iPhone thứ 26 qua Kho đối diện thành công!
[19:30:26] 000081...: SUCCESS: Validated pairing with device 00008101-000B05581468001E
[19:30:26] 000081...: Đang tạo bản staging riêng; backup gốc chỉ được đọc...
[19:30:27] 000081...: Đã chuyển kho thành công: B ➔ Kho đối diện:
220_iPhone_tiudimtrang569
[19:30:27] 000081...: ✓ Đã chuyển iPhone thứ 27 qua Kho đối diện thành công!
[19:30:28] 000081...: Đã chuyển kho thành công: B ➔ Kho đối diện:
215_iPhone_trmtngvi518
[19:30:28] 000081...: ✓ Đã chuyển iPhone thứ 28 qua Kho đối diện thành công!
[19:30:33] 000081...: Đã ngắt kết nối.
[19:30:33] 000081...: Đã ngắt kết nối.
[19:30:34] 000081...: Đã ngắt kết nối.
[19:30:35] 000081...: Đã ngắt kết nối.
[19:30:38] 000081...: [=                                                 ]   1% Finished
[19:30:39] 000081...: [====                                              ]   7% Finished
[19:30:40] 000081...: [=                                                 ]   1% Finished
[19:30:40] 000081...: [=========                                         ]  17% Finished
[19:30:40] 000081...: [============                                      ]  23% Finished
[19:30:41] 000081...: [====================                              ]  38% Finished
[19:30:41] 000081...: [====                                              ]   7% Finished
[19:30:42] 000081...: [======================                            ]  44% Finished
[19:30:42] 000081...: [==========                                        ]  18% Finished
[19:30:42] 000081...: [============                                      ]  23% Finished
[19:30:43] 000081...: [====================                              ]  39% Finished
[19:30:44] 000081...: [=======================                           ]  44% Finished
[19:30:46] 000081...: [=========================                         ]  49% Finished
[19:30:46] 000081...: [============================                      ]  55% Finished
[19:30:47] 000081...: [===============================                   ]  60% Finished
[19:30:48] 000081...: [========================================          ]  79% Finished
[19:30:48] 000081...: [=========================                         ]  49% Finished
[19:30:48] 000081...: [============================                      ]  54% Finished
[19:30:49] 000081...: [==============================                    ]  59% Finished
[19:30:49] 000081...: [==========================================        ]  84% Finished
[19:30:50] 000081...: [================================================  ]  94% Finished
[19:30:51] 000081...: [========================================          ]  79% Finished
[19:30:52] 000081...: [===========================================       ]  84% Finished
[19:30:52] 000081...: [===============================================   ]  94% Finished
[19:30:55] 000081...: Kết nối: iPhone • iOS 26.6.1
[19:30:55] 000081...: Kết nối: iPhone • iOS 26.6.1
[19:30:55] 000081...: Kết nối: iPhone • iOS 26.6.1
[19:30:58] 000081...: Kết nối: iPhone • iOS 26.6.1
[19:31:03] 000081...: [==================================================]  99% Finished
[19:31:03] 000081...: [==================================================] 100% Finished
[19:31:03] 000081...: Restore Successful.
[19:31:03] 000081...: Khôi phục dữ liệu Restore hoàn tất thành công.
[19:31:04] 000081...: Đã chuyển kho thành công: B ➔ Kho đối diện:
214_iPhone_htrcqun4415
[19:31:04] 000081...: ✓ Đã chuyển iPhone thứ 29 qua Kho đối diện thành công!
[19:31:05] 000081...: [==================================================] 100% Finished
[19:31:05] 000081...: [==================================================] 100% Finished
[19:31:05] 000081...: Restore Successful.
[19:31:05] 000081...: Khôi phục dữ liệu Restore hoàn tất thành công.
[19:31:06] 000081...: Đã chuyển kho thành công: B ➔ Kho đối diện:
216_iPhone_trntmoan6674
[19:31:06] 000081...: ✓ Đã chuyển iPhone thứ 30 qua Kho đối diện thành công!
[19:31:13] 000081...: Đã ngắt kết nối.
[19:31:15] 000081...: Đã ngắt kết nối.
[19:31:31] SYSTEM...: Bắt đầu Batch Activate cho toàn bộ thiết bị...
[19:31:31] 000081...: RUN: C:\TIKTOOL PRO V4\ideviceactivation.exe activate -u 00008101-000101C61E44001E -b
[19:31:31] 000081...: RUN: C:\TIKTOOL PRO V4\ideviceactivation.exe activate -u 00008101-000C55A12E91003A -b
[19:31:31] 000081...: RUN: C:\TIKTOOL PRO V4\ideviceactivation.exe activate -u 00008101-000124C011A3001E -b
[19:31:31] 000081...: RUN: C:\TIKTOOL PRO V4\ideviceactivation.exe activate -u 00008101-000E41E036E8001E -b
[19:31:35] 000081...: Kết nối: iPhone • iOS 26.6.1
[19:31:37] 000081...: NOTE: This device appears to be already activated. The server might report an error 'Device Unknown' instead of acknowledging the activation.
Activation server reports that device is already activated.
[19:31:37] 000081...: RUN: C:\TIKTOOL PRO V4\ios.exe prepare --skip-all --udid=00008101-000101C61E44001E --nojson
[19:31:37] 000081...: NOTE: This device appears to be already activated. The server might report an error 'Device Unknown' instead of acknowledging the activation.
Activation server reports that device is already activated.
[19:31:37] 000081...: RUN: C:\TIKTOOL PRO V4\ios.exe prepare --skip-all --udid=00008101-000C55A12E91003A --nojson
[19:31:38] 000081...: Kết nối: iPhone • iOS 26.6.1
[19:31:39] 000081...: NOTE: This device appears to be already activated. The server might report an error 'Device Unknown' instead of acknowledging the activation.
Activation server reports that device is already activated.
[19:31:39] 000081...: RUN: C:\TIKTOOL PRO V4\ios.exe prepare --skip-all --udid=00008101-000E41E036E8001E --nojson
[19:31:40] 000081...: NOTE: This device appears to be already activated. The server might report an error 'Device Unknown' instead of acknowledging the activation.
Activation server reports that device is already activated.
[19:31:40] 000081...: RUN: C:\TIKTOOL PRO V4\ios.exe prepare --skip-all --udid=00008101-000124C011A3001E --nojson
[19:31:41] 000081...: time="2026-09-04T19:31:37+07:00" level=warning msg="go-ios agent is not running. You might need to start it with 'ios tunnel start' for ios17+. Use ENABLE_GO_IOS_AGENT=user for userspace tunnel or ENABLE_GO_IOS_AGENT=kernel for kernel tunnel for the experimental daemon mode."
time="2026-09-04T19:31:37+07:00" level=warning msg="failed to get tunnel info" udid=00008101-000101C61E44001E
time="2026-09-04T19:31:37+07:00" level=info msg="device is activated:true"
time="2026-09-04T19:31:38+07:00" level=info msg="send flush request"
time="2026-09-04T19:31:38+07:00" level=info msg="get cloud config"
"ok"
[19:31:41] 000081...: RUN: C:\TIKTOOL PRO V4\ios.exe lang --setlocale=ja_JP --setlang=ja --udid=00008101-000101C61E44001E --nojson
[19:31:43] 000081...: time="2026-09-04T19:31:38+07:00" level=warning msg="go-ios agent is not running. You might need to start it with 'ios tunnel start' for ios17+. Use ENABLE_GO_IOS_AGENT=user for userspace tunnel or ENABLE_GO_IOS_AGENT=kernel for kernel tunnel for the experimental daemon mode."
time="2026-09-04T19:31:38+07:00" level=warning msg="failed to get tunnel info" udid=00008101-000C55A12E91003A
time="2026-09-04T19:31:38+07:00" level=info msg="device is activated:true"
time="2026-09-04T19:31:38+07:00" level=info msg="send flush request"
time="2026-09-04T19:31:38+07:00" level=info msg="get cloud config"
"ok"
[19:31:43] 000081...: RUN: C:\TIKTOOL PRO V4\ios.exe lang --setlocale=ja_JP --setlang=ja --udid=00008101-000C55A12E91003A --nojson
[19:31:48] 000081...: time="2026-09-04T19:31:39+07:00" level=warning msg="go-ios agent is not running. You might need to start it with 'ios tunnel start' for ios17+. Use ENABLE_GO_IOS_AGENT=user for userspace tunnel or ENABLE_GO_IOS_AGENT=kernel for kernel tunnel for the experimental daemon mode."
time="2026-09-04T19:31:39+07:00" level=warning msg="failed to get tunnel info" udid=00008101-000E41E036E8001E
time="2026-09-04T19:31:39+07:00" level=info msg="device is activated:true"
time="2026-09-04T19:31:39+07:00" level=info msg="send flush request"
time="2026-09-04T19:31:40+07:00" level=info msg="get cloud config"
"ok"
[19:31:48] 000081...: RUN: C:\TIKTOOL PRO V4\ios.exe lang --setlocale=ja_JP --setlang=ja --udid=00008101-000E41E036E8001E --nojson
[19:31:52] 000081...: time="2026-09-04T19:31:42+07:00" level=warning msg="go-ios agent is not running. You might need to start it with 'ios tunnel start' for ios17+. Use ENABLE_GO_IOS_AGENT=user for userspace tunnel or ENABLE_GO_IOS_AGENT=kernel for kernel tunnel for the experimental daemon mode."
time="2026-09-04T19:31:42+07:00" level=warning msg="failed to get tunnel info" udid=00008101-000101C61E44001E
{"Language":"ja","Locale":"ja_JP","SupportedLocales":["sv_AX","en_CN","ro_RO","en_VG","es_VC","fr_MA","en_AL","es_TT","ar_SS","fr_VU","fr_CI","en_GS","en_BW","en_JM","es_BS","en_BD","en_MG","en_PT","ar_LB","fr_GN","en_HK","ru_UA","en_CO","en_KE","en_NR","fr_MU","en_FI","nl_BQ","en_WS","en_DG","ar_SA","en_RW","en_ZM","en_BE","en_ER","bn_BD","en_MH","pt_AO","nl_NL","el_CY","en_KY","es_CL","en_VI","es_VE","en_FJ","fr_MC","en_TZ","en_ID","es_TC","zh_TW","en_GU","es_GQ","en_GB","mr_IN","ko_CN","es_MX","en_ES","es_BB","es_PR","fr_GP","pt_GW","fi_FI","en_FK","en_NA","zh_CN","en_IE","en_LR","en_TH","ca_IT","ar_KM","en_BZ","de_CH","da_GL","te_IN","en_BG","en_US","ar_QA","en_PW","en_JP","ar_TN","fr_GQ","de_LI","cs_CZ","en_NU","zh_HK","hu_HU","es_VG","ta_IN","ar_EG","ro_MD","en_LS","fr_CM","ar_SD","en_GD","ar_IL","ar_LY","en_UA","fr_TD","pt_LU","es_PA","ta_SG","en_KI","es_CO","en_FM","fr_MF","tr_CY","ar_EH","en_LT","es_IC","en_DK","pt_ST","es_GT","fr_YT","en_GE","ms_BN","en_BI","he_IL","pt_TL","en_SS","es_KY","kk_KZ","en_CA","es_VI","zh-Hant_JP","fr_MG","ar_MR","hr_HR","en_AR","ar_SY","fr_SN","en_TK","en_GY","pt_CV","fr_DZ","en_MM","es_ES","ar_AE","en_001","zh-Hant_MY","ca_ES","fr_RW","en_PG","fr_GA","en_SA","fr_BE","hi_IN","en_AS","pt_MO","en_LV","ta_LK","en_DM","en_LC","en_GG","es_BZ","tr_TR","it_CH","zh-Hans_MO","en_150","it_VA","fr_TG","en_EE","es_US","en_PH","es_EA","es_HN","en_CV","ms_SG","sv_FI","en_SB","en_CC","fr_RE","en_NF","es_CR","fr_BF","en_AT","ar_MA","nl_BE","en_GH","es_GD","th_TH","pt_FR","en_ZA","en_MO","es_003","de_IT","es_PE","de_DE","en_NZ","en_SC","en_NG","en_AU","el_GR","en_GI","ar_001","en_BM","ar_IQ","en_MP","es_PY","fr_DJ","es_EC","vi_VN","en_US_POSIX","en_CX","en_KN","en_SD","en_FR","es_CA","kn_IN","en_IL","es_AR","en_TO","zh-Hans_HK","es_GY","bg_BG","fr_NC","en_BN","ta_MY","en_UG","en_HU","en_PK","en_SX","uk_UA","en_CY","en_SE","sk_SK","es_CU","fr_BI","fr_ML","en_IM","de_BE","fr_PF","es_DM","es_LC","en_ZW","fr_CA","pl_PL","pt_CH","zh-Hans_JP","en_JE","nl_SR","fr_LU","ja_JP","en_PL","es_PH","en_CZ","fr_GF","zh_MO","fr_BJ","en_IN","zh-Hans_MY","en_AE","fr_NE","en_RO","en_MS","es_419","it_IT","ar_TD","en_SZ","fr_WF","ru_MD","es_SV","en_SG","ml_IN","en_CH","es_CW","pt_BR","en_IO","bn_IN","ar_PS","en_TR","ar_KW","es_DO","en_GM","it_SM","ms_MY","sl_SI","es_UY","en_MT","es_BM","en_PN","es_HT","en_KR","en_SH","en_VU","es_KN","fr_BL","en_NL","ca_FR","en_AG","fr_KM","fr_SC","fr_CD","ko_KP","or_IN","nb_SJ","en_BR","en_MU","ru_RU","fr_TN","zh-Hant_CN","ar_DZ","en_SI","hr_BA","en_VC","ar_ER","es_NI","fr_HT","en_TT","ar_SO","ca_AD","fr_FR","da_DK","en_BS","en_MV","es_BO","nb_NO","nl_CW","de_LU","en_CK","ar_JO","pt_GQ","fr_MQ","zh_SG","ms_ID","en_AI","fr_CF","ko_KR","en_MW","en_UM","en_SK","en_CL","en_NO","fr_MR","en_TV","fr_SY","en_TC","fr_CG","nl_SX","es_BQ","en_MX","ru_BY","en_BB","de_AT","en_PR","ar_YE","ar_DJ","sv_SE","ar_OM","lt_LT","en_SL","en_CM","ru_KZ","nl_AW","ar_BH","ru_KG","en_IT","pt_MZ","fr_PM","en_TW","id_ID","es_AG","pt_PT","en_DE","en_GR","fr_CH","en_RU","gu_IN","en_MY","es_BR"],"SupportedLanguages":["ur","lt","ja","id","mr","ms","hi","es-419","es","pl","ca","ta","fr","en-IN","or","fr-CA","da","bg","te","kk-Cyrl","pt-BR","zh-Hant-HK","hr","gu","de","th","sk","ro","sl","nb","kk","en-GB","hu","zh-HK","bn","ar","it","kn","ko","uk","pa","ru","vi","zh-Hans","zh-Hant","en-AU","ml","pt-PT","tr","fi","en-US","el","cs","sv","nl","he","en","es-US"]}
[19:31:52] 000081...: Batch Activate hoàn tất thành công.
[19:31:52] 000081...: RUN: C:\TIKTOOL PRO V4\ideviceactivation.exe activate -u 00008101-000C0D0C3C86001E -b
[19:31:55] 000081...: time="2026-09-04T19:31:40+07:00" level=warning msg="go-ios agent is not running. You might need to start it with 'ios tunnel start' for ios17+. Use ENABLE_GO_IOS_AGENT=user for userspace tunnel or ENABLE_GO_IOS_AGENT=kernel for kernel tunnel for the experimental daemon mode."
time="2026-09-04T19:31:40+07:00" level=warning msg="failed to get tunnel info" udid=00008101-000124C011A3001E
time="2026-09-04T19:31:40+07:00" level=info msg="device is activated:true"
time="2026-09-04T19:31:40+07:00" level=info msg="send flush request"
time="2026-09-04T19:31:41+07:00" level=info msg="get cloud config"
"ok"
[19:31:55] 000081...: RUN: C:\TIKTOOL PRO V4\ios.exe lang --setlocale=ja_JP --setlang=ja --udid=00008101-000124C011A3001E --nojson
[19:31:57] 000081...: NOTE: This device appears to be already activated. The server might report an error 'Device Unknown' instead of acknowledging the activation.
Activation server reports that device is already activated.
[19:31:57] 000081...: RUN: C:\TIKTOOL PRO V4\ios.exe prepare --skip-all --udid=00008101-000C0D0C3C86001E --nojson
[19:32:15] 000081...: time="2026-09-04T19:31:57+07:00" level=warning msg="go-ios agent is not running. You might need to start it with 'ios tunnel start' for ios17+. Use ENABLE_GO_IOS_AGENT=user for userspace tunnel or ENABLE_GO_IOS_AGENT=kernel for kernel tunnel for the experimental daemon mode."
time="2026-09-04T19:31:57+07:00" level=warning msg="failed to get tunnel info" udid=00008101-000C0D0C3C86001E
time="2026-09-04T19:31:57+07:00" level=info msg="device is activated:true"
time="2026-09-04T19:31:57+07:00" level=info msg="send flush request"
time="2026-09-04T19:32:08+07:00" level=info msg="get cloud config"
"ok"
[19:32:15] 000081...: RUN: C:\TIKTOOL PRO V4\ios.exe lang --setlocale=ja_JP --setlang=ja --udid=00008101-000C0D0C3C86001E --nojson
[19:32:16] 000081...: time="2026-09-04T19:31:48+07:00" level=warning msg="go-ios agent is not running. You might need to start it with 'ios tunnel start' for ios17+. Use ENABLE_GO_IOS_AGENT=user for userspace tunnel or ENABLE_GO_IOS_AGENT=kernel for kernel tunnel for the experimental daemon mode."
time="2026-09-04T19:31:48+07:00" level=warning msg="failed to get tunnel info" udid=00008101-000E41E036E8001E
{"Language":"ja","Locale":"ja_JP","SupportedLocales":["sv_AX","en_CN","ro_RO","en_VG","es_VC","fr_MA","en_AL","es_TT","ar_SS","fr_VU","en_GS","fr_CI","en_BW","en_JM","es_BS","en_BD","en_MG","en_PT","en_HK","ar_LB","fr_GN","ru_UA","en_CO","en_KE","en_NR","fr_MU","en_FI","nl_BQ","en_WS","en_DG","ar_SA","en_RW","en_ZM","en_BE","en_ER","bn_BD","en_MH","nl_NL","pt_AO","el_CY","en_KY","es_CL","en_VI","en_FJ","es_VE","fr_MC","en_TZ","en_ID","es_TC","zh_TW","en_GU","es_GQ","en_GB","mr_IN","ko_CN","es_MX","en_ES","es_BB","es_PR","fr_GP","pt_GW","fi_FI","en_FK","en_NA","zh_CN","en_IE","ca_IT","en_TH","en_LR","ar_KM","en_BZ","de_CH","da_GL","te_IN","en_US","en_BG","ar_QA","en_PW","ar_TN","en_JP","fr_GQ","de_LI","cs_CZ","hu_HU","zh_HK","en_NU","es_VG","ta_IN","ar_EG","ro_MD","en_LS","fr_CM","ar_SD","en_GD","ar_IL","ar_LY","en_UA","fr_TD","pt_LU","es_PA","ta_SG","en_KI","es_CO","en_FM","fr_MF","tr_CY","ar_EH","en_LT","es_IC","en_DK","pt_ST","es_GT","en_GE","fr_YT","ms_BN","en_BI","he_IL","pt_TL","en_SS","es_KY","kk_KZ","en_CA","es_VI","zh-Hant_JP","fr_MG","ar_MR","en_AR","hr_HR","ar_SY","en_TK","fr_SN","en_GY","pt_CV","en_MM","fr_DZ","ar_AE","es_ES","zh-Hant_MY","ca_ES","en_001","fr_RW","en_PG","fr_GA","en_SA","fr_BE","hi_IN","en_AS","pt_MO","en_LV","ta_LK","en_DM","en_LC","en_GG","tr_TR","es_BZ","zh-Hans_MO","es_US","it_CH","en_150","fr_TG","en_EE","it_VA","en_PH","es_EA","es_HN","en_CV","ms_SG","sv_FI","fr_RE","en_CC","en_SB","en_NF","fr_BF","es_CR","en_AT","ar_MA","nl_BE","en_GH","th_TH","en_ZA","pt_FR","es_GD","en_MO","es_003","de_IT","es_PE","de_DE","en_SC","en_NZ","en_NG","en_AU","el_GR","en_GI","ar_001","en_BM","ar_IQ","en_MP","es_PY","fr_DJ","es_EC","vi_VN","en_US_POSIX","en_CX","en_KN","en_SD","en_FR","es_CA","kn_IN","en_IL","es_AR","en_TO","zh-Hans_HK","es_GY","bg_BG","fr_NC","ta_MY","en_BN","en_UG","en_HU","uk_UA","en_SX","en_PK","en_CY","en_SE","sk_SK","es_CU","fr_BI","fr_ML","de_BE","en_IM","fr_PF","es_DM","es_LC","en_ZW","fr_CA","pl_PL","pt_CH","nl_SR","en_JE","ja_JP","fr_LU","zh-Hans_JP","en_PL","es_PH","en_CZ","fr_GF","zh_MO","fr_BJ","en_IN","zh-Hans_MY","en_AE","fr_NE","en_RO","en_MS","es_419","it_IT","ar_TD","en_SZ","fr_WF","ru_MD","ml_IN","en_SG","es_CW","en_CH","es_SV","pt_BR","en_IO","ar_PS","en_TR","bn_IN","ar_KW","es_DO","en_GM","it_SM","ms_MY","sl_SI","es_BM","es_UY","en_MT","en_PN","es_HT","en_KR","en_SH","en_VU","es_KN","fr_BL","en_NL","ca_FR","en_AG","fr_KM","fr_SC","fr_CD","ko_KP","or_IN","nb_SJ","zh-Hant_CN","en_MU","en_BR","fr_TN","ar_DZ","ru_RU","en_SI","hr_BA","es_NI","en_VC","ar_ER","fr_HT","en_TT","ar_SO","ca_AD","fr_FR","da_DK","en_BS","nl_CW","en_MV","es_BO","nb_NO","de_LU","pt_GQ","ar_JO","en_CK","fr_MQ","zh_SG","ms_ID","en_AI","fr_CF","ko_KR","en_MW","en_UM","en_SK","en_CL","en_NO","fr_MR","en_TV","fr_SY","en_TC","fr_CG","nl_SX","es_BQ","en_MX","ru_BY","sv_SE","de_AT","ar_YE","en_PR","ar_DJ","lt_LT","ar_OM","en_SL","nl_AW","en_CM","ru_KZ","en_BB","ar_BH","ru_KG","en_IT","id_ID","pt_MZ","en_TW","fr_PM","es_AG","pt_PT","en_DE","fr_CH","en_GR","en_RU","gu_IN","en_MY","es_BR"],"SupportedLanguages":["ur","lt","ja","id","mr","ms","hi","es-419","es","pl","ca","ta","fr","en-IN","or","fr-CA","da","bg","te","kk-Cyrl","pt-BR","zh-Hant-HK","hr","gu","de","th","sk","ro","sl","nb","kk","en-GB","hu","zh-HK","bn","ar","it","kn","ko","uk","pa","ru","vi","zh-Hans","zh-Hant","en-AU","ml","pt-PT","tr","fi","en-US","el","cs","sv","nl","he","en","es-US"]}
[19:32:16] 000081...: Batch Activate hoàn tất thành công.
[19:32:16] 000081...: RUN: C:\TIKTOOL PRO V4\ideviceactivation.exe activate -u 00008101-00012CE20202001E -b
[19:32:23] 000081...: NOTE: This device appears to be already activated. The server might report an error 'Device Unknown' instead of acknowledging the activation.
Activation server reports that device is already activated.
[19:32:23] 000081...: RUN: C:\TIKTOOL PRO V4\ios.exe prepare --skip-all --udid=00008101-00012CE20202001E --nojson
[19:32:29] 000081...: time="2026-09-04T19:32:23+07:00" level=warning msg="go-ios agent is not running. You might need to start it with 'ios tunnel start' for ios17+. Use ENABLE_GO_IOS_AGENT=user for userspace tunnel or ENABLE_GO_IOS_AGENT=kernel for kernel tunnel for the experimental daemon mode."
time="2026-09-04T19:32:23+07:00" level=warning msg="failed to get tunnel info" udid=00008101-00012CE20202001E
time="2026-09-04T19:32:23+07:00" level=info msg="device is activated:true"
time="2026-09-04T19:32:23+07:00" level=info msg="send flush request"
time="2026-09-04T19:32:23+07:00" level=info msg="get cloud config"
"ok"
[19:32:29] 000081...: RUN: C:\TIKTOOL PRO V4\ios.exe lang --setlocale=ja_JP --setlang=ja --udid=00008101-00012CE20202001E --nojson
[19:32:32] 000081...: time="2026-09-04T19:31:55+07:00" level=warning msg="go-ios agent is not running. You might need to start it with 'ios tunnel start' for ios17+. Use ENABLE_GO_IOS_AGENT=user for userspace tunnel or ENABLE_GO_IOS_AGENT=kernel for kernel tunnel for the experimental daemon mode."
time="2026-09-04T19:31:55+07:00" level=warning msg="failed to get tunnel info" udid=00008101-000124C011A3001E
{"Language":"ja","Locale":"ja_JP","SupportedLocales":["sv_AX","en_CN","ro_RO","en_VG","es_VC","fr_MA","en_AL","es_TT","ar_SS","fr_VU","fr_CI","en_GS","en_BW","en_JM","es_BS","en_BD","en_MG","en_PT","ar_LB","fr_GN","ru_UA","en_HK","en_CO","en_KE","en_NR","fr_MU","en_FI","nl_BQ","en_WS","en_DG","ar_SA","en_RW","en_ZM","en_BE","en_ER","bn_BD","el_CY","pt_AO","nl_NL","en_MH","en_KY","es_CL","en_VI","es_VE","en_FJ","fr_MC","en_TZ","en_ID","es_TC","en_GU","zh_TW","es_GQ","ko_CN","mr_IN","en_GB","es_MX","en_ES","es_BB","es_PR","fr_GP","pt_GW","fi_FI","en_FK","en_NA","zh_CN","en_IE","en_LR","en_TH","ca_IT","ar_KM","en_BZ","en_JP","da_GL","te_IN","en_US","en_BG","ar_QA","en_PW","de_CH","ar_TN","fr_GQ","de_LI","cs_CZ","en_NU","zh_HK","hu_HU","es_VG","ta_IN","ar_EG","ro_MD","en_LS","fr_CM","ar_SD","en_GD","ar_IL","ar_LY","en_UA","fr_TD","pt_LU","es_PA","ta_SG","en_KI","es_CO","en_FM","fr_MF","ar_EH","tr_CY","en_LT","es_IC","en_DK","pt_ST","es_GT","fr_YT","en_GE","ms_BN","en_BI","he_IL","pt_TL","en_SS","es_KY","kk_KZ","en_CA","es_VI","zh-Hant_JP","fr_MG","ar_MR","hr_HR","en_AR","ar_SY","fr_SN","en_TK","en_GY","pt_CV","en_MM","es_ES","ar_AE","fr_DZ","en_001","en_PG","ca_ES","fr_RW","zh-Hant_MY","fr_GA","en_SA","fr_BE","hi_IN","en_AS","pt_MO","en_LV","ta_LK","en_DM","en_LC","en_GG","es_BZ","tr_TR","it_CH","zh-Hans_MO","en_150","it_VA","fr_TG","en_EE","es_US","en_PH","es_EA","sv_FI","en_CV","ms_SG","es_CR","fr_RE","en_CC","fr_BF","en_NF","es_HN","en_SB","en_AT","ar_MA","nl_BE","en_GH","es_GD","en_ZA","pt_FR","th_TH","en_MO","es_003","de_IT","es_PE","de_DE","en_NZ","en_SC","en_NG","en_AU","el_GR","en_GI","ar_001","en_BM","ar_IQ","en_MP","es_PY","fr_DJ","es_EC","en_US_POSIX","vi_VN","en_CX","en_KN","en_SD","en_FR","es_CA","kn_IN","en_IL","es_AR","en_TO","zh-Hans_HK","bg_BG","es_GY","fr_NC","en_BN","ta_MY","en_UG","en_HU","en_PK","uk_UA","en_SX","en_CY","es_CU","en_SE","sk_SK","fr_BI","fr_ML","de_BE","en_IM","fr_PF","es_DM","es_LC","en_ZW","fr_CA","pl_PL","pt_CH","nl_SR","ja_JP","zh-Hans_JP","fr_LU","en_JE","en_PL","es_PH","zh_MO","fr_GF","en_CZ","fr_BJ","en_IN","zh-Hans_MY","en_AE","fr_NE","en_RO","en_MS","es_419","it_IT","ar_TD","en_SZ","fr_WF","ru_MD","ml_IN","en_SG","es_CW","en_CH","es_SV","pt_BR","en_IO","bn_IN","ar_PS","en_TR","ar_KW","es_DO","en_GM","it_SM","ms_MY","sl_SI","es_UY","en_MT","es_BM","en_PN","es_HT","en_KR","en_SH","es_KN","en_VU","fr_BL","en_NL","ca_FR","en_AG","fr_KM","fr_SC","fr_CD","ko_KP","or_IN","en_BR","nb_SJ","en_MU","ru_RU","fr_TN","ar_DZ","zh-Hant_CN","en_SI","en_VC","es_NI","ar_ER","hr_BA","fr_HT","en_TT","ar_SO","ca_AD","fr_FR","da_DK","en_BS","nl_CW","es_BO","nb_NO","en_MV","de_LU","en_CK","ar_JO","pt_GQ","fr_MQ","zh_SG","ms_ID","en_AI","fr_CF","ko_KR","en_MW","en_UM","en_SK","en_CL","en_NO","fr_MR","en_TV","fr_SY","en_TC","fr_CG","nl_SX","es_BQ","ar_YE","ru_BY","sv_SE","de_AT","en_BB","en_PR","ar_DJ","lt_LT","nl_AW","ar_OM","en_SL","en_CM","ru_KZ","en_MX","ar_BH","ru_KG","pt_MZ","en_IT","fr_PM","en_TW","id_ID","es_AG","pt_PT","en_DE","fr_CH","en_GR","en_RU","gu_IN","en_MY","es_BR"],"SupportedLanguages":["ur","lt","ja","id","mr","ms","hi","es-419","es","pl","ca","ta","fr","en-IN","or","fr-CA","da","bg","te","kk-Cyrl","pt-BR","zh-Hant-HK","hr","gu","de","th","sk","ro","sl","nb","kk","en-GB","hu","zh-HK","bn","ar","it","kn","ko","uk","pa","ru","vi","zh-Hans","zh-Hant","en-AU","ml","pt-PT","tr","fi","en-US","el","cs","sv","nl","he","en","es-US"]}
[19:32:32] 000081...: Batch Activate hoàn tất thành công.
[19:32:32] 000081...: RUN: C:\TIKTOOL PRO V4\ideviceactivation.exe activate -u 00008101-000E10A41E78001E -b
[19:32:38] 000081...: NOTE: This device appears to be already activated. The server might report an error 'Device Unknown' instead of acknowledging the activation.
Activation server reports that device is already activated.
[19:32:38] 000081...: RUN: C:\TIKTOOL PRO V4\ios.exe prepare --skip-all --udid=00008101-000E10A41E78001E --nojson
[19:32:41] 000081...: time="2026-09-04T19:32:38+07:00" level=warning msg="go-ios agent is not running. You might need to start it with 'ios tunnel start' for ios17+. Use ENABLE_GO_IOS_AGENT=user for userspace tunnel or ENABLE_GO_IOS_AGENT=kernel for kernel tunnel for the experimental daemon mode."
time="2026-09-04T19:32:38+07:00" level=warning msg="failed to get tunnel info" udid=00008101-000E10A41E78001E
time="2026-09-04T19:32:38+07:00" level=info msg="device is activated:true"
time="2026-09-04T19:32:38+07:00" level=info msg="send flush request"
time="2026-09-04T19:32:38+07:00" level=info msg="get cloud config"
"ok"
[19:32:41] 000081...: RUN: C:\TIKTOOL PRO V4\ios.exe lang --setlocale=ja_JP --setlang=ja --udid=00008101-000E10A41E78001E --nojson
[19:32:45] 000081...: time="2026-09-04T19:32:15+07:00" level=warning msg="go-ios agent is not running. You might need to start it with 'ios tunnel start' for ios17+. Use ENABLE_GO_IOS_AGENT=user for userspace tunnel or ENABLE_GO_IOS_AGENT=kernel for kernel tunnel for the experimental daemon mode."
time="2026-09-04T19:32:15+07:00" level=warning msg="failed to get tunnel info" udid=00008101-000C0D0C3C86001E
{"Language":"ja","Locale":"ja_JP","SupportedLocales":["sv_AX","en_CN","ro_RO","en_VG","es_VC","fr_MA","en_AL","es_TT","ar_SS","fr_VU","fr_CI","en_GS","en_BW","en_JM","es_BS","en_BD","en_MG","en_PT","ar_LB","fr_GN","ru_UA","en_HK","en_CO","en_KE","en_NR","fr_MU","en_FI","nl_BQ","en_WS","en_DG","ar_SA","en_RW","en_ZM","en_BE","en_ER","bn_BD","el_CY","nl_NL","pt_AO","en_MH","en_KY","es_CL","en_VI","en_FJ","es_VE","fr_MC","en_TZ","en_ID","es_TC","en_GU","zh_TW","es_GQ","en_GB","ko_CN","mr_IN","es_MX","en_ES","es_BB","es_PR","fr_GP","pt_GW","fi_FI","en_FK","en_NA","zh_CN","en_IE","en_LR","en_TH","ca_IT","ar_KM","en_BZ","de_CH","en_JP","te_IN","en_US","en_BG","da_GL","en_PW","ar_TN","ar_QA","fr_GQ","de_LI","cs_CZ","hu_HU","zh_HK","en_NU","es_VG","ta_IN","ar_EG","ro_MD","en_LS","fr_CM","ar_SD","en_GD","ar_IL","ar_LY","en_UA","fr_TD","pt_LU","es_PA","ta_SG","en_KI","es_CO","en_FM","fr_MF","tr_CY","ar_EH","en_LT","es_IC","en_DK","pt_ST","es_GT","fr_YT","en_GE","ms_BN","en_BI","he_IL","pt_TL","en_SS","es_KY","kk_KZ","en_CA","es_VI","zh-Hant_JP","ar_MR","fr_MG","hr_HR","en_AR","ar_SY","fr_SN","en_TK","en_GY","pt_CV","en_MM","fr_DZ","ar_AE","es_ES","en_001","zh-Hant_MY","ca_ES","en_PG","fr_RW","fr_GA","en_SA","fr_BE","hi_IN","en_AS","pt_MO","en_LV","ta_LK","en_DM","en_LC","en_GG","tr_TR","es_BZ","it_CH","es_US","en_150","it_VA","fr_TG","en_EE","zh-Hans_MO","en_PH","es_EA","sv_FI","en_CV","es_HN","es_CR","fr_RE","en_CC","fr_BF","en_NF","en_SB","ms_SG","en_AT","ar_MA","nl_BE","en_GH","th_TH","en_ZA","pt_FR","es_GD","en_MO","de_IT","es_003","es_PE","de_DE","en_SC","en_NZ","en_NG","en_AU","el_GR","en_GI","ar_001","en_BM","ar_IQ","en_MP","es_PY","fr_DJ","es_EC","vi_VN","en_US_POSIX","en_CX","en_KN","en_SD","en_FR","es_CA","kn_IN","en_IL","es_AR","en_TO","zh-Hans_HK","es_GY","bg_BG","fr_NC","ta_MY","en_BN","en_UG","en_HU","uk_UA","en_SX","en_PK","en_CY","en_SE","sk_SK","es_CU","fr_BI","fr_ML","de_BE","en_IM","fr_PF","es_DM","es_LC","en_ZW","fr_CA","pl_PL","pt_CH","nl_SR","ja_JP","zh-Hans_JP","fr_LU","en_JE","en_PL","es_PH","zh_MO","fr_GF","en_CZ","fr_BJ","en_IN","zh-Hans_MY","en_AE","fr_NE","en_RO","en_MS","es_419","it_IT","ar_TD","en_SZ","fr_WF","ru_MD","ml_IN","es_CW","es_SV","en_SG","en_CH","pt_BR","en_IO","bn_IN","en_TR","ar_PS","ar_KW","es_DO","en_GM","it_SM","ms_MY","es_UY","en_MT","es_BM","sl_SI","en_PN","es_HT","en_KR","en_SH","en_VU","es_KN","fr_BL","en_NL","ca_FR","en_AG","fr_KM","fr_SC","fr_CD","ko_KP","or_IN","nb_SJ","zh-Hant_CN","en_BR","ru_RU","fr_TN","ar_DZ","en_MU","en_SI","en_VC","es_NI","ar_ER","hr_BA","fr_HT","en_TT","ar_SO","ca_AD","fr_FR","da_DK","en_BS","en_MV","es_BO","nb_NO","nl_CW","de_LU","pt_GQ","ar_JO","en_CK","fr_MQ","zh_SG","ms_ID","en_AI","fr_CF","ko_KR","en_MW","en_UM","en_SK","en_CL","en_NO","fr_MR","en_TV","fr_SY","en_TC","fr_CG","nl_SX","es_BQ","en_MX","en_BB","ru_BY","de_AT","en_PR","sv_SE","ar_YE","ar_DJ","nl_AW","en_SL","ar_OM","en_CM","ru_KZ","lt_LT","ar_BH","ru_KG","pt_MZ","id_ID","fr_PM","en_TW","en_IT","pt_PT","es_AG","en_DE","fr_CH","en_GR","en_RU","gu_IN","en_MY","es_BR"],"SupportedLanguages":["ur","lt","ja","id","mr","ms","hi","es-419","es","pl","ca","ta","fr","en-IN","or","fr-CA","da","bg","te","kk-Cyrl","pt-BR","zh-Hant-HK","hr","gu","de","th","sk","ro","sl","nb","kk","en-GB","hu","zh-HK","bn","ar","it","kn","ko","uk","pa","ru","vi","zh-Hans","zh-Hant","en-AU","ml","pt-PT","tr","fi","en-US","el","cs","sv","nl","he","en","es-US"]}
[19:32:45] 000081...: Batch Activate hoàn tất thành công.
[19:32:45] 000081...: RUN: C:\TIKTOOL PRO V4\ideviceactivation.exe activate -u 00008101-000508C23CE0001E -b
[19:32:50] 000081...: NOTE: This device appears to be already activated. The server might report an error 'Device Unknown' instead of acknowledging the activation.
Activation server reports that device is already activated.
[19:32:50] 000081...: RUN: C:\TIKTOOL PRO V4\ios.exe prepare --skip-all --udid=00008101-000508C23CE0001E --nojson
[19:32:51] 000081...: time="2026-09-04T19:32:50+07:00" level=warning msg="go-ios agent is not running. You might need to start it with 'ios tunnel start' for ios17+. Use ENABLE_GO_IOS_AGENT=user for userspace tunnel or ENABLE_GO_IOS_AGENT=kernel for kernel tunnel for the experimental daemon mode."
time="2026-09-04T19:32:50+07:00" level=warning msg="failed to get tunnel info" udid=00008101-000508C23CE0001E
time="2026-09-04T19:32:50+07:00" level=info msg="device is activated:true"
time="2026-09-04T19:32:50+07:00" level=info msg="send flush request"
time="2026-09-04T19:32:50+07:00" level=info msg="get cloud config"
"ok"
[19:32:51] 000081...: RUN: C:\TIKTOOL PRO V4\ios.exe lang --setlocale=ja_JP --setlang=ja --udid=00008101-000508C23CE0001E --nojson
[19:32:53] 000081...: time="2026-09-04T19:32:41+07:00" level=warning msg="go-ios agent is not running. You might need to start it with 'ios tunnel start' for ios17+. Use ENABLE_GO_IOS_AGENT=user for userspace tunnel or ENABLE_GO_IOS_AGENT=kernel for kernel tunnel for the experimental daemon mode."
time="2026-09-04T19:32:41+07:00" level=warning msg="failed to get tunnel info" udid=00008101-000E10A41E78001E
{"Language":"ja","Locale":"ja_JP","SupportedLocales":["sv_AX","en_CN","ro_RO","en_VG","es_VC","fr_MA","en_AL","es_TT","ar_SS","fr_VU","fr_CI","en_GS","en_BW","en_JM","es_BS","en_BD","en_MG","en_PT","en_HK","ru_UA","ar_LB","fr_GN","en_CO","en_KE","en_NR","fr_MU","en_FI","nl_BQ","en_WS","en_DG","ar_SA","en_RW","en_ZM","en_BE","bn_BD","en_MH","el_CY","pt_AO","nl_NL","en_ER","en_KY","es_CL","en_VI","en_FJ","es_VE","fr_MC","en_TZ","en_ID","es_TC","en_GU","zh_TW","es_GQ","en_GB","ko_CN","mr_IN","es_MX","en_ES","es_BB","es_PR","fr_GP","pt_GW","fi_FI","en_FK","en_NA","zh_CN","en_IE","en_LR","ca_IT","en_TH","ar_KM","en_BZ","de_CH","da_GL","te_IN","en_BG","en_US","ar_QA","en_PW","ar_TN","en_JP","fr_GQ","de_LI","cs_CZ","en_NU","zh_HK","hu_HU","es_VG","ta_IN","ar_EG","ro_MD","en_LS","fr_CM","ar_SD","en_GD","ar_IL","ar_LY","en_UA","fr_TD","pt_LU","es_PA","ta_SG","en_KI","es_CO","en_FM","fr_MF","tr_CY","ar_EH","en_LT","es_IC","en_DK","pt_ST","es_GT","fr_YT","en_GE","ms_BN","en_BI","he_IL","pt_TL","en_SS","es_KY","kk_KZ","en_CA","es_VI","zh-Hant_JP","fr_MG","ar_MR","hr_HR","en_AR","en_TK","fr_SN","ar_SY","en_GY","pt_CV","en_MM","es_ES","ar_AE","fr_DZ","en_001","zh-Hant_MY","en_PG","fr_RW","ca_ES","fr_GA","en_SA","fr_BE","hi_IN","en_AS","pt_MO","en_LV","ta_LK","en_DM","en_LC","en_GG","es_BZ","tr_TR","zh-Hans_MO","es_US","en_150","it_VA","fr_TG","en_EE","it_CH","en_PH","es_EA","sv_FI","en_CV","ms_SG","es_CR","en_SB","en_CC","fr_BF","fr_RE","es_HN","en_NF","en_AT","ar_MA","nl_BE","en_GH","th_TH","en_ZA","pt_FR","es_GD","en_MO","es_003","de_IT","es_PE","de_DE","en_NZ","en_SC","en_NG","en_AU","el_GR","en_GI","ar_001","en_BM","ar_IQ","en_MP","es_PY","fr_DJ","es_EC","vi_VN","en_US_POSIX","en_CX","en_KN","en_SD","en_FR","es_CA","kn_IN","en_IL","es_AR","en_TO","zh-Hans_HK","bg_BG","es_GY","fr_NC","ta_MY","en_BN","en_UG","en_HU","en_PK","uk_UA","en_SX","en_CY","en_SE","es_CU","sk_SK","fr_BI","fr_ML","en_IM","de_BE","fr_PF","es_DM","es_LC","en_ZW","fr_CA","pl_PL","zh-Hans_JP","nl_SR","ja_JP","en_JE","fr_LU","pt_CH","en_PL","es_PH","zh_MO","fr_GF","en_CZ","fr_BJ","en_IN","zh-Hans_MY","en_AE","fr_NE","en_RO","en_MS","es_419","it_IT","ar_TD","en_SZ","fr_WF","es_SV","ru_MD","en_SG","es_CW","en_CH","ml_IN","pt_BR","en_IO","ar_PS","en_TR","bn_IN","ar_KW","es_DO","en_GM","it_SM","ms_MY","es_UY","es_BM","sl_SI","en_MT","en_PN","es_HT","en_KR","en_SH","en_VU","es_KN","fr_BL","en_NL","ca_FR","en_AG","fr_KM","fr_SC","fr_CD","ko_KP","or_IN","nb_SJ","zh-Hant_CN","en_MU","en_BR","fr_TN","ar_DZ","ru_RU","en_SI","en_VC","es_NI","hr_BA","ar_ER","fr_HT","en_TT","ar_SO","ca_AD","fr_FR","da_DK","en_BS","nl_CW","en_MV","es_BO","nb_NO","de_LU","en_CK","ar_JO","pt_GQ","fr_MQ","zh_SG","ms_ID","en_AI","fr_CF","ko_KR","en_MW","en_UM","en_SK","en_CL","en_NO","fr_MR","en_TV","fr_SY","en_TC","fr_CG","nl_SX","es_BQ","en_MX","ru_BY","sv_SE","en_BB","de_AT","en_PR","ar_DJ","lt_LT","nl_AW","ar_OM","en_SL","en_CM","ru_KZ","ar_YE","ar_BH","ru_KG","en_IT","pt_MZ","en_TW","fr_PM","id_ID","es_AG","pt_PT","en_DE","en_GR","fr_CH","en_RU","gu_IN","en_MY","es_BR"],"SupportedLanguages":["ur","lt","ja","id","mr","ms","hi","es-419","es","pl","ca","ta","fr","en-IN","or","fr-CA","da","bg","te","kk-Cyrl","pt-BR","zh-Hant-HK","hr","gu","de","th","sk","ro","sl","nb","kk","en-GB","hu","zh-HK","bn","ar","it","kn","ko","uk","pa","ru","vi","zh-Hans","zh-Hant","en-AU","ml","pt-PT","tr","fi","en-US","el","cs","sv","nl","he","en","es-US"]}
[19:32:53] 000081...: Batch Activate hoàn tất thành công.
[19:33:01] 000081...: time="2026-09-04T19:32:51+07:00" level=warning msg="go-ios agent is not running. You might need to start it with 'ios tunnel start' for ios17+. Use ENABLE_GO_IOS_AGENT=user for userspace tunnel or ENABLE_GO_IOS_AGENT=kernel for kernel tunnel for the experimental daemon mode."
time="2026-09-04T19:32:51+07:00" level=warning msg="failed to get tunnel info" udid=00008101-000508C23CE0001E
{"Language":"ja","Locale":"ja_JP","SupportedLocales":["sv_AX","en_CN","ro_RO","en_VG","es_VC","fr_MA","en_AL","es_TT","ar_SS","fr_VU","fr_CI","en_GS","en_BW","en_JM","es_BS","en_BD","en_MG","en_PT","en_HK","ar_LB","fr_GN","ru_UA","en_CO","en_KE","en_NR","fr_MU","en_FI","nl_BQ","en_WS","en_DG","ar_SA","en_RW","en_ZM","en_BE","el_CY","en_MH","bn_BD","nl_NL","pt_AO","en_ER","en_KY","es_CL","en_VI","en_FJ","es_VE","fr_MC","en_TZ","en_ID","es_TC","zh_TW","en_GU","es_GQ","en_GB","mr_IN","ko_CN","es_MX","en_ES","es_BB","es_PR","fr_GP","pt_GW","fi_FI","en_FK","en_NA","zh_CN","en_IE","ca_IT","en_TH","en_LR","ar_KM","en_BZ","de_CH","da_GL","te_IN","en_JP","en_BG","en_US","en_PW","ar_TN","ar_QA","fr_GQ","de_LI","cs_CZ","en_NU","zh_HK","hu_HU","es_VG","ta_IN","ar_EG","ro_MD","en_LS","fr_CM","ar_SD","en_GD","ar_IL","ar_LY","en_UA","fr_TD","pt_LU","es_PA","ta_SG","en_KI","es_CO","en_FM","fr_MF","tr_CY","ar_EH","en_LT","es_IC","en_DK","pt_ST","es_GT","fr_YT","en_GE","ms_BN","en_BI","he_IL","pt_TL","en_SS","es_KY","kk_KZ","en_CA","es_VI","zh-Hant_JP","fr_MG","ar_MR","en_AR","hr_HR","ar_SY","fr_SN","en_TK","en_GY","pt_CV","en_MM","es_ES","fr_DZ","ar_AE","en_001","zh-Hant_MY","en_PG","fr_RW","ca_ES","fr_GA","en_SA","fr_BE","hi_IN","en_AS","pt_MO","en_LV","ta_LK","en_DM","en_LC","en_GG","tr_TR","es_BZ","it_CH","zh-Hans_MO","en_150","es_US","fr_TG","en_EE","it_VA","en_PH","es_EA","es_HN","en_CV","ms_SG","es_CR","fr_RE","en_CC","sv_FI","en_NF","en_SB","fr_BF","en_AT","ar_MA","nl_BE","en_GH","th_TH","en_ZA","pt_FR","es_GD","en_MO","es_003","de_IT","es_PE","de_DE","en_SC","en_NZ","en_NG","en_AU","el_GR","en_GI","ar_001","en_BM","ar_IQ","en_MP","es_PY","fr_DJ","es_EC","vi_VN","en_US_POSIX","en_CX","en_KN","en_SD","en_FR","es_CA","kn_IN","en_IL","es_AR","en_TO","zh-Hans_HK","es_GY","bg_BG","fr_NC","en_BN","ta_MY","en_UG","en_HU","en_PK","uk_UA","en_SX","en_CY","en_SE","es_CU","sk_SK","fr_BI","fr_ML","de_BE","en_IM","fr_PF","es_DM","es_LC","en_ZW","fr_CA","pl_PL","pt_CH","nl_SR","en_JE","ja_JP","zh-Hans_JP","fr_LU","en_PL","zh_MO","en_CZ","fr_GF","es_PH","fr_BJ","en_IN","zh-Hans_MY","en_AE","fr_NE","en_RO","en_MS","es_419","it_IT","ar_TD","en_SZ","fr_WF","ru_MD","es_SV","es_CW","en_SG","en_CH","ml_IN","pt_BR","en_IO","bn_IN","ar_PS","en_TR","ar_KW","es_DO","en_GM","it_SM","ms_MY","sl_SI","es_UY","en_MT","es_BM","en_PN","es_HT","en_KR","en_SH","en_VU","es_KN","fr_BL","en_NL","ca_FR","en_AG","fr_KM","fr_SC","fr_CD","ko_KP","or_IN","nb_SJ","zh-Hant_CN","en_MU","en_BR","ru_RU","fr_TN","ar_DZ","en_SI","en_VC","es_NI","ar_ER","hr_BA","fr_HT","en_TT","ar_SO","ca_AD","da_DK","fr_FR","en_BS","nl_CW","en_MV","nb_NO","es_BO","de_LU","pt_GQ","ar_JO","en_CK","fr_MQ","zh_SG","ms_ID","en_AI","fr_CF","ko_KR","en_MW","en_UM","en_SK","en_CL","en_NO","fr_MR","en_TV","fr_SY","en_TC","fr_CG","nl_SX","en_MX","ar_YE","ru_BY","sv_SE","de_AT","en_PR","en_BB","ar_DJ","lt_LT","nl_AW","ar_OM","en_SL","en_CM","ru_KZ","es_BQ","ar_BH","ru_KG","en_IT","id_ID","pt_MZ","fr_PM","en_TW","es_AG","pt_PT","en_DE","en_GR","fr_CH","en_RU","gu_IN","en_MY","es_BR"],"SupportedLanguages":["ur","lt","ja","id","mr","ms","hi","es-419","es","pl","ca","ta","fr","en-IN","or","fr-CA","da","bg","te","kk-Cyrl","pt-BR","zh-Hant-HK","hr","gu","de","th","sk","ro","sl","nb","kk","en-GB","hu","zh-HK","bn","ar","it","kn","ko","uk","pa","ru","vi","zh-Hans","zh-Hant","en-AU","ml","pt-PT","tr","fi","en-US","el","cs","sv","nl","he","en","es-US"]}
[19:33:01] 000081...: Batch Activate hoàn tất thành công.
[19:33:11] 000081...: time="2026-09-04T19:32:29+07:00" level=warning msg="go-ios agent is not running. You might need to start it with 'ios tunnel start' for ios17+. Use ENABLE_GO_IOS_AGENT=user for userspace tunnel or ENABLE_GO_IOS_AGENT=kernel for kernel tunnel for the experimental daemon mode."
time="2026-09-04T19:32:29+07:00" level=warning msg="failed to get tunnel info" udid=00008101-00012CE20202001E
{"Language":"ja","Locale":"ja_JP","SupportedLocales":["sv_AX","en_CN","ro_RO","en_VG","es_VC","fr_MA","en_AL","es_TT","ar_SS","fr_VU","fr_CI","en_GS","en_BW","en_JM","es_BS","en_BD","en_MG","en_PT","en_HK","ar_LB","ru_UA","fr_GN","en_CO","en_KE","en_NR","fr_MU","en_FI","nl_BQ","en_WS","en_DG","ar_SA","en_RW","en_ZM","en_BE","en_ER","bn_BD","en_MH","nl_NL","pt_AO","el_CY","en_KY","es_CL","en_VI","en_FJ","es_VE","fr_MC","en_TZ","en_ID","es_TC","zh_TW","en_GU","es_GQ","en_GB","mr_IN","ko_CN","es_MX","en_ES","es_BB","es_PR","fr_GP","pt_GW","fi_FI","en_FK","en_NA","zh_CN","en_IE","en_LR","en_TH","ca_IT","ar_KM","en_BZ","en_JP","da_GL","te_IN","en_BG","de_CH","ar_QA","ar_TN","en_US","en_PW","fr_GQ","de_LI","cs_CZ","hu_HU","zh_HK","en_NU","es_VG","ta_IN","ar_EG","ro_MD","en_LS","fr_CM","ar_SD","en_GD","ar_IL","ar_LY","en_UA","fr_TD","pt_LU","es_PA","ta_SG","en_KI","es_CO","en_FM","fr_MF","tr_CY","ar_EH","en_LT","es_IC","en_DK","pt_ST","es_GT","fr_YT","en_GE","ms_BN","en_BI","he_IL","pt_TL","en_SS","es_KY","kk_KZ","en_CA","es_VI","zh-Hant_JP","fr_MG","ar_MR","hr_HR","en_AR","ar_SY","fr_SN","en_TK","en_GY","pt_CV","fr_DZ","es_ES","ar_AE","en_MM","en_001","zh-Hant_MY","en_PG","fr_RW","ca_ES","fr_GA","en_SA","fr_BE","hi_IN","en_AS","pt_MO","en_LV","ta_LK","en_DM","en_LC","en_GG","es_BZ","tr_TR","it_CH","zh-Hans_MO","en_150","it_VA","fr_TG","en_EE","es_US","en_PH","es_EA","es_HN","en_CV","ms_SG","es_CR","fr_RE","en_CC","en_SB","fr_BF","en_NF","sv_FI","en_AT","ar_MA","nl_BE","en_GH","es_GD","en_ZA","pt_FR","th_TH","en_MO","es_003","de_IT","es_PE","de_DE","en_NZ","en_SC","en_NG","en_AU","el_GR","en_GI","ar_001","en_BM","ar_IQ","en_MP","es_PY","fr_DJ","es_EC","vi_VN","en_US_POSIX","en_CX","en_KN","en_SD","en_FR","es_CA","kn_IN","en_IL","es_AR","en_TO","zh-Hans_HK","es_GY","bg_BG","fr_NC","en_BN","ta_MY","en_UG","uk_UA","en_PK","en_HU","en_SX","en_CY","en_SE","es_CU","sk_SK","fr_BI","fr_ML","en_IM","de_BE","fr_PF","es_DM","es_LC","en_ZW","fr_CA","pl_PL","pt_CH","zh-Hans_JP","ja_JP","nl_SR","fr_LU","en_JE","en_PL","zh_MO","en_CZ","fr_GF","es_PH","fr_BJ","en_IN","zh-Hans_MY","en_AE","fr_NE","en_RO","en_MS","es_419","it_IT","ar_TD","en_SZ","fr_WF","ru_MD","es_SV","es_CW","en_SG","en_CH","ml_IN","pt_BR","en_IO","bn_IN","ar_PS","en_TR","ar_KW","es_DO","en_GM","it_SM","ms_MY","es_UY","en_MT","sl_SI","es_BM","en_PN","es_HT","en_KR","en_SH","en_VU","es_KN","fr_BL","en_NL","ca_FR","en_AG","fr_KM","fr_SC","fr_CD","ko_KP","or_IN","zh-Hant_CN","nb_SJ","en_MU","en_BR","fr_TN","ar_DZ","ru_RU","en_SI","en_VC","es_NI","ar_ER","hr_BA","fr_HT","en_TT","ar_SO","ca_AD","fr_FR","da_DK","en_BS","en_MV","es_BO","nb_NO","nl_CW","de_LU","pt_GQ","ar_JO","en_CK","fr_MQ","zh_SG","ms_ID","en_AI","fr_CF","ko_KR","en_MW","en_UM","en_SK","en_CL","en_NO","fr_MR","en_TV","fr_SY","en_TC","fr_CG","nl_SX","es_BQ","ar_YE","en_BB","ru_BY","de_AT","en_PR","en_MX","sv_SE","lt_LT","nl_AW","ar_OM","en_SL","en_CM","ru_KZ","ar_DJ","ar_BH","ru_KG","en_IT","id_ID","en_TW","pt_MZ","fr_PM","pt_PT","es_AG","en_DE","fr_CH","en_GR","gu_IN","en_RU","es_BR","en_MY"],"SupportedLanguages":["ur","lt","ja","id","mr","ms","hi","es-419","es","pl","ca","ta","fr","en-IN","or","fr-CA","da","bg","te","kk-Cyrl","pt-BR","zh-Hant-HK","hr","gu","de","th","sk","ro","sl","nb","kk","en-GB","hu","zh-HK","bn","ar","it","kn","ko","uk","pa","ru","vi","zh-Hans","zh-Hant","en-AU","ml","pt-PT","tr","fi","en-US","el","cs","sv","nl","he","en","es-US"]}
[19:33:11] 000081...: Batch Activate hoàn tất thành công.
[19:33:33] 000081...: Đã ngắt kết nối.
[19:33:34] 000081...: Đã ngắt kết nối.
[19:33:34] 000081...: Đã ngắt kết nối.
[19:33:35] 000081...: Đã ngắt kết nối.
[19:33:35] 000081...: Đã ngắt kết nối.
[19:33:35] 000081...: Đã ngắt kết nối.
[19:33:36] 000081...: Đã ngắt kết nối.
[19:33:36] 000081...: Đã ngắt kết nối.
[19:33:36] 000081...: Đã ngắt kết nối.
[19:33:36] 000081...: Đã ngắt kết nối.
[19:33:43] 000081...: time="2026-09-04T19:31:43+07:00" level=warning msg="go-ios agent is not running. You might need to start it with 'ios tunnel start' for ios17+. Use ENABLE_GO_IOS_AGENT=user for userspace tunnel or ENABLE_GO_IOS_AGENT=kernel for kernel tunnel for the experimental daemon mode."
time="2026-09-04T19:31:43+07:00" level=warning msg="failed to get tunnel info" udid=00008101-000C55A12E91003A
Command timed out
[19:33:43] 000081...: Đặt ngôn ngữ sau Activate thất bại!
[19:33:48] 000081...: Kết nối: iPhone • iOS 26.6.1
[19:33:49] 000081...: Kết nối: iPhone • iOS 26.6.1
[19:33:52] 000081...: Kết nối: iPhone • iOS 26.6.1
[19:33:53] 000081...: Kết nối: iPhone • iOS 26.6.1
[19:33:55] 000081...: Kết nối: iPhone • iOS 26.6.1
[19:33:57] 000081...: Kết nối: iPhone • iOS 26.6.1
[19:34:00] 000081...: Kết nối: iPhone • iOS 26.6.1
[19:34:02] 000081...: Kết nối: iPhone • iOS 26.6.1
[19:34:04] 000081...: Kết nối: iPhone • iOS 26.6.1
[19:34:11] 000081...: Kết nối: iPhone • iOS 26.6.1
[19:34:16] SYSTEM...: Restore chuyển kho: B ➜ A | 89 bản backup | 10 máy ghép nối
[19:34:17] 000081...: SUCCESS: Validated pairing with device 00008101-000D59493C50801E
[19:34:17] 000081...: Đang tạo bản staging riêng; backup gốc chỉ được đọc...
[19:34:17] 000081...: SUCCESS: Validated pairing with device 00008101-00115DAA2663001E
[19:34:17] 000081...: Đang tạo bản staging riêng; backup gốc chỉ được đọc...
[19:34:17] 000081...: SUCCESS: Validated pairing with device 00008101-0011548002C1001E
[19:34:17] 000081...: Đang tạo bản staging riêng; backup gốc chỉ được đọc...
[19:34:17] 000081...: SUCCESS: Validated pairing with device 00008101-001D05820EB8001E
[19:34:17] 000081...: Đang tạo bản staging riêng; backup gốc chỉ được đọc...
[19:34:30] 000081...: [=                                                 ]   1% Finished
[19:34:30] 000081...: [=                                                 ]   1% Finished
[19:34:31] 000081...: [==                                                ]   3% Finished
[19:34:31] 000081...: [=                                                 ]   1% Finished
[19:34:31] 000081...: [=                                                 ]   1% Finished
[19:34:31] 000081...: [====                                              ]   6% Finished
[19:34:32] 000081...: [=========                                         ]  16% Finished
[19:34:32] 000081...: [======                                            ]  11% Finished
[19:34:32] 000081...: [===========                                       ]  21% Finished
[19:34:32] 000081...: [====                                              ]   7% Finished
[19:34:32] 000081...: [====                                              ]   6% Finished
[19:34:33] 000081...: [==========                                        ]  18% Finished
[19:34:33] 000081...: [============                                      ]  23% Finished
[19:34:34] 000081...: [======                                            ]  11% Finished
[19:34:35] 000081...: [=========                                         ]  17% Finished
[19:34:35] 000081...: [==========                                        ]  19% Finished
[19:34:35] 000081...: [====================                              ]  38% Finished
[19:34:36] 000081...: [===================                               ]  38% Finished
[19:34:36] 000081...: [=======================                           ]  44% Finished
[19:34:37] 000081...: [===================                               ]  37% Finished
[19:34:37] 000081...: [======================                            ]  44% Finished
[19:34:37] 000081...: [==============                                    ]  26% Finished
[19:34:37] 000081...: [=====================                             ]  41% Finished
[19:34:38] 000081...: [=====================                             ]  42% Finished
[19:34:38] 000081...: [========================                          ]  46% Finished
[19:34:40] 000081...: [=========================                         ]  49% Finished
[19:34:40] 000081...: [============================                      ]  54% Finished
[19:34:41] 000081...: [==============================                    ]  59% Finished
[19:34:41] 000081...: [==========================                        ]  52% Finished
[19:34:42] 000081...: [=============================                     ]  57% Finished
[19:34:42] 000081...: [=========================                         ]  49% Finished
[19:34:42] 000081...: [===============================                   ]  62% Finished
[19:34:42] 000081...: [==========================                        ]  50% Finished
[19:34:42] 000081...: [============================                      ]  56% Finished
[19:34:42] 000081...: [===========================                       ]  54% Finished
[19:34:43] 000081...: [========================================          ]  78% Finished
[19:34:43] 000081...: [==============================                    ]  59% Finished
[19:34:43] 000081...: [===============================                   ]  61% Finished
[19:34:43] 000081...: [==========================================        ]  83% Finished
[19:34:44] 000081...: [========================================          ]  79% Finished
[19:34:45] 000081...: [======================================            ]  75% Finished
[19:34:45] 000081...: [==========================================        ]  84% Finished
[19:34:45] 000081...: [========================================          ]  80% Finished
[19:34:46] 000081...: [===============================================   ]  94% Finished
[19:34:46] 000081...: [==================================================]  99% Finished
[19:34:46] 000081...: [=========================================         ]  81% Finished
[19:34:46] 000081...: [================================================  ]  94% Finished
[19:34:47] 000081...: [===========================================       ]  86% Finished
[19:34:47] 000081...: [===============================================   ]  94% Finished
[19:34:47] 000081...: [============================================      ]  87% Finished
[19:34:47] 000081...: [================================================= ]  96% Finished
[19:34:59] 000081...: [==================================================] 100% Finished
[19:34:59] 000081...: Restore Successful.
[19:34:59] 000081...: Khôi phục dữ liệu Restore hoàn tất thành công.
[19:34:59] 000081...: [==================================================]  99% Finished
[19:34:59] 000081...: [==================================================] 100% Finished
[19:34:59] 000081...: Restore Successful.
[19:34:59] 000081...: Khôi phục dữ liệu Restore hoàn tất thành công.
[19:35:01] 000081...: [==================================================] 100% Finished
[19:35:01] 000081...: [==================================================] 100% Finished
[19:35:01] 000081...: Restore Successful.
[19:35:01] 000081...: Khôi phục dữ liệu Restore hoàn tất thành công.
[19:35:01] 000081...: Đã chuyển kho thành công: B ➔ Kho đối diện:
222_iPhone_lkiuquyn2430
[19:35:01] 000081...: ✓ Đã chuyển iPhone thứ 31 qua Kho đối diện thành công!
[19:35:01] 000081...: ⚡ Auto Activate sau Restore: đang chờ thiết bị reboot...
[19:35:01] 000081...: ⏳ Restore hoàn tất. Bắt đầu đếm ngược (80s) cho iPhone khởi động hoàn toàn...
[19:35:01] 000081...: [==================================================]  99% Finished
[19:35:01] 000081...: [==================================================] 100% Finished
[19:35:01] 000081...: Restore Successful.
[19:35:01] 000081...: Khôi phục dữ liệu Restore hoàn tất thành công.
[19:35:01] 000081...: SUCCESS: Validated pairing with device 00008101-000C604836FA001E
[19:35:01] 000081...: Đang tạo bản staging riêng; backup gốc chỉ được đọc...
[19:35:02] 000081...: Đã chuyển kho thành công: B ➔ Kho đối diện:
224_iPhone_llankhu998
[19:35:02] 000081...: ✓ Đã chuyển iPhone thứ 32 qua Kho đối diện thành công!
[19:35:02] 000081...: ⚡ Auto Activate sau Restore: đang chờ thiết bị reboot...
[19:35:02] 000081...: ⏳ Restore hoàn tất. Bắt đầu đếm ngược (80s) cho iPhone khởi động hoàn toàn...
[19:35:02] 000081...: SUCCESS: Validated pairing with device 00008101-00152C1E21C2001E
[19:35:02] 000081...: Đang tạo bản staging riêng; backup gốc chỉ được đọc...
[19:35:04] 000081...: Đã chuyển kho thành công: B ➔ Kho đối diện:
221_iPhone_phivn580
[19:35:04] 000081...: ✓ Đã chuyển iPhone thứ 33 qua Kho đối diện thành công!
[19:35:04] 000081...: ⚡ Auto Activate sau Restore: đang chờ thiết bị reboot...
[19:35:04] 000081...: ⏳ Restore hoàn tất. Bắt đầu đếm ngược (80s) cho iPhone khởi động hoàn toàn...
[19:35:04] 000081...: Đã chuyển kho thành công: B ➔ Kho đối diện:
243_iPhone_hunhquphng869
[19:35:04] 000081...: ✓ Đã chuyển iPhone thứ 34 qua Kho đối diện thành công!
[19:35:04] 000081...: ⚡ Auto Activate sau Restore: đang chờ thiết bị reboot...
[19:35:04] 000081...: ⏳ Restore hoàn tất. Bắt đầu đếm ngược (80s) cho iPhone khởi động hoàn toàn...
[19:35:04] 000081...: SUCCESS: Validated pairing with device 00008101-000434C12120001E
[19:35:04] 000081...: Đang tạo bản staging riêng; backup gốc chỉ được đọc...
[19:35:04] 000081...: SUCCESS: Validated pairing with device 00008101-000245012293001E
[19:35:04] 000081...: Đang tạo bản staging riêng; backup gốc chỉ được đọc...
[19:35:08] 000081...: Đã ngắt kết nối.
[19:35:09] 000081...: Đã ngắt kết nối.
[19:35:11] 000081...: Đã ngắt kết nối.
[19:35:12] 000081...: Đã ngắt kết nối.
[19:35:14] 000081...: [=                                                 ]   1% Finished
[19:35:15] 000081...: [====                                              ]   6% Finished
[19:35:16] 000081...: [======                                            ]  11% Finished
[19:35:16] 000081...: [=                                                 ]   1% Finished
[19:35:16] 000081...: [=========                                         ]  18% Finished
[19:35:16] 000081...: [=                                                 ]   1% Finished
[19:35:17] 000081...: [=                                                 ]   1% Finished
[19:35:17] 000081...: [====                                              ]   7% Finished
[19:35:18] 000081...: [====                                              ]   7% Finished
[19:35:18] 000081...: [====                                              ]   6% Finished
[19:35:18] 000081...: [===================                               ]  37% Finished
[19:35:19] 000081...: [======                                            ]  11% Finished
[19:35:19] 000081...: [==========                                        ]  18% Finished
[19:35:19] 000081...: [============                                      ]  23% Finished
[19:35:20] 000081...: [======================                            ]  43% Finished
[19:35:20] 000081...: [==========                                        ]  18% Finished
[19:35:20] 000081...: [==========                                        ]  18% Finished
[19:35:21] 000081...: ⏳ Đang chờ iPhone khởi động lại: còn 60s...
[19:35:21] 000081...: [===================                               ]  38% Finished
[19:35:22] 000081...: [===================                               ]  37% Finished
[19:35:22] 000081...: [===================                               ]  37% Finished
[19:35:22] 000081...: ⏳ Đang chờ iPhone khởi động lại: còn 60s...
[19:35:22] 000081...: [=======================                           ]  44% Finished
[19:35:22] 000081...: [======================                            ]  44% Finished
[19:35:23] 000081...: [======================                            ]  43% Finished
[19:35:24] 000081...: [==========================                        ]  50% Finished
[19:35:24] 000081...: ⏳ Đang chờ iPhone khởi động lại: còn 60s...
[19:35:24] 000081...: ⏳ Đang chờ iPhone khởi động lại: còn 60s...
[19:35:24] 000081...: [============================                      ]  55% Finished
[19:35:25] 000081...: [===============================                   ]  60% Finished
[19:35:26] 000081...: [=======================================           ]  76% Finished
[19:35:26] 000081...: [=========================                         ]  49% Finished
[19:35:27] 000081...: [========================                          ]  48% Finished
[19:35:27] 000081...: [============================                      ]  54% Finished
[19:35:27] 000081...: [=========================================         ]  82% Finished
[19:35:27] 000081...: [==========================                        ]  51% Finished
[19:35:27] 000081...: [==============================                    ]  59% Finished
[19:35:27] 000081...: [===========================                       ]  53% Finished
[19:35:27] 000081...: [============================                      ]  56% Finished
[19:35:28] 000081...: [===============================================   ]  94% Finished
[19:35:28] 000081...: [==============================                    ]  58% Finished
[19:35:28] 000081...: [===============================                   ]  61% Finished
[19:35:28] 000081...: Kết nối: iPhone • iOS 26.6.1
[19:35:28] 000081...: [==================================================] 100% Finished
[19:35:29] 000081...: [========================================          ]  79% Finished
[19:35:30] 000081...: [=======================================           ]  76% Finished
[19:35:30] 000081...: [========================================          ]  79% Finished
[19:35:31] 000081...: [==========================================        ]  84% Finished
[19:35:31] 000081...: [===========================================       ]  84% Finished
[19:35:31] 000081...: [===============================================   ]  94% Finished
[19:35:32] 000081...: [=========================================         ]  81% Finished
[19:35:32] 000081...: [============================================      ]  87% Finished
[19:35:32] 000081...: [================================================= ]  96% Finished
[19:35:32] 000081...: [================================================  ]  94% Finished
[19:35:32] 000081...: [==================================================]  99% Finished
[19:35:32] 000081...: Kết nối: iPhone • iOS 26.6.1
[19:35:33] 000081...: Kết nối: iPhone • iOS 26.6.1
[19:35:40] 000081...: Kết nối: iPhone • iOS 26.6.1
[19:35:41] 000081...: ⏳ Đang chờ iPhone khởi động lại: còn 40s...
[19:35:41] 000081...: [==================================================] 100% Finished
[19:35:41] 000081...: Restore Successful.
[19:35:41] 000081...: Khôi phục dữ liệu Restore hoàn tất thành công.
[19:35:42] 000081...: ⏳ Đang chờ iPhone khởi động lại: còn 40s...
[19:35:43] 000081...: Đã chuyển kho thành công: B ➔ Kho đối diện:
232_iPhone_thovnquyn6727
[19:35:43] 000081...: ✓ Đã chuyển iPhone thứ 35 qua Kho đối diện thành công!
[19:35:43] 000081...: ⚡ Auto Activate sau Restore: đang chờ thiết bị reboot...
[19:35:43] 000081...: ⏳ Restore hoàn tất. Bắt đầu đếm ngược (80s) cho iPhone khởi động hoàn toàn...
[19:35:43] 000081...: SUCCESS: Validated pairing with device 00008101-00195C1036E8001E
[19:35:43] 000081...: Đang tạo bản staging riêng; backup gốc chỉ được đọc...
[19:35:44] 000081...: ⏳ Đang chờ iPhone khởi động lại: còn 40s...
[19:35:44] 000081...: ⏳ Đang chờ iPhone khởi động lại: còn 40s...
[19:35:45] 000081...: [==================================================] 100% Finished
[19:35:45] 000081...: [==================================================] 100% Finished
[19:35:45] 000081...: Restore Successful.
[19:35:45] 000081...: Khôi phục dữ liệu Restore hoàn tất thành công.
[19:35:45] 000081...: [==================================================] 100% Finished
[19:35:45] 000081...: Restore Successful.
[19:35:45] 000081...: Khôi phục dữ liệu Restore hoàn tất thành công.
[19:35:46] 000081...: [==================================================] 100% Finished
[19:35:46] 000081...: [==================================================] 100% Finished
[19:35:46] 000081...: Restore Successful.
[19:35:46] 000081...: Khôi phục dữ liệu Restore hoàn tất thành công.
[19:35:47] 000081...: Đã chuyển kho thành công: B ➔ Kho đối diện:
226_iPhone_hkiutho8174
[19:35:47] 000081...: ✓ Đã chuyển iPhone thứ 36 qua Kho đối diện thành công!
[19:35:47] 000081...: ⚡ Auto Activate sau Restore: đang chờ thiết bị reboot...
[19:35:47] 000081...: ⏳ Restore hoàn tất. Bắt đầu đếm ngược (80s) cho iPhone khởi động hoàn toàn...
[19:35:48] 000081...: SUCCESS: Validated pairing with device 00008101-000D6D113A89001E
[19:35:48] 000081...: Đang tạo bản staging riêng; backup gốc chỉ được đọc...
[19:35:48] 000081...: Đã chuyển kho thành công: B ➔ Kho đối diện:
225_iPhone_bchmnh035
[19:35:48] 000081...: ✓ Đã chuyển iPhone thứ 37 qua Kho đối diện thành công!
[19:35:48] 000081...: ⚡ Auto Activate sau Restore: đang chờ thiết bị reboot...
[19:35:48] 000081...: ⏳ Restore hoàn tất. Bắt đầu đếm ngược (80s) cho iPhone khởi động hoàn toàn...
[19:35:48] 000081...: Đã chuyển kho thành công: B ➔ Kho đối diện:
229_iPhone_lngcsan751
[19:35:48] 000081...: ✓ Đã chuyển iPhone thứ 38 qua Kho đối diện thành công!
[19:35:48] 000081...: ⚡ Auto Activate sau Restore: đang chờ thiết bị reboot...
[19:35:48] 000081...: ⏳ Restore hoàn tất. Bắt đầu đếm ngược (80s) cho iPhone khởi động hoàn toàn...
[19:35:51] 000081...: Đã ngắt kết nối.
[19:35:54] 000081...: Đã ngắt kết nối.
[19:35:55] 000081...: Đã ngắt kết nối.
[19:35:55] 000081...: [=                                                 ]   1% Finished
[19:35:55] 000081...: Đã ngắt kết nối.
[19:35:57] 000081...: [====                                              ]   7% Finished
[19:35:57] 000081...: [==========                                        ]  18% Finished
[19:35:59] 000081...: [============                                      ]  23% Finished
[19:35:59] 000081...: [===================                               ]  38% Finished
[19:35:59] 000081...: [=                                                 ]   1% Finished
[19:36:00] 000081...: [======================                            ]  43% Finished
[19:36:00] 000081...: [========================                          ]  48% Finished
[19:36:00] 000081...: [====                                              ]   7% Finished
[19:36:01] 000081...: [==========                                        ]  19% Finished
[19:36:01] 000081...: ⏳ Đang chờ iPhone khởi động lại: còn 20s...
[19:36:02] 000081...: [====================                              ]  39% Finished
[19:36:02] 000081...: ⏳ Đang chờ iPhone khởi động lại: còn 20s...
[19:36:03] 000081...: [======================                            ]  44% Finished
[19:36:03] 000081...: ⏳ Đang chờ iPhone khởi động lại: còn 60s...
[19:36:04] 000081...: ⏳ Đang chờ iPhone khởi động lại: còn 20s...
[19:36:04] 000081...: [===========================                       ]  54% Finished
[19:36:04] 000081...: ⏳ Đang chờ iPhone khởi động lại: còn 20s...
[19:36:04] 000081...: [==============================                    ]  59% Finished
[19:36:05] 000081...: [================================                  ]  64% Finished
[19:36:06] 000081...: [========================================          ]  79% Finished
[19:36:07] 000081...: [=========================                         ]  49% Finished
[19:36:07] 000081...: [============================                      ]  55% Finished
[19:36:07] 000081...: [==========================================        ]  84% Finished
[19:36:07] 000081...: ⏳ Đang chờ iPhone khởi động lại: còn 60s...
[19:36:07] 000081...: [================================================  ]  95% Finished
[19:36:07] 000081...: [==============================                    ]  60% Finished
[19:36:08] 000081...: ⏳ Đang chờ iPhone khởi động lại: còn 60s...
[19:36:08] 000081...: ⏳ Đang chờ iPhone khởi động lại: còn 60s...
[19:36:09] 000081...: [========================================          ]  79% Finished
[19:36:10] 000081...: [==========================================        ]  84% Finished
[19:36:11] 000081...: [================================================  ]  95% Finished
[19:36:11] 000081...: [==================================================]  99% Finished
[19:36:14] 000081...: Kết nối: iPhone • iOS 26.6.1
[19:36:16] 000081...: Kết nối: iPhone • iOS 26.6.1
[19:36:17] 000081...: Kết nối: iPhone • iOS 26.6.1
[19:36:19] 000081...: Kết nối: iPhone • iOS 26.6.1
[19:36:21] 000081...: [==================================================]  99% Finished
[19:36:21] 000081...: [==================================================] 100% Finished
[19:36:21] 000081...: Restore Successful.
[19:36:21] 000081...: Khôi phục dữ liệu Restore hoàn tất thành công.
[19:36:21] 000081...: ⌛ Đã hết 80 giây chờ! Đang kiểm tra kết nối thiết bị...
[19:36:22] 000081...: ⌛ Đã hết 80 giây chờ! Đang kiểm tra kết nối thiết bị...
[19:36:22] 000081...: Đã chuyển kho thành công: B ➔ Kho đối diện:
228_iPhone_caoxunthanh615
[19:36:22] 000081...: ✓ Đã chuyển iPhone thứ 39 qua Kho đối diện thành công!
[19:36:22] 000081...: ⚡ Auto Activate sau Restore: đang chờ thiết bị reboot...
[19:36:22] 000081...: ⏳ Restore hoàn tất. Bắt đầu đếm ngược (80s) cho iPhone khởi động hoàn toàn...
[19:36:23] 000081...: ⏳ Đang chờ iPhone khởi động lại: còn 40s...
[19:36:24] 000081...: ⌛ Đã hết 80 giây chờ! Đang kiểm tra kết nối thiết bị...
[19:36:24] 000081...: [==================================================] 100% Finished
[19:36:24] 000081...: Restore Successful.
[19:36:24] 000081...: Khôi phục dữ liệu Restore hoàn tất thành công.
[19:36:24] 000081...: ✅ iPhone đã khởi động xong & kết nối ổn định ➔ Bắt đầu Batch Activate...
[19:36:24] 000081...: RUN: C:\TIKTOOL PRO V4\ideviceactivation.exe activate -u 00008101-00115DAA2663001E -b
[19:36:24] 000081...: ⌛ Đã hết 80 giây chờ! Đang kiểm tra kết nối thiết bị...
[19:36:25] 000081...: ✅ iPhone đã khởi động xong & kết nối ổn định ➔ Bắt đầu Batch Activate...
[19:36:25] 000081...: RUN: C:\TIKTOOL PRO V4\ideviceactivation.exe activate -u 00008101-0011548002C1001E -b
[19:36:25] 000081...: Đã chuyển kho thành công: B ➔ Kho đối diện:
227_iPhone_nguynthycm717
[19:36:25] 000081...: ✓ Đã chuyển iPhone thứ 40 qua Kho đối diện thành công!
[19:36:25] 000081...: ⚡ Auto Activate sau Restore: đang chờ thiết bị reboot...
[19:36:25] 000081...: ⏳ Restore hoàn tất. Bắt đầu đếm ngược (80s) cho iPhone khởi động hoàn toàn...
[19:36:27] 000081...: ✅ iPhone đã khởi động xong & kết nối ổn định ➔ Bắt đầu Batch Activate...
[19:36:27] 000081...: RUN: C:\TIKTOOL PRO V4\ideviceactivation.exe activate -u 00008101-000D59493C50801E -b
[19:36:27] 000081...: ✅ iPhone đã khởi động xong & kết nối ổn định ➔ Bắt đầu Batch Activate...
[19:36:27] 000081...: RUN: C:\TIKTOOL PRO V4\ideviceactivation.exe activate -u 00008101-001D05820EB8001E -b
[19:36:27] 000081...: ⏳ Đang chờ iPhone khởi động lại: còn 40s...
[19:36:28] 000081...: ⏳ Đang chờ iPhone khởi động lại: còn 40s...
[19:36:28] 000081...: ⏳ Đang chờ iPhone khởi động lại: còn 40s...
[19:36:30] 000081...: NOTE: This device appears to be already activated. The server might report an error 'Device Unknown' instead of acknowledging the activation.
Activation server reports that device is already activated.
[19:36:30] 000081...: RUN: C:\TIKTOOL PRO V4\ios.exe prepare --skip-all --udid=00008101-00115DAA2663001E --nojson
[19:36:30] 000081...: NOTE: This device appears to be already activated. The server might report an error 'Device Unknown' instead of acknowledging the activation.
Activation server reports that device is already activated.
[19:36:30] 000081...: RUN: C:\TIKTOOL PRO V4\ios.exe prepare --skip-all --udid=00008101-0011548002C1001E --nojson
[19:36:30] 000081...: Đã ngắt kết nối.
[19:36:32] 000081...: NOTE: This device appears to be already activated. The server might report an error 'Device Unknown' instead of acknowledging the activation.
Activation server reports that device is already activated.
[19:36:32] 000081...: RUN: C:\TIKTOOL PRO V4\ios.exe prepare --skip-all --udid=00008101-001D05820EB8001E --nojson
[19:36:32] 000081...: NOTE: This device appears to be already activated. The server might report an error 'Device Unknown' instead of acknowledging the activation.
Activation server reports that device is already activated.
[19:36:32] 000081...: RUN: C:\TIKTOOL PRO V4\ios.exe prepare --skip-all --udid=00008101-000D59493C50801E --nojson
[19:36:34] 000081...: Đã ngắt kết nối.
[19:36:42] 000081...: ⏳ Đang chờ iPhone khởi động lại: còn 60s...
[19:36:43] 000081...: ⏳ Đang chờ iPhone khởi động lại: còn 20s...
[19:36:45] 000081...: ⏳ Đang chờ iPhone khởi động lại: còn 60s...
[19:36:47] 000081...: ⏳ Đang chờ iPhone khởi động lại: còn 20s...
[19:36:48] 000081...: ⏳ Đang chờ iPhone khởi động lại: còn 20s...
[19:36:48] 000081...: ⏳ Đang chờ iPhone khởi động lại: còn 20s...
[19:36:51] 000081...: Kết nối: iPhone • iOS 26.6.1
[19:36:52] 000081...: time="2026-09-04T19:36:30+07:00" level=warning msg="go-ios agent is not running. You might need to start it with 'ios tunnel start' for ios17+. Use ENABLE_GO_IOS_AGENT=user for userspace tunnel or ENABLE_GO_IOS_AGENT=kernel for kernel tunnel for the experimental daemon mode."
time="2026-09-04T19:36:30+07:00" level=warning msg="failed to get tunnel info" udid=00008101-00115DAA2663001E
time="2026-09-04T19:36:30+07:00" level=info msg="device is activated:true"
time="2026-09-04T19:36:30+07:00" level=info msg="send flush request"
time="2026-09-04T19:36:44+07:00" level=info msg="get cloud config"
"ok"
[19:36:52] 000081...: RUN: C:\TIKTOOL PRO V4\ios.exe lang --setlocale=ja_JP --setlang=ja --udid=00008101-00115DAA2663001E --nojson
[19:36:56] 000081...: Kết nối: iPhone (Not Trust) • iOS ?
[19:36:57] 000081...: Đã xác nhận Trust: iPhone • iOS 26.6.1
[19:37:02] 000081...: ⏳ Đang chờ iPhone khởi động lại: còn 40s...
[19:37:02] 000081...: time="2026-09-04T19:36:30+07:00" level=warning msg="go-ios agent is not running. You might need to start it with 'ios tunnel start' for ios17+. Use ENABLE_GO_IOS_AGENT=user for userspace tunnel or ENABLE_GO_IOS_AGENT=kernel for kernel tunnel for the experimental daemon mode."
time="2026-09-04T19:36:30+07:00" level=warning msg="failed to get tunnel info" udid=00008101-0011548002C1001E
time="2026-09-04T19:36:30+07:00" level=info msg="device is activated:true"
time="2026-09-04T19:36:30+07:00" level=info msg="send flush request"
time="2026-09-04T19:36:46+07:00" level=info msg="get cloud config"
"ok"
[19:37:02] 000081...: RUN: C:\TIKTOOL PRO V4\ios.exe lang --setlocale=ja_JP --setlang=ja --udid=00008101-0011548002C1001E --nojson
[19:37:03] 000081...: ⌛ Đã hết 80 giây chờ! Đang kiểm tra kết nối thiết bị...
[19:37:05] 000081...: ⏳ Đang chờ iPhone khởi động lại: còn 40s...
[19:37:06] 000081...: ✅ iPhone đã khởi động xong & kết nối ổn định ➔ Bắt đầu Batch Activate...
[19:37:06] 000081...: time="2026-09-04T19:36:32+07:00" level=warning msg="go-ios agent is not running. You might need to start it with 'ios tunnel start' for ios17+. Use ENABLE_GO_IOS_AGENT=user for userspace tunnel or ENABLE_GO_IOS_AGENT=kernel for kernel tunnel for the experimental daemon mode."
time="2026-09-04T19:36:32+07:00" level=warning msg="failed to get tunnel info" udid=00008101-000D59493C50801E
time="2026-09-04T19:36:32+07:00" level=info msg="device is activated:true"
time="2026-09-04T19:36:32+07:00" level=info msg="send flush request"
time="2026-09-04T19:36:52+07:00" level=info msg="get cloud config"
"ok"
[19:37:06] 000081...: RUN: C:\TIKTOOL PRO V4\ios.exe lang --setlocale=ja_JP --setlang=ja --udid=00008101-000D59493C50801E --nojson
[19:37:07] 000081...: ⌛ Đã hết 80 giây chờ! Đang kiểm tra kết nối thiết bị...
[19:37:08] 000081...: ⌛ Đã hết 80 giây chờ! Đang kiểm tra kết nối thiết bị...
[19:37:08] 000081...: ⌛ Đã hết 80 giây chờ! Đang kiểm tra kết nối thiết bị...
[19:37:10] 000081...: ✅ iPhone đã khởi động xong & kết nối ổn định ➔ Bắt đầu Batch Activate...
[19:37:11] 000081...: ✅ iPhone đã khởi động xong & kết nối ổn định ➔ Bắt đầu Batch Activate...
[19:37:11] 000081...: ✅ iPhone đã khởi động xong & kết nối ổn định ➔ Bắt đầu Batch Activate...
[19:37:13] 000081...: time="2026-09-04T19:36:32+07:00" level=warning msg="go-ios agent is not running. You might need to start it with 'ios tunnel start' for ios17+. Use ENABLE_GO_IOS_AGENT=user for userspace tunnel or ENABLE_GO_IOS_AGENT=kernel for kernel tunnel for the experimental daemon mode."
time="2026-09-04T19:36:32+07:00" level=warning msg="failed to get tunnel info" udid=00008101-001D05820EB8001E
time="2026-09-04T19:36:32+07:00" level=info msg="device is activated:true"
time="2026-09-04T19:36:32+07:00" level=info msg="send flush request"
time="2026-09-04T19:36:51+07:00" level=info msg="get cloud config"
"ok"
[19:37:13] 000081...: RUN: C:\TIKTOOL PRO V4\ios.exe lang --setlocale=ja_JP --setlang=ja --udid=00008101-001D05820EB8001E --nojson
[19:37:13] 000081...: time="2026-09-04T19:37:03+07:00" level=warning msg="go-ios agent is not running. You might need to start it with 'ios tunnel start' for ios17+. Use ENABLE_GO_IOS_AGENT=user for userspace tunnel or ENABLE_GO_IOS_AGENT=kernel for kernel tunnel for the experimental daemon mode."
time="2026-09-04T19:37:03+07:00" level=warning msg="failed to get tunnel info" udid=00008101-0011548002C1001E
{"Language":"ja","Locale":"ja_JP","SupportedLocales":["sv_AX","en_CN","ro_RO","en_VG","es_VC","fr_MA","en_AL","es_TT","ar_SS","fr_VU","fr_CI","en_GS","en_BW","en_JM","es_BS","en_BD","en_MG","en_PT","en_HK","ar_LB","fr_GN","ru_UA","en_CO","en_KE","en_NR","fr_MU","en_FI","nl_BQ","en_WS","en_DG","ar_SA","en_RW","en_ZM","en_BE","en_ER","bn_BD","en_MH","nl_NL","pt_AO","el_CY","en_KY","es_CL","en_VI","en_FJ","es_VE","fr_MC","en_TZ","en_ID","es_TC","en_GU","zh_TW","es_GQ","en_GB","ko_CN","mr_IN","es_MX","en_ES","es_BB","es_PR","fr_GP","pt_GW","fi_FI","en_FK","en_NA","zh_CN","en_IE","ca_IT","en_TH","en_LR","ar_KM","en_BZ","en_JP","da_GL","te_IN","en_BG","en_US","ar_QA","de_CH","ar_TN","en_PW","fr_GQ","de_LI","cs_CZ","hu_HU","zh_HK","en_NU","es_VG","ta_IN","ar_EG","ro_MD","en_LS","fr_CM","ar_SD","en_GD","ar_IL","ar_LY","en_UA","fr_TD","pt_LU","es_PA","ta_SG","en_KI","es_CO","en_FM","fr_MF","ar_EH","tr_CY","en_LT","es_IC","en_DK","pt_ST","es_GT","fr_YT","en_GE","ms_BN","en_BI","he_IL","pt_TL","en_SS","es_KY","kk_KZ","en_CA","es_VI","ar_MR","fr_MG","zh-Hant_JP","en_AR","hr_HR","ar_SY","en_TK","fr_SN","en_GY","pt_CV","fr_DZ","es_ES","ar_AE","en_MM","zh-Hant_MY","en_PG","ca_ES","fr_RW","en_001","fr_GA","en_SA","fr_BE","hi_IN","en_AS","pt_MO","en_LV","ta_LK","en_DM","en_LC","en_GG","es_BZ","tr_TR","zh-Hans_MO","es_US","en_150","it_CH","fr_TG","en_EE","it_VA","en_PH","es_EA","sv_FI","en_CV","ms_SG","es_CR","fr_RE","en_CC","fr_BF","en_NF","es_HN","en_SB","en_AT","ar_MA","nl_BE","en_GH","th_TH","en_ZA","pt_FR","es_GD","en_MO","es_003","de_IT","es_PE","de_DE","en_SC","en_NZ","en_NG","en_AU","el_GR","en_GI","ar_001","en_BM","ar_IQ","en_MP","es_PY","fr_DJ","es_EC","vi_VN","en_US_POSIX","en_CX","en_KN","en_SD","en_FR","es_CA","kn_IN","en_IL","es_AR","en_TO","zh-Hans_HK","bg_BG","es_GY","fr_NC","ta_MY","en_BN","en_UG","uk_UA","en_PK","en_SX","en_HU","en_CY","en_SE","sk_SK","es_CU","fr_BI","fr_ML","de_BE","en_IM","fr_PF","es_DM","es_LC","en_ZW","fr_CA","pl_PL","pt_CH","zh-Hans_JP","ja_JP","en_JE","fr_LU","nl_SR","en_PL","es_PH","en_CZ","fr_GF","zh_MO","fr_BJ","en_IN","zh-Hans_MY","en_AE","en_RO","fr_NE","en_MS","es_419","it_IT","ar_TD","en_SZ","fr_WF","ru_MD","es_SV","es_CW","ml_IN","en_CH","en_SG","pt_BR","en_IO","ar_PS","en_TR","bn_IN","ar_KW","es_DO","en_GM","it_SM","ms_MY","sl_SI","en_MT","es_BM","es_UY","en_PN","es_HT","en_KR","en_SH","en_VU","es_KN","fr_BL","en_NL","ca_FR","en_AG","fr_KM","fr_SC","fr_CD","ko_KP","or_IN","zh-Hant_CN","en_BR","en_MU","nb_SJ","ru_RU","ar_DZ","fr_TN","en_SI","hr_BA","es_NI","en_VC","ar_ER","fr_HT","en_TT","ar_SO","ca_AD","fr_FR","da_DK","en_BS","nl_CW","en_MV","es_BO","nb_NO","de_LU","en_CK","ar_JO","pt_GQ","fr_MQ","zh_SG","ms_ID","en_AI","fr_CF","ko_KR","en_MW","en_UM","en_SK","en_CL","en_NO","fr_MR","en_TV","fr_SY","en_TC","fr_CG","nl_SX","es_BQ","ar_YE","ru_BY","en_BB","de_AT","en_MX","sv_SE","ar_DJ","lt_LT","ar_OM","nl_AW","en_PR","en_CM","ru_KZ","en_SL","ar_BH","ru_KG","pt_MZ","en_IT","en_TW","fr_PM","id_ID","es_AG","pt_PT","en_DE","fr_CH","en_GR","en_RU","gu_IN","en_MY","es_BR"],"SupportedLanguages":["ur","lt","ja","id","mr","ms","hi","es-419","es","pl","ca","ta","fr","en-IN","or","fr-CA","da","bg","te","kk-Cyrl","pt-BR","zh-Hant-HK","hr","gu","de","th","sk","ro","sl","nb","kk","en-GB","hu","zh-HK","bn","ar","it","kn","ko","uk","pa","ru","vi","zh-Hans","zh-Hant","en-AU","ml","pt-PT","tr","fi","en-US","el","cs","sv","nl","he","en","es-US"]}
[19:37:13] 000081...: Batch Activate hoàn tất thành công.
[19:37:13] 000081...: RUN: C:\TIKTOOL PRO V4\ideviceactivation.exe activate -u 00008101-000C604836FA001E -b
[19:37:18] 000081...: NOTE: This device appears to be already activated. The server might report an error 'Device Unknown' instead of acknowledging the activation.
Activation server reports that device is already activated.
[19:37:18] 000081...: RUN: C:\TIKTOOL PRO V4\ios.exe prepare --skip-all --udid=00008101-000C604836FA001E --nojson
[19:37:22] 000081...: ⏳ Đang chờ iPhone khởi động lại: còn 20s...
[19:37:25] 000081...: ⏳ Đang chờ iPhone khởi động lại: còn 20s...
[19:37:28] 000081...: time="2026-09-04T19:36:52+07:00" level=warning msg="go-ios agent is not running. You might need to start it with 'ios tunnel start' for ios17+. Use ENABLE_GO_IOS_AGENT=user for userspace tunnel or ENABLE_GO_IOS_AGENT=kernel for kernel tunnel for the experimental daemon mode."
time="2026-09-04T19:36:52+07:00" level=warning msg="failed to get tunnel info" udid=00008101-00115DAA2663001E
{"Language":"ja","Locale":"ja_JP","SupportedLocales":["sv_AX","en_CN","ro_RO","en_VG","es_VC","fr_MA","en_AL","es_TT","ar_SS","fr_VU","fr_CI","en_GS","en_BW","en_JM","es_BS","en_BD","en_MG","en_PT","ar_LB","ru_UA","en_HK","fr_GN","en_CO","en_KE","en_NR","fr_MU","en_FI","nl_BQ","en_WS","en_DG","ar_SA","en_RW","en_ZM","en_BE","en_ER","en_MH","el_CY","nl_NL","pt_AO","bn_BD","en_KY","es_CL","en_VI","en_FJ","es_VE","fr_MC","en_TZ","en_ID","es_TC","en_GU","zh_TW","es_GQ","en_GB","mr_IN","ko_CN","es_MX","en_ES","es_BB","es_PR","fr_GP","pt_GW","fi_FI","en_FK","en_NA","zh_CN","en_IE","en_LR","en_TH","ca_IT","ar_KM","en_BZ","en_JP","da_GL","en_US","te_IN","de_CH","ar_QA","en_PW","ar_TN","en_BG","fr_GQ","de_LI","cs_CZ","hu_HU","zh_HK","en_NU","es_VG","ta_IN","ar_EG","ro_MD","en_LS","fr_CM","ar_SD","en_GD","ar_IL","ar_LY","en_UA","fr_TD","pt_LU","es_PA","ta_SG","en_KI","es_CO","en_FM","fr_MF","tr_CY","ar_EH","en_LT","es_IC","en_DK","pt_ST","es_GT","en_GE","fr_YT","ms_BN","en_BI","he_IL","pt_TL","en_SS","es_KY","kk_KZ","en_CA","es_VI","ar_MR","zh-Hant_JP","fr_MG","hr_HR","en_AR","en_TK","fr_SN","ar_SY","en_GY","pt_CV","fr_DZ","es_ES","ar_AE","en_MM","zh-Hant_MY","en_PG","en_001","fr_RW","ca_ES","fr_GA","en_SA","fr_BE","hi_IN","en_AS","pt_MO","en_LV","ta_LK","en_DM","en_LC","en_GG","es_BZ","tr_TR","it_CH","es_US","en_150","zh-Hans_MO","it_VA","en_EE","fr_TG","en_PH","es_EA","es_HN","en_CV","sv_FI","es_CR","fr_RE","en_CC","en_SB","en_NF","fr_BF","ms_SG","en_AT","ar_MA","nl_BE","en_GH","th_TH","en_ZA","es_GD","pt_FR","en_MO","es_003","de_IT","es_PE","de_DE","en_SC","en_NZ","en_NG","en_AU","el_GR","en_GI","ar_001","en_BM","ar_IQ","en_MP","es_PY","fr_DJ","es_EC","en_US_POSIX","vi_VN","en_CX","en_KN","en_SD","en_FR","es_CA","kn_IN","en_IL","es_AR","en_TO","zh-Hans_HK","bg_BG","es_GY","fr_NC","ta_MY","en_BN","en_UG","en_HU","en_PK","en_SX","uk_UA","en_CY","en_SE","es_CU","sk_SK","fr_BI","fr_ML","de_BE","en_IM","fr_PF","es_DM","es_LC","en_ZW","fr_CA","pl_PL","zh-Hans_JP","nl_SR","ja_JP","en_JE","fr_LU","pt_CH","en_PL","es_PH","zh_MO","fr_GF","en_CZ","fr_BJ","en_IN","zh-Hans_MY","en_AE","fr_NE","en_RO","en_MS","es_419","it_IT","ar_TD","en_SZ","fr_WF","ru_MD","ml_IN","en_SG","es_CW","en_CH","es_SV","pt_BR","en_IO","bn_IN","ar_PS","en_TR","ar_KW","es_DO","en_GM","it_SM","ms_MY","sl_SI","es_BM","en_MT","es_UY","en_PN","es_HT","en_KR","en_SH","en_VU","es_KN","fr_BL","en_NL","ca_FR","en_AG","fr_KM","fr_SC","fr_CD","ko_KP","or_IN","zh-Hant_CN","en_BR","en_MU","ru_RU","fr_TN","ar_DZ","nb_SJ","en_SI","hr_BA","en_VC","ar_ER","es_NI","fr_HT","en_TT","ar_SO","ca_AD","fr_FR","da_DK","en_BS","nl_CW","es_BO","nb_NO","en_MV","de_LU","en_CK","pt_GQ","ar_JO","fr_MQ","zh_SG","ms_ID","en_AI","fr_CF","ko_KR","en_MW","en_UM","en_SK","en_CL","en_NO","fr_MR","en_TV","fr_SY","en_TC","fr_CG","nl_SX","es_BQ","ar_YE","ru_BY","sv_SE","en_BB","en_PR","en_MX","de_AT","lt_LT","nl_AW","en_SL","ar_OM","en_CM","ru_KZ","ar_DJ","ar_BH","ru_KG","en_IT","id_ID","fr_PM","en_TW","pt_MZ","es_AG","pt_PT","en_DE","fr_CH","en_GR","en_RU","gu_IN","en_MY","es_BR"],"SupportedLanguages":["ur","lt","ja","id","mr","ms","hi","es-419","es","pl","ca","ta","fr","en-IN","or","fr-CA","da","bg","te","kk-Cyrl","pt-BR","zh-Hant-HK","hr","gu","de","th","sk","ro","sl","nb","kk","en-GB","hu","zh-HK","bn","ar","it","kn","ko","uk","pa","ru","vi","zh-Hans","zh-Hant","en-AU","ml","pt-PT","tr","fi","en-US","el","cs","sv","nl","he","en","es-US"]}
[19:37:28] 000081...: Batch Activate hoàn tất thành công.
[19:37:28] 000081...: RUN: C:\TIKTOOL PRO V4\ideviceactivation.exe activate -u 00008101-000434C12120001E -b
[19:37:30] 000081...: time="2026-09-04T19:37:07+07:00" level=warning msg="go-ios agent is not running. You might need to start it with 'ios tunnel start' for ios17+. Use ENABLE_GO_IOS_AGENT=user for userspace tunnel or ENABLE_GO_IOS_AGENT=kernel for kernel tunnel for the experimental daemon mode."
time="2026-09-04T19:37:07+07:00" level=warning msg="failed to get tunnel info" udid=00008101-000D59493C50801E
{"Language":"ja","Locale":"ja_JP","SupportedLocales":["sv_AX","en_CN","ro_RO","en_VG","es_VC","fr_MA","en_AL","es_TT","ar_SS","fr_VU","fr_CI","en_GS","en_BW","en_JM","es_BS","en_BD","en_MG","en_PT","en_HK","fr_GN","ru_UA","ar_LB","en_CO","en_KE","en_NR","fr_MU","en_FI","nl_BQ","en_WS","en_DG","ar_SA","en_RW","en_ZM","en_BE","en_ER","bn_BD","en_MH","nl_NL","el_CY","pt_AO","en_KY","es_CL","en_VI","en_FJ","es_VE","fr_MC","en_TZ","en_ID","es_TC","zh_TW","en_GU","es_GQ","en_GB","mr_IN","ko_CN","es_MX","en_ES","es_BB","es_PR","fr_GP","pt_GW","fi_FI","en_FK","en_NA","zh_CN","en_IE","ca_IT","en_TH","en_LR","ar_KM","en_BZ","en_JP","da_GL","te_IN","en_BG","en_US","ar_QA","en_PW","ar_TN","de_CH","fr_GQ","de_LI","cs_CZ","hu_HU","zh_HK","en_NU","es_VG","ta_IN","ar_EG","ro_MD","en_LS","fr_CM","ar_SD","en_GD","ar_IL","ar_LY","en_UA","fr_TD","pt_LU","es_PA","ta_SG","en_KI","es_CO","en_FM","fr_MF","tr_CY","ar_EH","en_LT","es_IC","en_DK","pt_ST","es_GT","en_GE","fr_YT","ms_BN","en_BI","he_IL","pt_TL","en_SS","es_KY","kk_KZ","en_CA","es_VI","zh-Hant_JP","fr_MG","ar_MR","hr_HR","en_AR","ar_SY","en_TK","fr_SN","en_GY","pt_CV","en_MM","es_ES","ar_AE","fr_DZ","zh-Hant_MY","en_PG","en_001","fr_RW","ca_ES","fr_GA","en_SA","fr_BE","hi_IN","en_AS","pt_MO","en_LV","ta_LK","en_DM","en_LC","en_GG","es_BZ","tr_TR","it_CH","zh-Hans_MO","en_150","es_US","fr_TG","en_EE","it_VA","en_PH","es_EA","sv_FI","en_CV","ms_SG","es_CR","fr_RE","en_CC","fr_BF","en_NF","es_HN","en_SB","en_AT","ar_MA","nl_BE","en_GH","th_TH","en_ZA","pt_FR","es_GD","en_MO","es_003","de_IT","es_PE","de_DE","en_SC","en_NZ","en_NG","en_AU","el_GR","en_GI","ar_001","en_BM","ar_IQ","en_MP","es_PY","fr_DJ","es_EC","en_US_POSIX","vi_VN","en_CX","en_KN","en_SD","en_FR","es_CA","kn_IN","en_IL","es_AR","en_TO","zh-Hans_HK","es_GY","bg_BG","fr_NC","ta_MY","en_BN","en_UG","en_HU","uk_UA","en_SX","en_PK","en_CY","es_CU","en_SE","sk_SK","fr_BI","fr_ML","en_IM","de_BE","fr_PF","es_DM","es_LC","en_ZW","fr_CA","pl_PL","zh-Hans_JP","nl_SR","en_JE","pt_CH","fr_LU","ja_JP","en_PL","zh_MO","en_CZ","fr_GF","es_PH","fr_BJ","en_IN","zh-Hans_MY","en_AE","en_RO","fr_NE","en_MS","es_419","it_IT","ar_TD","en_SZ","fr_WF","ru_MD","ml_IN","en_SG","es_CW","es_SV","en_CH","pt_BR","en_IO","bn_IN","ar_PS","en_TR","ar_KW","es_DO","en_GM","it_SM","ms_MY","sl_SI","es_UY","es_BM","en_MT","en_PN","es_HT","en_KR","en_SH","es_KN","en_VU","fr_BL","en_NL","ca_FR","en_AG","fr_KM","fr_SC","fr_CD","ko_KP","or_IN","nb_SJ","zh-Hant_CN","en_MU","en_BR","fr_TN","ar_DZ","ru_RU","en_SI","hr_BA","es_NI","en_VC","ar_ER","fr_HT","en_TT","ar_SO","ca_AD","da_DK","fr_FR","en_BS","nl_CW","en_MV","nb_NO","es_BO","de_LU","pt_GQ","ar_JO","en_CK","fr_MQ","zh_SG","ms_ID","en_AI","fr_CF","ko_KR","en_MW","en_UM","en_SK","en_CL","en_NO","fr_MR","en_TV","fr_SY","en_TC","fr_CG","nl_SX","es_BQ","ar_YE","ru_BY","sv_SE","de_AT","en_PR","en_MX","ar_DJ","lt_LT","ar_OM","en_SL","nl_AW","en_BB","ru_KZ","en_CM","ar_BH","ru_KG","en_IT","id_ID","fr_PM","en_TW","pt_MZ","es_AG","pt_PT","en_DE","fr_CH","en_GR","gu_IN","en_RU","es_BR","en_MY"],"SupportedLanguages":["ur","lt","ja","id","mr","ms","hi","es-419","es","pl","ca","ta","fr","en-IN","or","fr-CA","da","bg","te","kk-Cyrl","pt-BR","zh-Hant-HK","hr","gu","de","th","sk","ro","sl","nb","kk","en-GB","hu","zh-HK","bn","ar","it","kn","ko","uk","pa","ru","vi","zh-Hans","zh-Hant","en-AU","ml","pt-PT","tr","fi","en-US","el","cs","sv","nl","he","en","es-US"]}
[19:37:30] 000081...: Batch Activate hoàn tất thành công.
[19:37:30] 000081...: RUN: C:\TIKTOOL PRO V4\ideviceactivation.exe activate -u 00008101-000245012293001E -b
[19:37:33] 000081...: NOTE: This device appears to be already activated. The server might report an error 'Device Unknown' instead of acknowledging the activation.
Activation server reports that device is already activated.
[19:37:33] 000081...: RUN: C:\TIKTOOL PRO V4\ios.exe prepare --skip-all --udid=00008101-000434C12120001E --nojson
[19:37:36] 000081...: NOTE: This device appears to be already activated. The server might report an error 'Device Unknown' instead of acknowledging the activation.
Activation server reports that device is already activated.
[19:37:36] 000081...: RUN: C:\TIKTOOL PRO V4\ios.exe prepare --skip-all --udid=00008101-000245012293001E --nojson
[19:37:42] 000081...: ⌛ Đã hết 80 giây chờ! Đang kiểm tra kết nối thiết bị...
[19:37:44] 000081...: time="2026-09-04T19:37:36+07:00" level=warning msg="go-ios agent is not running. You might need to start it with 'ios tunnel start' for ios17+. Use ENABLE_GO_IOS_AGENT=user for userspace tunnel or ENABLE_GO_IOS_AGENT=kernel for kernel tunnel for the experimental daemon mode."
time="2026-09-04T19:37:36+07:00" level=warning msg="failed to get tunnel info" udid=00008101-000245012293001E
time="2026-09-04T19:37:37+07:00" level=info msg="device is activated:true"
time="2026-09-04T19:37:38+07:00" level=info msg="send flush request"
time="2026-09-04T19:37:38+07:00" level=info msg="get cloud config"
"ok"
[19:37:44] 000081...: RUN: C:\TIKTOOL PRO V4\ios.exe lang --setlocale=ja_JP --setlang=ja --udid=00008101-000245012293001E --nojson
[19:37:45] 000081...: ✅ iPhone đã khởi động xong & kết nối ổn định ➔ Bắt đầu Batch Activate...
[19:37:45] 000081...: ⌛ Đã hết 80 giây chờ! Đang kiểm tra kết nối thiết bị...
[19:37:48] 000081...: time="2026-09-04T19:37:18+07:00" level=warning msg="go-ios agent is not running. You might need to start it with 'ios tunnel start' for ios17+. Use ENABLE_GO_IOS_AGENT=user for userspace tunnel or ENABLE_GO_IOS_AGENT=kernel for kernel tunnel for the experimental daemon mode."
time="2026-09-04T19:37:18+07:00" level=warning msg="failed to get tunnel info" udid=00008101-000C604836FA001E
time="2026-09-04T19:37:18+07:00" level=info msg="device is activated:true"
time="2026-09-04T19:37:18+07:00" level=info msg="send flush request"
time="2026-09-04T19:37:28+07:00" level=info msg="get cloud config"
"ok"
[19:37:48] 000081...: RUN: C:\TIKTOOL PRO V4\ios.exe lang --setlocale=ja_JP --setlang=ja --udid=00008101-000C604836FA001E --nojson
[19:37:49] 000081...: ✅ iPhone đã khởi động xong & kết nối ổn định ➔ Bắt đầu Batch Activate...
[19:38:09] 000081...: time="2026-09-04T19:37:33+07:00" level=warning msg="go-ios agent is not running. You might need to start it with 'ios tunnel start' for ios17+. Use ENABLE_GO_IOS_AGENT=user for userspace tunnel or ENABLE_GO_IOS_AGENT=kernel for kernel tunnel for the experimental daemon mode."
time="2026-09-04T19:37:33+07:00" level=warning msg="failed to get tunnel info" udid=00008101-000434C12120001E
time="2026-09-04T19:37:33+07:00" level=info msg="device is activated:true"
time="2026-09-04T19:37:33+07:00" level=info msg="send flush request"
time="2026-09-04T19:37:33+07:00" level=info msg="get cloud config"
"ok"
[19:38:09] 000081...: RUN: C:\TIKTOOL PRO V4\ios.exe lang --setlocale=ja_JP --setlang=ja --udid=00008101-000434C12120001E --nojson
[19:38:33] 000081...: time="2026-09-04T19:37:13+07:00" level=warning msg="go-ios agent is not running. You might need to start it with 'ios tunnel start' for ios17+. Use ENABLE_GO_IOS_AGENT=user for userspace tunnel or ENABLE_GO_IOS_AGENT=kernel for kernel tunnel for the experimental daemon mode."
time="2026-09-04T19:37:13+07:00" level=warning msg="failed to get tunnel info" udid=00008101-001D05820EB8001E
{"Language":"ja","Locale":"ja_JP","SupportedLocales":["sv_AX","en_CN","ro_RO","en_VG","es_VC","fr_MA","en_AL","es_TT","ar_SS","fr_VU","fr_CI","en_GS","en_BW","en_JM","es_BS","en_BD","en_MG","en_PT","ar_LB","fr_GN","ru_UA","en_HK","en_CO","en_KE","en_NR","fr_MU","en_FI","nl_BQ","en_WS","en_DG","ar_SA","en_RW","en_ZM","en_BE","en_ER","bn_BD","en_MH","pt_AO","nl_NL","el_CY","en_KY","es_CL","en_VI","en_FJ","es_VE","fr_MC","en_TZ","en_ID","es_TC","en_GU","zh_TW","es_GQ","ko_CN","mr_IN","en_GB","es_MX","en_ES","es_BB","es_PR","fr_GP","pt_GW","fi_FI","en_FK","en_NA","zh_CN","en_IE","en_LR","en_TH","ca_IT","ar_KM","en_BZ","de_CH","da_GL","te_IN","en_US","en_JP","en_BG","en_PW","ar_TN","ar_QA","fr_GQ","de_LI","cs_CZ","en_NU","zh_HK","hu_HU","es_VG","ta_IN","ar_EG","ro_MD","en_LS","fr_CM","ar_SD","en_GD","ar_IL","ar_LY","en_UA","fr_TD","pt_LU","es_PA","ta_SG","en_KI","es_CO","en_FM","fr_MF","ar_EH","tr_CY","en_LT","es_IC","en_DK","pt_ST","es_GT","en_GE","fr_YT","ms_BN","en_BI","he_IL","pt_TL","en_SS","es_KY","kk_KZ","en_CA","es_VI","zh-Hant_JP","ar_MR","fr_MG","hr_HR","en_AR","ar_SY","en_TK","fr_SN","en_GY","pt_CV","en_MM","fr_DZ","ar_AE","es_ES","en_001","zh-Hant_MY","en_PG","fr_RW","ca_ES","fr_GA","en_SA","fr_BE","hi_IN","en_AS","pt_MO","en_LV","ta_LK","en_DM","en_LC","en_GG","es_BZ","tr_TR","zh-Hans_MO","es_US","it_CH","en_150","fr_TG","en_EE","it_VA","en_PH","es_EA","es_HN","en_CV","sv_FI","es_CR","fr_RE","en_CC","en_SB","en_NF","ms_SG","fr_BF","en_AT","ar_MA","nl_BE","en_GH","th_TH","en_ZA","pt_FR","es_GD","en_MO","de_IT","es_003","es_PE","de_DE","en_SC","en_NZ","en_NG","en_AU","el_GR","en_GI","ar_001","en_BM","ar_IQ","en_MP","es_PY","fr_DJ","es_EC","vi_VN","en_US_POSIX","en_CX","en_KN","en_SD","en_FR","es_CA","kn_IN","en_IL","es_AR","en_TO","zh-Hans_HK","es_GY","bg_BG","fr_NC","ta_MY","en_BN","en_UG","en_HU","en_PK","uk_UA","en_SX","en_CY","en_SE","es_CU","sk_SK","fr_BI","fr_ML","de_BE","en_IM","fr_PF","es_DM","es_LC","en_ZW","fr_CA","pl_PL","pt_CH","nl_SR","ja_JP","zh-Hans_JP","fr_LU","en_JE","en_PL","es_PH","zh_MO","en_CZ","fr_GF","fr_BJ","en_IN","zh-Hans_MY","en_AE","fr_NE","en_RO","en_MS","es_419","it_IT","ar_TD","en_SZ","fr_WF","ru_MD","es_SV","es_CW","ml_IN","en_CH","en_SG","pt_BR","en_IO","bn_IN","ar_PS","en_TR","ar_KW","es_DO","en_GM","it_SM","ms_MY","sl_SI","es_UY","en_MT","es_BM","en_PN","es_HT","en_KR","en_SH","en_VU","es_KN","fr_BL","en_NL","ca_FR","en_AG","fr_KM","fr_SC","fr_CD","ko_KP","or_IN","nb_SJ","zh-Hant_CN","en_MU","ru_RU","fr_TN","en_BR","ar_DZ","en_SI","hr_BA","es_NI","ar_ER","en_VC","fr_HT","en_TT","ar_SO","ca_AD","da_DK","fr_FR","en_BS","nl_CW","en_MV","es_BO","nb_NO","de_LU","en_CK","ar_JO","pt_GQ","fr_MQ","zh_SG","ms_ID","en_AI","fr_CF","ko_KR","en_MW","en_UM","en_SK","en_CL","en_NO","fr_MR","en_TV","fr_SY","en_TC","fr_CG","nl_SX","es_BQ","ar_YE","en_BB","ru_BY","de_AT","en_PR","sv_SE","ar_DJ","lt_LT","nl_AW","en_SL","ar_OM","en_CM","ru_KZ","en_MX","ar_BH","ru_KG","en_IT","pt_MZ","fr_PM","id_ID","en_TW","pt_PT","es_AG","en_DE","fr_CH","en_GR","en_RU","gu_IN","en_MY","es_BR"],"SupportedLanguages":["ur","lt","ja","id","mr","ms","hi","es-419","es","pl","ca","ta","fr","en-IN","or","fr-CA","da","bg","te","kk-Cyrl","pt-BR","zh-Hant-HK","hr","gu","de","th","sk","ro","sl","nb","kk","en-GB","hu","zh-HK","bn","ar","it","kn","ko","uk","pa","ru","vi","zh-Hans","zh-Hant","en-AU","ml","pt-PT","tr","fi","en-US","el","cs","sv","nl","he","en","es-US"]}
[19:38:33] 000081...: Batch Activate hoàn tất thành công.
[19:38:33] 000081...: RUN: C:\TIKTOOL PRO V4\ideviceactivation.exe activate -u 00008101-00152C1E21C2001E -b
[19:38:38] 000081...: NOTE: This device appears to be already activated. The server might report an error 'Device Unknown' instead of acknowledging the activation.
Activation server reports that device is already activated.
[19:38:38] 000081...: RUN: C:\TIKTOOL PRO V4\ios.exe prepare --skip-all --udid=00008101-00152C1E21C2001E --nojson
[19:38:39] 000081...: time="2026-09-04T19:38:38+07:00" level=warning msg="go-ios agent is not running. You might need to start it with 'ios tunnel start' for ios17+. Use ENABLE_GO_IOS_AGENT=user for userspace tunnel or ENABLE_GO_IOS_AGENT=kernel for kernel tunnel for the experimental daemon mode."
time="2026-09-04T19:38:38+07:00" level=warning msg="failed to get tunnel info" udid=00008101-00152C1E21C2001E
time="2026-09-04T19:38:38+07:00" level=info msg="device is activated:true"
time="2026-09-04T19:38:38+07:00" level=info msg="send flush request"
time="2026-09-04T19:38:39+07:00" level=info msg="get cloud config"
"ok"
[19:38:39] 000081...: RUN: C:\TIKTOOL PRO V4\ios.exe lang --setlocale=ja_JP --setlang=ja --udid=00008101-00152C1E21C2001E --nojson
[19:38:48] 000081...: time="2026-09-04T19:37:48+07:00" level=warning msg="go-ios agent is not running. You might need to start it with 'ios tunnel start' for ios17+. Use ENABLE_GO_IOS_AGENT=user for userspace tunnel or ENABLE_GO_IOS_AGENT=kernel for kernel tunnel for the experimental daemon mode."
time="2026-09-04T19:37:48+07:00" level=warning msg="failed to get tunnel info" udid=00008101-000C604836FA001E
{"Language":"ja","Locale":"ja_JP","SupportedLocales":["sv_AX","en_CN","ro_RO","en_VG","es_VC","fr_MA","en_AL","es_TT","ar_SS","fr_VU","fr_CI","en_GS","en_BW","en_JM","es_BS","en_BD","en_MG","en_PT","ar_LB","ru_UA","fr_GN","en_HK","en_CO","en_KE","en_NR","fr_MU","en_FI","nl_BQ","en_WS","en_DG","ar_SA","en_RW","en_ZM","en_BE","en_ER","bn_BD","en_MH","nl_NL","pt_AO","el_CY","en_KY","es_CL","en_VI","en_FJ","es_VE","fr_MC","en_TZ","en_ID","es_TC","zh_TW","en_GU","es_GQ","en_GB","mr_IN","ko_CN","es_MX","en_ES","es_BB","es_PR","fr_GP","pt_GW","fi_FI","en_FK","en_NA","zh_CN","en_IE","en_LR","en_TH","ca_IT","ar_KM","en_BZ","en_JP","da_GL","te_IN","en_US","de_CH","ar_QA","en_PW","ar_TN","en_BG","fr_GQ","de_LI","cs_CZ","en_NU","hu_HU","zh_HK","es_VG","ta_IN","ar_EG","ro_MD","en_LS","fr_CM","ar_SD","en_GD","ar_IL","ar_LY","en_UA","fr_TD","pt_LU","es_PA","ta_SG","en_KI","es_CO","en_FM","fr_MF","ar_EH","tr_CY","en_LT","es_IC","en_DK","pt_ST","es_GT","fr_YT","en_GE","ms_BN","en_BI","he_IL","pt_TL","en_SS","es_KY","kk_KZ","en_CA","es_VI","zh-Hant_JP","fr_MG","ar_MR","hr_HR","en_AR","ar_SY","fr_SN","en_TK","en_GY","pt_CV","fr_DZ","es_ES","ar_AE","en_MM","zh-Hant_MY","ca_ES","en_PG","fr_RW","en_001","fr_GA","en_SA","fr_BE","hi_IN","en_AS","pt_MO","en_LV","ta_LK","en_DM","en_LC","en_GG","es_BZ","tr_TR","it_CH","zh-Hans_MO","es_US","it_VA","en_150","en_EE","fr_TG","en_PH","es_EA","es_HN","en_CV","ms_SG","es_CR","fr_RE","en_CC","sv_FI","en_NF","en_SB","fr_BF","en_AT","ar_MA","nl_BE","en_GH","es_GD","th_TH","en_ZA","pt_FR","en_MO","es_003","de_IT","es_PE","de_DE","en_NZ","en_SC","en_NG","en_AU","el_GR","en_GI","ar_001","en_BM","ar_IQ","en_MP","es_PY","fr_DJ","es_EC","vi_VN","en_US_POSIX","en_CX","en_KN","en_SD","en_FR","es_CA","kn_IN","en_IL","es_AR","en_TO","zh-Hans_HK","es_GY","bg_BG","fr_NC","ta_MY","en_BN","en_UG","uk_UA","en_PK","en_SX","en_HU","en_CY","es_CU","sk_SK","en_SE","fr_BI","fr_ML","de_BE","en_IM","fr_PF","es_DM","es_LC","en_ZW","fr_CA","pl_PL","zh-Hans_JP","nl_SR","en_JE","ja_JP","fr_LU","pt_CH","en_PL","zh_MO","en_CZ","fr_GF","es_PH","fr_BJ","en_IN","zh-Hans_MY","en_AE","fr_NE","en_RO","en_MS","es_419","it_IT","ar_TD","en_SZ","fr_WF","ru_MD","es_SV","en_SG","es_CW","en_CH","ml_IN","pt_BR","en_IO","bn_IN","ar_PS","en_TR","ar_KW","es_DO","en_GM","it_SM","ms_MY","sl_SI","es_UY","es_BM","en_MT","en_PN","es_HT","en_KR","en_SH","en_VU","es_KN","fr_BL","en_NL","ca_FR","en_AG","fr_KM","fr_SC","fr_CD","ko_KP","or_IN","nb_SJ","en_BR","en_MU","ru_RU","fr_TN","ar_DZ","zh-Hant_CN","en_SI","hr_BA","es_NI","ar_ER","en_VC","fr_HT","en_TT","ar_SO","ca_AD","fr_FR","da_DK","en_BS","nl_CW","en_MV","es_BO","nb_NO","de_LU","pt_GQ","ar_JO","en_CK","fr_MQ","zh_SG","ms_ID","en_AI","fr_CF","ko_KR","en_MW","en_UM","en_SK","en_CL","en_NO","fr_MR","en_TV","fr_SY","en_TC","fr_CG","nl_SX","en_MX","ar_YE","en_BB","ru_BY","de_AT","en_PR","sv_SE","ar_DJ","es_BQ","ar_OM","en_SL","nl_AW","en_CM","ru_KZ","lt_LT","ar_BH","ru_KG","en_IT","pt_MZ","id_ID","en_TW","fr_PM","es_AG","pt_PT","en_DE","fr_CH","gu_IN","en_GR","en_RU","en_MY","es_BR"],"SupportedLanguages":["ur","lt","ja","id","mr","ms","hi","es-419","es","pl","ca","ta","fr","en-IN","or","fr-CA","da","bg","te","kk-Cyrl","pt-BR","zh-Hant-HK","hr","gu","de","th","sk","ro","sl","nb","kk","en-GB","hu","zh-HK","bn","ar","it","kn","ko","uk","pa","ru","vi","zh-Hans","zh-Hant","en-AU","ml","pt-PT","tr","fi","en-US","el","cs","sv","nl","he","en","es-US"]}
[19:38:48] 000081...: Batch Activate hoàn tất thành công.
[19:38:48] 000081...: RUN: C:\TIKTOOL PRO V4\ideviceactivation.exe activate -u 00008101-00195C1036E8001E -b
[19:38:51] 000081...: time="2026-09-04T19:38:39+07:00" level=warning msg="go-ios agent is not running. You might need to start it with 'ios tunnel start' for ios17+. Use ENABLE_GO_IOS_AGENT=user for userspace tunnel or ENABLE_GO_IOS_AGENT=kernel for kernel tunnel for the experimental daemon mode."
time="2026-09-04T19:38:39+07:00" level=warning msg="failed to get tunnel info" udid=00008101-00152C1E21C2001E
{"Language":"ja","Locale":"ja_JP","SupportedLocales":["sv_AX","en_CN","ro_RO","en_VG","es_VC","fr_MA","en_AL","es_TT","ar_SS","fr_VU","fr_CI","en_GS","en_BW","en_JM","es_BS","en_BD","en_MG","en_PT","en_HK","ar_LB","ru_UA","fr_GN","en_CO","en_KE","en_NR","fr_MU","en_FI","nl_BQ","en_WS","en_DG","ar_SA","en_RW","en_ZM","en_BE","en_ER","en_MH","el_CY","nl_NL","pt_AO","bn_BD","en_KY","es_CL","en_VI","es_VE","en_FJ","fr_MC","en_TZ","en_ID","es_TC","zh_TW","en_GU","es_GQ","ko_CN","en_GB","mr_IN","es_MX","en_ES","es_BB","es_PR","fr_GP","pt_GW","fi_FI","en_FK","en_NA","zh_CN","en_IE","ca_IT","en_TH","en_LR","ar_KM","en_BZ","de_CH","da_GL","te_IN","en_US","en_JP","ar_QA","en_PW","ar_TN","en_BG","fr_GQ","de_LI","cs_CZ","en_NU","zh_HK","hu_HU","es_VG","ta_IN","ar_EG","ro_MD","en_LS","fr_CM","ar_SD","en_GD","ar_IL","ar_LY","en_UA","fr_TD","pt_LU","es_PA","ta_SG","en_KI","es_CO","en_FM","fr_MF","tr_CY","ar_EH","en_LT","es_IC","en_DK","pt_ST","es_GT","en_GE","fr_YT","ms_BN","en_BI","he_IL","pt_TL","en_SS","es_KY","kk_KZ","en_CA","es_VI","zh-Hant_JP","ar_MR","fr_MG","hr_HR","en_AR","ar_SY","fr_SN","en_TK","en_GY","pt_CV","fr_DZ","es_ES","en_MM","ar_AE","en_001","zh-Hant_MY","en_PG","fr_RW","ca_ES","fr_GA","en_SA","fr_BE","hi_IN","en_AS","pt_MO","en_LV","ta_LK","en_DM","en_LC","en_GG","es_BZ","tr_TR","zh-Hans_MO","es_US","en_150","it_VA","fr_TG","en_EE","it_CH","en_PH","es_EA","es_HN","ms_SG","sv_FI","es_CR","fr_RE","en_CC","en_SB","fr_BF","en_NF","en_CV","en_AT","ar_MA","nl_BE","en_GH","es_GD","en_ZA","pt_FR","th_TH","en_MO","de_IT","es_003","es_PE","de_DE","en_SC","en_NZ","en_NG","en_AU","el_GR","en_GI","ar_001","en_BM","ar_IQ","en_MP","es_PY","fr_DJ","es_EC","en_US_POSIX","vi_VN","en_CX","en_KN","en_SD","en_FR","es_CA","kn_IN","en_IL","es_AR","en_TO","zh-Hans_HK","es_GY","bg_BG","fr_NC","en_BN","ta_MY","en_UG","en_HU","en_PK","uk_UA","en_SX","en_CY","es_CU","sk_SK","en_SE","fr_BI","fr_ML","de_BE","en_IM","fr_PF","es_DM","es_LC","en_ZW","fr_CA","pl_PL","pt_CH","zh-Hans_JP","ja_JP","en_JE","fr_LU","nl_SR","en_PL","es_PH","zh_MO","fr_GF","en_CZ","fr_BJ","en_IN","zh-Hans_MY","en_AE","en_RO","fr_NE","en_MS","es_419","it_IT","ar_TD","en_SZ","fr_WF","es_SV","ml_IN","en_SG","es_CW","en_CH","ru_MD","pt_BR","en_IO","bn_IN","ar_PS","en_TR","ar_KW","es_DO","en_GM","it_SM","ms_MY","es_UY","en_MT","es_BM","sl_SI","en_PN","es_HT","en_KR","en_SH","en_VU","es_KN","fr_BL","en_NL","ca_FR","en_AG","fr_KM","fr_SC","fr_CD","ko_KP","or_IN","nb_SJ","zh-Hant_CN","en_MU","ru_RU","fr_TN","ar_DZ","en_BR","en_SI","hr_BA","es_NI","en_VC","ar_ER","fr_HT","en_TT","ar_SO","ca_AD","da_DK","fr_FR","en_BS","en_MV","nl_CW","nb_NO","es_BO","de_LU","pt_GQ","ar_JO","en_CK","fr_MQ","zh_SG","ms_ID","en_AI","fr_CF","ko_KR","en_MW","en_UM","en_SK","en_CL","en_NO","fr_MR","en_TV","fr_SY","en_TC","fr_CG","nl_SX","es_BQ","ar_YE","ru_BY","sv_SE","en_BB","de_AT","en_MX","ar_DJ","lt_LT","nl_AW","en_SL","en_PR","en_CM","ru_KZ","ar_OM","ar_BH","ru_KG","en_IT","pt_MZ","fr_PM","en_TW","id_ID","pt_PT","es_AG","en_DE","fr_CH","en_GR","en_RU","gu_IN","en_MY","es_BR"],"SupportedLanguages":["ur","lt","ja","id","mr","ms","hi","es-419","es","pl","ca","ta","fr","en-IN","or","fr-CA","da","bg","te","kk-Cyrl","pt-BR","zh-Hant-HK","hr","gu","de","th","sk","ro","sl","nb","kk","en-GB","hu","zh-HK","bn","ar","it","kn","ko","uk","pa","ru","vi","zh-Hans","zh-Hant","en-AU","ml","pt-PT","tr","fi","en-US","el","cs","sv","nl","he","en","es-US"]}
[19:38:51] 000081...: Batch Activate hoàn tất thành công.
[19:38:51] 000081...: RUN: C:\TIKTOOL PRO V4\ideviceactivation.exe activate -u 00008101-000D6D113A89001E -b
[19:38:54] 000081...: NOTE: This device appears to be already activated. The server might report an error 'Device Unknown' instead of acknowledging the activation.
Activation server reports that device is already activated.
[19:38:54] 000081...: RUN: C:\TIKTOOL PRO V4\ios.exe prepare --skip-all --udid=00008101-00195C1036E8001E --nojson
[19:38:57] 000081...: NOTE: This device appears to be already activated. The server might report an error 'Device Unknown' instead of acknowledging the activation.
Activation server reports that device is already activated.
[19:38:57] 000081...: RUN: C:\TIKTOOL PRO V4\ios.exe prepare --skip-all --udid=00008101-000D6D113A89001E --nojson
[19:38:58] 000081...: time="2026-09-04T19:38:57+07:00" level=warning msg="go-ios agent is not running. You might need to start it with 'ios tunnel start' for ios17+. Use ENABLE_GO_IOS_AGENT=user for userspace tunnel or ENABLE_GO_IOS_AGENT=kernel for kernel tunnel for the experimental daemon mode."
time="2026-09-04T19:38:57+07:00" level=warning msg="failed to get tunnel info" udid=00008101-000D6D113A89001E
time="2026-09-04T19:38:57+07:00" level=info msg="device is activated:true"
time="2026-09-04T19:38:57+07:00" level=info msg="send flush request"
time="2026-09-04T19:38:57+07:00" level=info msg="get cloud config"
"ok"
[19:38:58] 000081...: RUN: C:\TIKTOOL PRO V4\ios.exe lang --setlocale=ja_JP --setlang=ja --udid=00008101-000D6D113A89001E --nojson
[19:38:59] 000081...: time="2026-09-04T19:38:54+07:00" level=warning msg="go-ios agent is not running. You might need to start it with 'ios tunnel start' for ios17+. Use ENABLE_GO_IOS_AGENT=user for userspace tunnel or ENABLE_GO_IOS_AGENT=kernel for kernel tunnel for the experimental daemon mode."
time="2026-09-04T19:38:54+07:00" level=warning msg="failed to get tunnel info" udid=00008101-00195C1036E8001E
time="2026-09-04T19:38:54+07:00" level=info msg="device is activated:true"
time="2026-09-04T19:38:54+07:00" level=info msg="send flush request"
time="2026-09-04T19:38:54+07:00" level=info msg="get cloud config"
"ok"
[19:38:59] 000081...: RUN: C:\TIKTOOL PRO V4\ios.exe lang --setlocale=ja_JP --setlang=ja --udid=00008101-00195C1036E8001E --nojson
[19:39:04] 000081...: time="2026-09-04T19:38:58+07:00" level=warning msg="go-ios agent is not running. You might need to start it with 'ios tunnel start' for ios17+. Use ENABLE_GO_IOS_AGENT=user for userspace tunnel or ENABLE_GO_IOS_AGENT=kernel for kernel tunnel for the experimental daemon mode."
time="2026-09-04T19:38:58+07:00" level=warning msg="failed to get tunnel info" udid=00008101-000D6D113A89001E
{"Language":"ja","Locale":"ja_JP","SupportedLocales":["sv_AX","en_CN","ro_RO","en_VG","es_VC","fr_MA","en_AL","es_TT","ar_SS","fr_VU","fr_CI","en_GS","en_BW","en_JM","es_BS","en_BD","en_MG","en_PT","en_HK","fr_GN","ru_UA","ar_LB","en_CO","en_KE","en_NR","fr_MU","en_FI","nl_BQ","en_WS","en_DG","ar_SA","en_RW","en_ZM","en_BE","bn_BD","el_CY","en_MH","nl_NL","pt_AO","en_ER","en_KY","es_CL","en_VI","en_FJ","es_VE","fr_MC","en_TZ","en_ID","es_TC","zh_TW","en_GU","es_GQ","ko_CN","mr_IN","en_GB","es_MX","en_ES","es_BB","es_PR","fr_GP","pt_GW","fi_FI","en_FK","en_NA","zh_CN","en_IE","en_LR","ca_IT","en_TH","ar_KM","en_BZ","de_CH","da_GL","te_IN","en_BG","en_US","ar_QA","en_PW","ar_TN","en_JP","fr_GQ","de_LI","cs_CZ","hu_HU","zh_HK","en_NU","es_VG","ta_IN","ar_EG","ro_MD","en_LS","fr_CM","ar_SD","en_GD","ar_IL","ar_LY","en_UA","fr_TD","pt_LU","es_PA","ta_SG","en_KI","es_CO","en_FM","fr_MF","tr_CY","ar_EH","en_LT","es_IC","en_DK","pt_ST","es_GT","fr_YT","en_GE","ms_BN","en_BI","he_IL","pt_TL","en_SS","es_KY","kk_KZ","en_CA","es_VI","zh-Hant_JP","ar_MR","fr_MG","hr_HR","en_AR","ar_SY","en_TK","fr_SN","en_GY","pt_CV","en_MM","fr_DZ","ar_AE","es_ES","en_001","en_PG","ca_ES","fr_RW","zh-Hant_MY","fr_GA","en_SA","fr_BE","hi_IN","en_AS","pt_MO","en_LV","ta_LK","en_DM","en_LC","en_GG","es_BZ","tr_TR","it_CH","es_US","en_150","it_VA","fr_TG","en_EE","zh-Hans_MO","en_PH","es_HN","es_EA","en_CV","ms_SG","es_CR","fr_RE","en_CC","fr_BF","en_NF","en_SB","sv_FI","en_AT","ar_MA","nl_BE","en_GH","es_GD","th_TH","pt_FR","en_ZA","en_MO","de_IT","es_003","es_PE","de_DE","en_SC","en_NZ","en_NG","en_AU","el_GR","en_GI","ar_001","en_BM","ar_IQ","en_MP","es_PY","fr_DJ","es_EC","vi_VN","en_US_POSIX","en_CX","en_KN","en_SD","en_FR","es_CA","kn_IN","en_IL","es_AR","en_TO","zh-Hans_HK","es_GY","bg_BG","fr_NC","ta_MY","en_BN","en_UG","en_HU","en_PK","uk_UA","en_SX","en_CY","en_SE","es_CU","sk_SK","fr_BI","fr_ML","de_BE","en_IM","fr_PF","es_DM","es_LC","en_ZW","fr_CA","pl_PL","pt_CH","zh-Hans_JP","ja_JP","en_JE","fr_LU","nl_SR","en_PL","zh_MO","en_CZ","fr_GF","es_PH","fr_BJ","en_IN","zh-Hans_MY","en_AE","en_RO","fr_NE","en_MS","es_419","it_IT","ar_TD","en_SZ","fr_WF","ru_MD","ml_IN","en_SG","es_CW","en_CH","es_SV","pt_BR","en_IO","bn_IN","ar_PS","en_TR","ar_KW","es_DO","en_GM","it_SM","ms_MY","sl_SI","en_MT","es_UY","es_BM","en_PN","es_HT","en_KR","en_SH","en_VU","es_KN","fr_BL","en_NL","ca_FR","en_AG","fr_KM","fr_SC","fr_CD","ko_KP","or_IN","nb_SJ","zh-Hant_CN","en_MU","ru_RU","fr_TN","ar_DZ","en_BR","en_SI","hr_BA","es_NI","ar_ER","en_VC","fr_HT","en_TT","ar_SO","ca_AD","fr_FR","da_DK","en_BS","nl_CW","en_MV","es_BO","nb_NO","de_LU","en_CK","pt_GQ","ar_JO","fr_MQ","zh_SG","ms_ID","en_AI","fr_CF","ko_KR","en_MW","en_UM","en_SK","en_CL","en_NO","fr_MR","en_TV","fr_SY","en_TC","fr_CG","nl_SX","es_BQ","ar_YE","ru_BY","sv_SE","en_BB","en_PR","en_MX","ar_DJ","lt_LT","nl_AW","ar_OM","en_SL","en_CM","ru_KZ","de_AT","ar_BH","ru_KG","en_IT","id_ID","pt_MZ","fr_PM","en_TW","es_AG","pt_PT","en_DE","fr_CH","en_GR","gu_IN","en_RU","en_MY","es_BR"],"SupportedLanguages":["ur","lt","ja","id","mr","ms","hi","es-419","es","pl","ca","ta","fr","en-IN","or","fr-CA","da","bg","te","kk-Cyrl","pt-BR","zh-Hant-HK","hr","gu","de","th","sk","ro","sl","nb","kk","en-GB","hu","zh-HK","bn","ar","it","kn","ko","uk","pa","ru","vi","zh-Hans","zh-Hant","en-AU","ml","pt-PT","tr","fi","en-US","el","cs","sv","nl","he","en","es-US"]}
[19:39:04] 000081...: Batch Activate hoàn tất thành công.
[19:39:44] 000081...: time="2026-09-04T19:37:44+07:00" level=warning msg="go-ios agent is not running. You might need to start it with 'ios tunnel start' for ios17+. Use ENABLE_GO_IOS_AGENT=user for userspace tunnel or ENABLE_GO_IOS_AGENT=kernel for kernel tunnel for the experimental daemon mode."
time="2026-09-04T19:37:44+07:00" level=warning msg="failed to get tunnel info" udid=00008101-000245012293001E
Command timed out
[19:39:44] 000081...: Đặt ngôn ngữ sau Activate thất bại!
[19:39:50] 000081...: Đã ngắt kết nối.
[19:39:51] 000081...: time="2026-09-04T19:38:59+07:00" level=warning msg="go-ios agent is not running. You might need to start it with 'ios tunnel start' for ios17+. Use ENABLE_GO_IOS_AGENT=user for userspace tunnel or ENABLE_GO_IOS_AGENT=kernel for kernel tunnel for the experimental daemon mode."
time="2026-09-04T19:38:59+07:00" level=warning msg="failed to get tunnel info" udid=00008101-00195C1036E8001E
time="2026-09-04T19:39:51+07:00" level=fatal msg="failed getting language" err=EOF
[19:39:51] 000081...: Đặt ngôn ngữ sau Activate thất bại!
[19:39:51] 000081...: Đã ngắt kết nối.
[19:39:51] 000081...: time="2026-09-04T19:38:09+07:00" level=warning msg="go-ios agent is not running. You might need to start it with 'ios tunnel start' for ios17+. Use ENABLE_GO_IOS_AGENT=user for userspace tunnel or ENABLE_GO_IOS_AGENT=kernel for kernel tunnel for the experimental daemon mode."
time="2026-09-04T19:38:09+07:00" level=warning msg="failed to get tunnel info" udid=00008101-000434C12120001E
time="2026-09-04T19:39:51+07:00" level=fatal msg="failed getting language" err=EOF
[19:39:51] 000081...: Đặt ngôn ngữ sau Activate thất bại!
[19:39:51] 000081...: Đã ngắt kết nối.
[19:39:52] 000081...: Đã ngắt kết nối.
[19:39:52] 000081...: Đã ngắt kết nối.
[19:39:52] 000081...: Đã ngắt kết nối.
[19:39:53] 000081...: Đã ngắt kết nối.
[19:39:53] 000081...: Đã ngắt kết nối.
[19:39:53] 000081...: Đã ngắt kết nối.
[19:39:54] 000081...: Đã ngắt kết nối.
[19:40:09] 000081...: Kết nối: iPhone • iOS 26.6.1
[19:40:11] 000081...: Kết nối: iPhone • iOS 26.6.1
[19:40:13] 000081...: Kết nối: iPhone • iOS 26.6.1
[19:40:14] 000081...: Kết nối: iPhone • iOS 26.6.1
[19:40:16] 000081...: Kết nối: iPhone • iOS 26.6.1
[19:40:16] 000081...: Kết nối: iPhone • iOS 26.6.1
[19:40:19] 000081...: Kết nối: iPhone • iOS 26.6.1
[19:40:21] 000081...: Kết nối: iPhone • iOS 26.6.1
[19:40:22] 000081...: Kết nối: iPhone • iOS 26.6.1
[19:40:24] 000081...: Kết nối: iPhone • iOS 26.6.1
[19:40:35] SYSTEM...: Restore chuyển kho: B ➜ A | 79 bản backup | 10 máy ghép nối
[19:40:36] 000081...: SUCCESS: Validated pairing with device 00008101-000124C011A3001E
[19:40:36] 000081...: Đang tạo bản staging riêng; backup gốc chỉ được đọc...
[19:40:36] 000081...: SUCCESS: Validated pairing with device 00008101-000E41E036E8001E
[19:40:36] 000081...: Đang tạo bản staging riêng; backup gốc chỉ được đọc...
[19:40:37] 000081...: SUCCESS: Validated pairing with device 00008101-000508C23CE0001E
[19:40:37] 000081...: Đang tạo bản staging riêng; backup gốc chỉ được đọc...
[19:40:37] 000081...: SUCCESS: Validated pairing with device 00008101-000C55A12E91003A
[19:40:37] 000081...: Đang tạo bản staging riêng; backup gốc chỉ được đọc...
[19:40:50] 000081...: [=                                                 ]   1% Finished
[19:40:50] 000081...: [=                                                 ]   1% Finished
[19:40:50] 000081...: [=                                                 ]   1% Finished
[19:40:50] 000081...: [=                                                 ]   1% Finished
[19:40:51] 000081...: [===                                               ]   6% Finished
[19:40:51] 000081...: [===                                               ]   6% Finished
[19:40:52] 000081...: [======                                            ]  11% Finished
[19:40:52] 000081...: [====                                              ]   6% Finished
[19:40:52] 000081...: [======                                            ]  11% Finished
[19:40:52] 000081...: [====                                              ]   7% Finished
[19:40:52] 000081...: [==========                                        ]  19% Finished
[19:40:53] 000081...: [==========                                        ]  19% Finished
[19:40:53] 000081...: [==========                                        ]  19% Finished
[19:40:55] 000081...: [=========                                         ]  16% Finished
[19:40:55] 000081...: [=============                                     ]  25% Finished
[19:40:55] 000081...: [====================                              ]  38% Finished
[19:40:55] 000081...: [====================                              ]  39% Finished
[19:40:56] 000081...: [=======================                           ]  44% Finished
[19:40:56] 000081...: [=======================                           ]  44% Finished
[19:40:57] 000081...: [===================                               ]  38% Finished
[19:40:57] 000081...: [=====================                             ]  40% Finished
[19:40:57] 000081...: [======================                            ]  44% Finished
[19:40:58] 000081...: [=======================                           ]  45% Finished
[19:41:00] 000081...: [=========================                         ]  49% Finished
[19:41:01] 000081...: [=========================                         ]  49% Finished
[19:41:01] 000081...: [============================                      ]  54% Finished
[19:41:01] 000081...: [=========================                         ]  49% Finished
[19:41:01] 000081...: [===========================                       ]  54% Finished
[19:41:01] 000081...: [==============================                    ]  59% Finished
[19:41:01] 000081...: [============================                      ]  55% Finished
[19:41:02] 000081...: [==============================                    ]  59% Finished
[19:41:02] 000081...: [===========================                       ]  52% Finished
[19:41:02] 000081...: [==============================                    ]  60% Finished
[19:41:02] 000081...: [=============================                     ]  57% Finished
[19:41:03] 000081...: [===============================                   ]  62% Finished
[19:41:03] 000081...: [========================================          ]  79% Finished
[19:41:04] 000081...: [=======================================           ]  78% Finished
[19:41:04] 000081...: [========================================          ]  79% Finished
[19:41:05] 000081...: [=======================================           ]  76% Finished
[19:41:05] 000081...: [===========================================       ]  85% Finished
[19:41:05] 000081...: [===========================================       ]  85% Finished
[19:41:05] 000081...: [===============================================   ]  94% Finished
[19:41:06] 000081...: [==================================================]  99% Finished
[19:41:06] 000081...: [=========================================         ]  81% Finished
[19:41:06] 000081...: [===========================================       ]  84% Finished
[19:41:06] 000081...: [===============================================   ]  93% Finished
[19:41:06] 000081...: [===============================================   ]  94% Finished
[19:41:07] 000081...: [============================================      ]  86% Finished
[19:41:07] 000081...: [================================================  ]  95% Finished
[19:41:19] 000081...: [==================================================] 100% Finished
[19:41:19] 000081...: Restore Successful.
[19:41:19] 000081...: Khôi phục dữ liệu Restore hoàn tất thành công.
[19:41:20] 000081...: [==================================================]  98% Finished
[19:41:20] 000081...: [==================================================] 100% Finished
[19:41:20] 000081...: Restore Successful.
[19:41:20] 000081...: Khôi phục dữ liệu Restore hoàn tất thành công.
[19:41:20] 000081...: [==================================================] 100% Finished
[19:41:20] 000081...: [==================================================]  99% Finished
[19:41:20] 000081...: [==================================================] 100% Finished
[19:41:20] 000081...: [==================================================] 100% Finished
[19:41:20] 000081...: Restore Successful.
[19:41:20] 000081...: Restore Successful.
[19:41:20] 000081...: Khôi phục dữ liệu Restore hoàn tất thành công.
[19:41:20] 000081...: Khôi phục dữ liệu Restore hoàn tất thành công.
[19:41:22] 000081...: Đã chuyển kho thành công: B ➔ Kho đối diện:
233_iPhone_nguyntrcvn7569
[19:41:22] 000081...: ✓ Đã chuyển iPhone thứ 41 qua Kho đối diện thành công!
[19:41:22] 000081...: ⚡ Auto Activate sau Restore: đang chờ thiết bị reboot...
[19:41:22] 000081...: ⏳ Restore hoàn tất. Bắt đầu đếm ngược (80s) cho iPhone khởi động hoàn toàn...
[19:41:23] 000081...: Đã chuyển kho thành công: B ➔ Kho đối diện:
230_iPhone_nguynphnglinh2934
[19:41:23] 000081...: ✓ Đã chuyển iPhone thứ 42 qua Kho đối diện thành công!
[19:41:23] 000081...: ⚡ Auto Activate sau Restore: đang chờ thiết bị reboot...
[19:41:23] 000081...: ⏳ Restore hoàn tất. Bắt đầu đếm ngược (80s) cho iPhone khởi động hoàn toàn...
[19:41:23] 000081...: SUCCESS: Validated pairing with device 00008101-00012CE20202001E
[19:41:23] 000081...: Đang tạo bản staging riêng; backup gốc chỉ được đọc...
[19:41:23] 000081...: SUCCESS: Validated pairing with device 00008101-000E10A41E78001E
[19:41:23] 000081...: Đang tạo bản staging riêng; backup gốc chỉ được đọc...
[19:41:23] 000081...: Đã chuyển kho thành công: B ➔ Kho đối diện:
234_iPhone_nguynththanhtrc250
[19:41:23] 000081...: ✓ Đã chuyển iPhone thứ 43 qua Kho đối diện thành công!
[19:41:23] 000081...: ⚡ Auto Activate sau Restore: đang chờ thiết bị reboot...
[19:41:23] 000081...: ⏳ Restore hoàn tất. Bắt đầu đếm ngược (80s) cho iPhone khởi động hoàn toàn...
[19:41:23] 000081...: Đã chuyển kho thành công: B ➔ Kho đối diện:
231_iPhone_hunhhonvi901
[19:41:23] 000081...: ✓ Đã chuyển iPhone thứ 43 qua Kho đối diện thành công!
[19:41:23] 000081...: ⚡ Auto Activate sau Restore: đang chờ thiết bị reboot...
[19:41:23] 000081...: ⏳ Restore hoàn tất. Bắt đầu đếm ngược (80s) cho iPhone khởi động hoàn toàn...
[19:41:23] 000081...: SUCCESS: Validated pairing with device 00008101-000B05581468001E
[19:41:23] 000081...: Đang tạo bản staging riêng; backup gốc chỉ được đọc...
[19:41:24] 000081...: SUCCESS: Validated pairing with device 00008101-000101C61E44001E
[19:41:24] 000081...: Đang tạo bản staging riêng; backup gốc chỉ được đọc...
[19:41:29] 000081...: Đã ngắt kết nối.
[19:41:29] 000081...: Đã ngắt kết nối.
[19:41:30] 000081...: Đã ngắt kết nối.
[19:41:30] 000081...: Đã ngắt kết nối.
[19:41:36] 000081...: [=                                                 ]   1% Finished
[19:41:37] 000081...: [=                                                 ]   1% Finished
[19:41:37] 000081...: [====                                              ]   6% Finished
[19:41:37] 000081...: [======                                            ]  11% Finished
[19:41:37] 000081...: [=                                                 ]   1% Finished
[19:41:38] 000081...: [=                                                 ]   1% Finished
[19:41:38] 000081...: [=========                                         ]  17% Finished
[19:41:39] 000081...: [====                                              ]   6% Finished
[19:41:39] 000081...: [======                                            ]  11% Finished
[19:41:39] 000081...: [===                                               ]   6% Finished
[19:41:39] 000081...: [=====                                             ]  10% Finished
[19:41:40] 000081...: [=========                                         ]  16% Finished
[19:41:40] 000081...: [======                                            ]  11% Finished
[19:41:40] 000081...: [============                                      ]  22% Finished
[19:41:40] 000081...: [===================                               ]  37% Finished
[19:41:41] 000081...: [========                                          ]  15% Finished
[19:41:41] 000081...: [==========                                        ]  19% Finished
[19:41:41] 000081...: [============                                      ]  22% Finished
[19:41:41] 000081...: [=======================                           ]  45% Finished
[19:41:42] 000081...: ⏳ Đang chờ iPhone khởi động lại: còn 60s...
[19:41:42] 000081...: [===========                                       ]  21% Finished
[19:41:42] 000081...: [==================                                ]  36% Finished
[19:41:43] 000081...: ⏳ Đang chờ iPhone khởi động lại: còn 60s...
[19:41:43] 000081...: [====================                              ]  39% Finished
[19:41:43] 000081...: ⏳ Đang chờ iPhone khởi động lại: còn 60s...
[19:41:43] 000081...: ⏳ Đang chờ iPhone khởi động lại: còn 60s...
[19:41:43] 000081...: [====================                              ]  39% Finished
[19:41:43] 000081...: [======================                            ]  43% Finished
[19:41:44] 000081...: [======================                            ]  44% Finished
[19:41:44] 000081...: [=======================                           ]  45% Finished
[19:41:46] 000081...: [=========================                         ]  50% Finished
[19:41:46] 000081...: [============================                      ]  55% Finished
[19:41:47] 000081...: [===============================                   ]  60% Finished
[19:41:48] 000081...: [========================                          ]  48% Finished
[19:41:48] 000081...: [==========================                        ]  50% Finished
[19:41:48] 000081...: [==========================                        ]  52% Finished
[19:41:48] 000081...: [======================================            ]  75% Finished
[19:41:48] 000081...: [==========================                        ]  50% Finished
[19:41:48] 000081...: [============================                      ]  55% Finished
[19:41:48] 000081...: [============================                      ]  55% Finished
[19:41:49] 000081...: [=============================                     ]  57% Finished
[19:41:49] 000081...: [========================================          ]  80% Finished
[19:41:49] 000081...: [==============================                    ]  60% Finished
[19:41:49] 000081...: [================================                  ]  62% Finished
[19:41:51] 000081...: Kết nối: iPhone • iOS 26.6.1
[19:41:51] 000081...: [=====================================             ]  74% Finished
[19:41:51] 000081...: [===============================================   ]  94% Finished
[19:41:52] 000081...: [========================================          ]  78% Finished
[19:41:52] 000081...: [========================================          ]  78% Finished
[19:41:52] 000081...: [==========================================        ]  82% Finished
[19:41:52] 000081...: Kết nối: iPhone • iOS 26.6.1
[19:41:53] 000081...: [===========================================       ]  84% Finished
[19:41:53] 000081...: [===============================================   ]  93% Finished
[19:41:53] 000081...: [===========================================       ]  84% Finished
[19:41:53] 000081...: [===============================================   ]  93% Finished
[19:41:54] 000081...: Kết nối: iPhone • iOS 26.6.1
[19:41:54] 000081...: Kết nối: iPhone • iOS 26.6.1
[19:41:54] 000081...: [===============================================   ]  93% Finished
[19:41:54] 000081...: [==================================================]  98% Finished
[19:42:02] 000081...: ⏳ Đang chờ iPhone khởi động lại: còn 40s...
[19:42:03] 000081...: ⏳ Đang chờ iPhone khởi động lại: còn 40s...
[19:42:03] 000081...: ⏳ Đang chờ iPhone khởi động lại: còn 40s...
[19:42:03] 000081...: ⏳ Đang chờ iPhone khởi động lại: còn 40s...
[19:42:04] 000081...: [==================================================] 100% Finished
[19:42:04] 000081...: [==================================================] 100% Finished
[19:42:04] 000081...: Restore Successful.
[19:42:04] 000081...: Khôi phục dữ liệu Restore hoàn tất thành công.
[19:42:06] 000081...: Đã chuyển kho thành công: B ➔ Kho đối diện:
236_iPhone_nguynmphng197
[19:42:06] 000081...: ✓ Đã chuyển iPhone thứ 45 qua Kho đối diện thành công!
[19:42:06] 000081...: ⚡ Auto Activate sau Restore: đang chờ thiết bị reboot...
[19:42:06] 000081...: ⏳ Restore hoàn tất. Bắt đầu đếm ngược (80s) cho iPhone khởi động hoàn toàn...
[19:42:06] 000081...: SUCCESS: Validated pairing with device 00008101-000C0D0C3C86001E
[19:42:06] 000081...: Đang tạo bản staging riêng; backup gốc chỉ được đọc...
[19:42:06] 000081...: [==================================================]  98% Finished
[19:42:06] 000081...: [==================================================] 100% Finished
[19:42:06] 000081...: [==================================================] 100% Finished
[19:42:06] 000081...: Restore Successful.
[19:42:06] 000081...: Khôi phục dữ liệu Restore hoàn tất thành công.
[19:42:07] 000081...: [==================================================]  98% Finished
[19:42:07] 000081...: [==================================================] 100% Finished
[19:42:07] 000081...: [==================================================] 100% Finished
[19:42:07] 000081...: Restore Successful.
[19:42:07] 000081...: Khôi phục dữ liệu Restore hoàn tất thành công.
[19:42:07] 000081...: [==================================================] 100% Finished
[19:42:07] 000081...: [==================================================] 100% Finished
[19:42:07] 000081...: Restore Successful.
[19:42:07] 000081...: Khôi phục dữ liệu Restore hoàn tất thành công.
[19:42:10] 000081...: Đã chuyển kho thành công: B ➔ Kho đối diện:
240_iPhone_ngnguytkhanh19
[19:42:10] 000081...: ✓ Đã chuyển iPhone thứ 46 qua Kho đối diện thành công!
[19:42:10] 000081...: ⚡ Auto Activate sau Restore: đang chờ thiết bị reboot...
[19:42:10] 000081...: ⏳ Restore hoàn tất. Bắt đầu đếm ngược (80s) cho iPhone khởi động hoàn toàn...
[19:42:10] 000081...: SUCCESS: Validated pairing with device 00008101-000D08DA1180001E
[19:42:10] 000081...: Đang tạo bản staging riêng; backup gốc chỉ được đọc...
[19:42:11] 000081...: Đã chuyển kho thành công: B ➔ Kho đối diện:
239_iPhone_lththuthy7312
[19:42:11] 000081...: ✓ Đã chuyển iPhone thứ 47 qua Kho đối diện thành công!
[19:42:11] 000081...: ⚡ Auto Activate sau Restore: đang chờ thiết bị reboot...
[19:42:11] 000081...: ⏳ Restore hoàn tất. Bắt đầu đếm ngược (80s) cho iPhone khởi động hoàn toàn...
[19:42:11] 000081...: Đã chuyển kho thành công: B ➔ Kho đối diện:
238_iPhone_phbchloan684
[19:42:11] 000081...: ✓ Đã chuyển iPhone thứ 48 qua Kho đối diện thành công!
[19:42:11] 000081...: ⚡ Auto Activate sau Restore: đang chờ thiết bị reboot...
[19:42:11] 000081...: ⏳ Restore hoàn tất. Bắt đầu đếm ngược (80s) cho iPhone khởi động hoàn toàn...
[19:42:14] 000081...: Đã ngắt kết nối.
[19:42:16] 000081...: Đã ngắt kết nối.
[19:42:17] 000081...: Đã ngắt kết nối.
[19:42:17] 000081...: Đã ngắt kết nối.
[19:42:20] 000081...: [=                                                 ]   1% Finished
[19:42:21] 000081...: [====                                              ]   7% Finished
[19:42:21] 000081...: [=                                                 ]   1% Finished
[19:42:22] 000081...: [=========                                         ]  17% Finished
[19:42:22] 000081...: ⏳ Đang chờ iPhone khởi động lại: còn 20s...
[19:42:23] 000081...: [====                                              ]   6% Finished
[19:42:23] 000081...: ⏳ Đang chờ iPhone khởi động lại: còn 20s...
[19:42:23] 000081...: [===================                               ]  36% Finished
[19:42:23] 000081...: [======                                            ]  11% Finished
[19:42:23] 000081...: ⏳ Đang chờ iPhone khởi động lại: còn 20s...
[19:42:23] 000081...: ⏳ Đang chờ iPhone khởi động lại: còn 20s...
[19:42:24] 000081...: [=====================                             ]  42% Finished
[19:42:24] 000081...: [=========                                         ]  17% Finished
[19:42:24] 000081...: [============                                      ]  22% Finished
[19:42:25] 000081...: [===================                               ]  37% Finished
[19:42:25] 000081...: [======================                            ]  42% Finished
[19:42:26] 000081...: ⏳ Đang chờ iPhone khởi động lại: còn 60s...
[19:42:28] 000081...: [========================                          ]  47% Finished
[19:42:28] 000081...: [============================                      ]  54% Finished
[19:42:29] 000081...: [==============================                    ]  59% Finished
[19:42:29] 000081...: [================================                  ]  64% Finished
[19:42:29] 000081...: [========================                          ]  47% Finished
[19:42:30] 000081...: [=========================                         ]  50% Finished
[19:42:30] 000081...: ⏳ Đang chờ iPhone khởi động lại: còn 60s...
[19:42:30] 000081...: [========================================          ]  78% Finished
[19:42:30] 000081...: [============================                      ]  55% Finished
[19:42:31] 000081...: ⏳ Đang chờ iPhone khởi động lại: còn 60s...
[19:42:31] 000081...: ⏳ Đang chờ iPhone khởi động lại: còn 60s...
[19:42:31] 000081...: [==============================                    ]  60% Finished
[19:42:31] 000081...: [==========================================        ]  83% Finished
[19:42:32] 000081...: [===============================================   ]  94% Finished
[19:42:32] 000081...: [======================================            ]  74% Finished
[19:42:34] 000081...: [========================================          ]  79% Finished
[19:42:34] 000081...: [===========================================       ]  84% Finished
[19:42:34] 000081...: [===============================================   ]  94% Finished
[19:42:36] 000081...: Kết nối: iPhone • iOS 26.6.1
[19:42:37] 000081...: Kết nối: iPhone • iOS 26.6.1
[19:42:38] 000081...: Kết nối: iPhone • iOS 26.6.1
[19:42:40] 000081...: Kết nối: iPhone • iOS 26.6.1
[19:42:42] 000081...: ⌛ Đã hết 80 giây chờ! Đang kiểm tra kết nối thiết bị...
[19:42:43] 000081...: ⌛ Đã hết 80 giây chờ! Đang kiểm tra kết nối thiết bị...
[19:42:43] 000081...: ⌛ Đã hết 80 giây chờ! Đang kiểm tra kết nối thiết bị...
[19:42:43] 000081...: ⌛ Đã hết 80 giây chờ! Đang kiểm tra kết nối thiết bị...
[19:42:45] 000081...: ✅ iPhone đã khởi động xong & kết nối ổn định ➔ Bắt đầu Batch Activate...
[19:42:45] 000081...: RUN: C:\TIKTOOL PRO V4\ideviceactivation.exe activate -u 00008101-000508C23CE0001E -b
[19:42:46] 000081...: [==================================================]  99% Finished
[19:42:46] 000081...: [==================================================] 100% Finished
[19:42:46] 000081...: Restore Successful.
[19:42:46] 000081...: Khôi phục dữ liệu Restore hoàn tất thành công.
[19:42:46] 000081...: ✅ iPhone đã khởi động xong & kết nối ổn định ➔ Bắt đầu Batch Activate...
[19:42:46] 000081...: RUN: C:\TIKTOOL PRO V4\ideviceactivation.exe activate -u 00008101-000124C011A3001E -b
[19:42:46] 000081...: ⏳ Đang chờ iPhone khởi động lại: còn 40s...
[19:42:46] 000081...: ✅ iPhone đã khởi động xong & kết nối ổn định ➔ Bắt đầu Batch Activate...
[19:42:46] 000081...: ✅ iPhone đã khởi động xong & kết nối ổn định ➔ Bắt đầu Batch Activate...
[19:42:47] 000081...: Đã chuyển kho thành công: B ➔ Kho đối diện:
237_iPhone_phmcmthy6564
[19:42:47] 000081...: ✓ Đã chuyển iPhone thứ 49 qua Kho đối diện thành công!
[19:42:47] 000081...: ⚡ Auto Activate sau Restore: đang chờ thiết bị reboot...
[19:42:47] 000081...: ⏳ Restore hoàn tất. Bắt đầu đếm ngược (80s) cho iPhone khởi động hoàn toàn...
[19:42:47] 000081...: RUN: C:\TIKTOOL PRO V4\ideviceactivation.exe activate -u 00008101-000C55A12E91003A -b
[19:42:47] 000081...: [==================================================] 100% Finished
[19:42:47] 000081...: Restore Successful.
[19:42:47] 000081...: Khôi phục dữ liệu Restore hoàn tất thành công.
[19:42:49] 000081...: Đã chuyển kho thành công: B ➔ Kho đối diện:
235_iPhone_diuphng259
[19:42:49] 000081...: ✓ Đã chuyển iPhone thứ 50 qua Kho đối diện thành công!
[19:42:49] 000081...: ⚡ Auto Activate sau Restore: đang chờ thiết bị reboot...
[19:42:49] 000081...: ⏳ Restore hoàn tất. Bắt đầu đếm ngược (80s) cho iPhone khởi động hoàn toàn...
[19:42:49] 000081...: RUN: C:\TIKTOOL PRO V4\ideviceactivation.exe activate -u 00008101-000E41E036E8001E -b
[19:42:50] 000081...: ⏳ Đang chờ iPhone khởi động lại: còn 40s...
[19:42:51] 000081...: NOTE: This device appears to be already activated. The server might report an error 'Device Unknown' instead of acknowledging the activation.
Activation server reports that device is already activated.
[19:42:51] 000081...: RUN: C:\TIKTOOL PRO V4\ios.exe prepare --skip-all --udid=00008101-000508C23CE0001E --nojson
[19:42:51] 000081...: ⏳ Đang chờ iPhone khởi động lại: còn 40s...
[19:42:51] 000081...: ⏳ Đang chờ iPhone khởi động lại: còn 40s...
[19:42:51] 000081...: NOTE: This device appears to be already activated. The server might report an error 'Device Unknown' instead of acknowledging the activation.
Activation server reports that device is already activated.
[19:42:51] 000081...: RUN: C:\TIKTOOL PRO V4\ios.exe prepare --skip-all --udid=00008101-000124C011A3001E --nojson
[19:42:53] 000081...: NOTE: This device appears to be already activated. The server might report an error 'Device Unknown' instead of acknowledging the activation.
Activation server reports that device is already activated.
[19:42:53] 000081...: RUN: C:\TIKTOOL PRO V4\ios.exe prepare --skip-all --udid=00008101-000C55A12E91003A --nojson
[19:42:54] 000081...: NOTE: This device appears to be already activated. The server might report an error 'Device Unknown' instead of acknowledging the activation.
Activation server reports that device is already activated.
[19:42:54] 000081...: RUN: C:\TIKTOOL PRO V4\ios.exe prepare --skip-all --udid=00008101-000E41E036E8001E --nojson
[19:42:55] 000081...: Đã ngắt kết nối.
[19:42:57] 000081...: Đã ngắt kết nối.
[19:43:06] 000081...: ⏳ Đang chờ iPhone khởi động lại: còn 20s...
[19:43:07] 000081...: ⏳ Đang chờ iPhone khởi động lại: còn 60s...
[19:43:09] 000081...: ⏳ Đang chờ iPhone khởi động lại: còn 60s...
[19:43:10] 000081...: ⏳ Đang chờ iPhone khởi động lại: còn 20s...
[19:43:11] 000081...: ⏳ Đang chờ iPhone khởi động lại: còn 20s...
[19:43:11] 000081...: ⏳ Đang chờ iPhone khởi động lại: còn 20s...
[19:43:12] 000081...: time="2026-09-04T19:42:51+07:00" level=warning msg="go-ios agent is not running. You might need to start it with 'ios tunnel start' for ios17+. Use ENABLE_GO_IOS_AGENT=user for userspace tunnel or ENABLE_GO_IOS_AGENT=kernel for kernel tunnel for the experimental daemon mode."
time="2026-09-04T19:42:51+07:00" level=warning msg="failed to get tunnel info" udid=00008101-000508C23CE0001E
time="2026-09-04T19:42:51+07:00" level=info msg="device is activated:true"
time="2026-09-04T19:42:51+07:00" level=info msg="send flush request"
time="2026-09-04T19:43:03+07:00" level=info msg="get cloud config"
"ok"
[19:43:12] 000081...: RUN: C:\TIKTOOL PRO V4\ios.exe lang --setlocale=ja_JP --setlang=ja --udid=00008101-000508C23CE0001E --nojson
[19:43:17] 000081...: Kết nối: iPhone • iOS 26.6.1
[19:43:19] 000081...: Kết nối: iPhone • iOS 26.6.1
[19:43:21] 000081...: time="2026-09-04T19:42:53+07:00" level=warning msg="go-ios agent is not running. You might need to start it with 'ios tunnel start' for ios17+. Use ENABLE_GO_IOS_AGENT=user for userspace tunnel or ENABLE_GO_IOS_AGENT=kernel for kernel tunnel for the experimental daemon mode."
time="2026-09-04T19:42:53+07:00" level=warning msg="failed to get tunnel info" udid=00008101-000C55A12E91003A
time="2026-09-04T19:42:53+07:00" level=info msg="device is activated:true"
time="2026-09-04T19:42:53+07:00" level=info msg="send flush request"
time="2026-09-04T19:43:05+07:00" level=info msg="get cloud config"
"ok"
[19:43:21] 000081...: RUN: C:\TIKTOOL PRO V4\ios.exe lang --setlocale=ja_JP --setlang=ja --udid=00008101-000C55A12E91003A --nojson
[19:43:22] 000081...: time="2026-09-04T19:42:54+07:00" level=warning msg="go-ios agent is not running. You might need to start it with 'ios tunnel start' for ios17+. Use ENABLE_GO_IOS_AGENT=user for userspace tunnel or ENABLE_GO_IOS_AGENT=kernel for kernel tunnel for the experimental daemon mode."
time="2026-09-04T19:42:54+07:00" level=warning msg="failed to get tunnel info" udid=00008101-000E41E036E8001E
time="2026-09-04T19:42:54+07:00" level=info msg="device is activated:true"
time="2026-09-04T19:42:55+07:00" level=info msg="send flush request"
time="2026-09-04T19:43:05+07:00" level=info msg="get cloud config"
"ok"
[19:43:22] 000081...: RUN: C:\TIKTOOL PRO V4\ios.exe lang --setlocale=ja_JP --setlang=ja --udid=00008101-000E41E036E8001E --nojson
[19:43:23] 000081...: time="2026-09-04T19:42:51+07:00" level=warning msg="go-ios agent is not running. You might need to start it with 'ios tunnel start' for ios17+. Use ENABLE_GO_IOS_AGENT=user for userspace tunnel or ENABLE_GO_IOS_AGENT=kernel for kernel tunnel for the experimental daemon mode."
time="2026-09-04T19:42:51+07:00" level=warning msg="failed to get tunnel info" udid=00008101-000124C011A3001E
time="2026-09-04T19:42:51+07:00" level=info msg="device is activated:true"
time="2026-09-04T19:42:51+07:00" level=info msg="send flush request"
time="2026-09-04T19:43:10+07:00" level=info msg="get cloud config"
"ok"
[19:43:23] 000081...: RUN: C:\TIKTOOL PRO V4\ios.exe lang --setlocale=ja_JP --setlang=ja --udid=00008101-000124C011A3001E --nojson
[19:43:26] 000081...: ⌛ Đã hết 80 giây chờ! Đang kiểm tra kết nối thiết bị...
[19:43:27] 000081...: ⏳ Đang chờ iPhone khởi động lại: còn 40s...
[19:43:29] 000081...: ⏳ Đang chờ iPhone khởi động lại: còn 40s...
[19:43:29] 000081...: ✅ iPhone đã khởi động xong & kết nối ổn định ➔ Bắt đầu Batch Activate...
[19:43:30] 000081...: ⌛ Đã hết 80 giây chờ! Đang kiểm tra kết nối thiết bị...
[19:43:31] 000081...: ⌛ Đã hết 80 giây chờ! Đang kiểm tra kết nối thiết bị...
[19:43:31] 000081...: ⌛ Đã hết 80 giây chờ! Đang kiểm tra kết nối thiết bị...
[19:43:33] 000081...: ✅ iPhone đã khởi động xong & kết nối ổn định ➔ Bắt đầu Batch Activate...
[19:43:34] 000081...: ✅ iPhone đã khởi động xong & kết nối ổn định ➔ Bắt đầu Batch Activate...
[19:43:34] 000081...: ✅ iPhone đã khởi động xong & kết nối ổn định ➔ Bắt đầu Batch Activate...
[19:43:34] 000081...: time="2026-09-04T19:43:22+07:00" level=warning msg="go-ios agent is not running. You might need to start it with 'ios tunnel start' for ios17+. Use ENABLE_GO_IOS_AGENT=user for userspace tunnel or ENABLE_GO_IOS_AGENT=kernel for kernel tunnel for the experimental daemon mode."
time="2026-09-04T19:43:22+07:00" level=warning msg="failed to get tunnel info" udid=00008101-000E41E036E8001E
{"Language":"ja","Locale":"ja_JP","SupportedLocales":["sv_AX","en_CN","ro_RO","en_VG","es_VC","fr_MA","en_AL","es_TT","ar_SS","fr_VU","fr_CI","en_GS","en_BW","en_JM","es_BS","en_BD","en_MG","en_PT","en_HK","ar_LB","fr_GN","ru_UA","en_CO","en_KE","en_NR","fr_MU","en_FI","nl_BQ","en_WS","en_DG","ar_SA","en_RW","en_ZM","en_BE","en_ER","en_MH","bn_BD","nl_NL","el_CY","pt_AO","en_KY","es_CL","en_VI","en_FJ","es_VE","fr_MC","en_TZ","en_ID","es_TC","zh_TW","en_GU","es_GQ","en_GB","ko_CN","mr_IN","es_MX","en_ES","es_BB","es_PR","fr_GP","pt_GW","fi_FI","en_FK","en_NA","zh_CN","en_IE","ca_IT","en_TH","en_LR","ar_KM","en_BZ","en_JP","de_CH","te_IN","en_US","en_BG","ar_QA","ar_TN","en_PW","da_GL","fr_GQ","de_LI","cs_CZ","en_NU","zh_HK","hu_HU","es_VG","ta_IN","ar_EG","ro_MD","en_LS","fr_CM","ar_SD","en_GD","ar_IL","ar_LY","en_UA","fr_TD","pt_LU","es_PA","ta_SG","en_KI","es_CO","en_FM","fr_MF","ar_EH","tr_CY","en_LT","es_IC","en_DK","pt_ST","es_GT","fr_YT","en_GE","ms_BN","en_BI","he_IL","pt_TL","en_SS","es_KY","kk_KZ","en_CA","es_VI","zh-Hant_JP","fr_MG","ar_MR","hr_HR","en_AR","ar_SY","fr_SN","en_TK","en_GY","pt_CV","en_MM","es_ES","fr_DZ","ar_AE","en_001","zh-Hant_MY","ca_ES","fr_RW","en_PG","fr_GA","en_SA","fr_BE","hi_IN","en_AS","pt_MO","en_LV","ta_LK","en_DM","en_LC","en_GG","es_BZ","tr_TR","zh-Hans_MO","es_US","en_150","it_VA","fr_TG","it_CH","en_EE","en_PH","es_EA","es_HN","ms_SG","sv_FI","es_CR","en_SB","en_CC","fr_BF","en_NF","en_CV","fr_RE","en_AT","ar_MA","nl_BE","en_GH","es_GD","th_TH","en_ZA","pt_FR","en_MO","de_IT","es_003","es_PE","de_DE","en_SC","en_NZ","en_NG","en_AU","el_GR","en_GI","ar_001","en_BM","ar_IQ","en_MP","es_PY","fr_DJ","es_EC","vi_VN","en_US_POSIX","en_CX","en_KN","en_SD","en_FR","es_CA","kn_IN","en_IL","es_AR","en_TO","zh-Hans_HK","bg_BG","es_GY","fr_NC","en_BN","ta_MY","en_UG","uk_UA","en_PK","en_SX","en_HU","en_CY","en_SE","sk_SK","es_CU","fr_BI","fr_ML","de_BE","en_IM","fr_PF","es_DM","es_LC","en_ZW","fr_CA","pl_PL","pt_CH","nl_SR","en_JE","zh-Hans_JP","fr_LU","ja_JP","en_PL","es_PH","en_CZ","fr_GF","zh_MO","fr_BJ","en_IN","zh-Hans_MY","en_AE","en_RO","fr_NE","en_MS","es_419","it_IT","ar_TD","en_SZ","fr_WF","ru_MD","ml_IN","en_SG","es_SV","es_CW","en_CH","pt_BR","en_IO","ar_PS","en_TR","bn_IN","ar_KW","es_DO","en_GM","it_SM","ms_MY","sl_SI","es_UY","en_MT","es_BM","en_PN","es_HT","en_KR","en_SH","en_VU","es_KN","fr_BL","en_NL","ca_FR","en_AG","fr_KM","fr_SC","fr_CD","ko_KP","or_IN","nb_SJ","en_BR","en_MU","ru_RU","fr_TN","ar_DZ","zh-Hant_CN","en_SI","en_VC","es_NI","ar_ER","hr_BA","fr_HT","en_TT","ar_SO","ca_AD","fr_FR","da_DK","en_BS","nl_CW","en_MV","es_BO","nb_NO","de_LU","en_CK","ar_JO","pt_GQ","fr_MQ","zh_SG","ms_ID","en_AI","fr_CF","ko_KR","en_MW","en_UM","en_SK","en_CL","en_NO","fr_MR","en_TV","fr_SY","en_TC","fr_CG","nl_SX","es_BQ","en_MX","ru_BY","sv_SE","en_BB","de_AT","en_PR","ar_DJ","lt_LT","ar_OM","en_SL","nl_AW","en_CM","ru_KZ","ar_YE","ar_BH","ru_KG","en_IT","id_ID","pt_MZ","fr_PM","en_TW","pt_PT","es_AG","en_DE","en_GR","gu_IN","en_RU","fr_CH","en_MY","es_BR"],"SupportedLanguages":["ur","lt","ja","id","mr","ms","hi","es-419","es","pl","ca","ta","fr","en-IN","or","fr-CA","da","bg","te","kk-Cyrl","pt-BR","zh-Hant-HK","hr","gu","de","th","sk","ro","sl","nb","kk","en-GB","hu","zh-HK","bn","ar","it","kn","ko","uk","pa","ru","vi","zh-Hans","zh-Hant","en-AU","ml","pt-PT","tr","fi","en-US","el","cs","sv","nl","he","en","es-US"]}
[19:43:34] 000081...: Batch Activate hoàn tất thành công.
[19:43:34] 000081...: RUN: C:\TIKTOOL PRO V4\ideviceactivation.exe activate -u 00008101-00012CE20202001E -b
[19:43:39] 000081...: NOTE: This device appears to be already activated. The server might report an error 'Device Unknown' instead of acknowledging the activation.
Activation server reports that device is already activated.
[19:43:39] 000081...: RUN: C:\TIKTOOL PRO V4\ios.exe prepare --skip-all --udid=00008101-00012CE20202001E --nojson
[19:43:45] 000081...: time="2026-09-04T19:43:12+07:00" level=warning msg="go-ios agent is not running. You might need to start it with 'ios tunnel start' for ios17+. Use ENABLE_GO_IOS_AGENT=user for userspace tunnel or ENABLE_GO_IOS_AGENT=kernel for kernel tunnel for the experimental daemon mode."
time="2026-09-04T19:43:12+07:00" level=warning msg="failed to get tunnel info" udid=00008101-000508C23CE0001E
{"Language":"ja","Locale":"ja_JP","SupportedLocales":["sv_AX","en_CN","ro_RO","en_VG","es_VC","fr_MA","en_AL","es_TT","ar_SS","fr_VU","en_GS","fr_CI","en_BW","en_JM","es_BS","en_BD","en_MG","en_PT","en_HK","ar_LB","fr_GN","ru_UA","en_CO","en_KE","en_NR","fr_MU","en_FI","nl_BQ","en_WS","en_DG","ar_SA","en_RW","en_ZM","en_BE","en_ER","el_CY","bn_BD","nl_NL","pt_AO","en_MH","en_KY","es_CL","en_VI","en_FJ","es_VE","fr_MC","en_TZ","en_ID","es_TC","zh_TW","en_GU","es_GQ","ko_CN","mr_IN","en_GB","es_MX","en_ES","es_BB","es_PR","fr_GP","pt_GW","fi_FI","en_FK","en_NA","zh_CN","en_IE","ca_IT","en_LR","en_TH","ar_KM","en_BZ","de_CH","da_GL","te_IN","en_BG","en_JP","ar_QA","en_PW","en_US","ar_TN","fr_GQ","de_LI","cs_CZ","hu_HU","en_NU","zh_HK","es_VG","ta_IN","ar_EG","ro_MD","en_LS","fr_CM","ar_SD","en_GD","ar_IL","ar_LY","en_UA","fr_TD","pt_LU","es_PA","ta_SG","en_KI","es_CO","en_FM","fr_MF","tr_CY","ar_EH","en_LT","es_IC","en_DK","pt_ST","es_GT","fr_YT","en_GE","ms_BN","en_BI","he_IL","pt_TL","en_SS","es_KY","kk_KZ","en_CA","es_VI","ar_MR","zh-Hant_JP","fr_MG","hr_HR","en_AR","ar_SY","en_TK","fr_SN","en_GY","pt_CV","en_MM","es_ES","ar_AE","fr_DZ","en_001","zh-Hant_MY","ca_ES","fr_RW","en_PG","fr_GA","en_SA","fr_BE","hi_IN","en_AS","pt_MO","en_LV","ta_LK","en_DM","en_LC","en_GG","es_BZ","tr_TR","it_CH","es_US","en_150","it_VA","fr_TG","en_EE","zh-Hans_MO","es_EA","es_HN","sv_FI","ms_SG","en_CV","es_CR","fr_RE","en_CC","en_SB","fr_BF","en_PH","en_NF","en_AT","ar_MA","nl_BE","en_GH","th_TH","en_ZA","pt_FR","es_GD","en_MO","de_IT","es_003","es_PE","de_DE","en_SC","en_NZ","en_NG","en_AU","el_GR","en_GI","ar_001","en_BM","ar_IQ","en_MP","es_PY","fr_DJ","es_EC","vi_VN","en_US_POSIX","en_CX","en_KN","en_SD","en_FR","es_CA","kn_IN","en_IL","es_AR","en_TO","zh-Hans_HK","bg_BG","es_GY","fr_NC","ta_MY","en_BN","en_UG","en_HU","uk_UA","en_SX","en_PK","en_CY","en_SE","sk_SK","es_CU","fr_BI","fr_ML","de_BE","en_IM","fr_PF","es_DM","es_LC","en_ZW","fr_CA","pl_PL","zh-Hans_JP","nl_SR","ja_JP","en_JE","fr_LU","pt_CH","en_PL","zh_MO","en_CZ","fr_GF","es_PH","fr_BJ","en_IN","zh-Hans_MY","en_AE","fr_NE","en_RO","en_MS","es_419","it_IT","ar_TD","en_SZ","fr_WF","es_SV","ml_IN","en_SG","es_CW","en_CH","ru_MD","pt_BR","en_IO","bn_IN","ar_PS","en_TR","ar_KW","es_DO","en_GM","it_SM","ms_MY","sl_SI","es_UY","en_MT","es_BM","en_PN","es_HT","en_KR","en_SH","en_VU","es_KN","fr_BL","en_NL","ca_FR","en_AG","fr_KM","fr_SC","fr_CD","ko_KP","or_IN","nb_SJ","zh-Hant_CN","en_MU","en_BR","fr_TN","ar_DZ","ru_RU","en_SI","hr_BA","es_NI","en_VC","ar_ER","fr_HT","en_TT","ar_SO","ca_AD","fr_FR","da_DK","en_BS","nl_CW","en_MV","es_BO","nb_NO","de_LU","en_CK","ar_JO","pt_GQ","fr_MQ","zh_SG","ms_ID","en_AI","fr_CF","ko_KR","en_MW","en_UM","en_SK","en_CL","en_NO","fr_MR","en_TV","fr_SY","en_TC","fr_CG","nl_SX","es_BQ","ar_YE","ru_BY","sv_SE","en_BB","en_PR","en_MX","ar_DJ","lt_LT","nl_AW","ar_OM","en_SL","en_CM","ru_KZ","de_AT","ar_BH","ru_KG","en_IT","pt_MZ","fr_PM","en_TW","id_ID","es_AG","pt_PT","en_DE","gu_IN","en_GR","en_RU","fr_CH","en_MY","es_BR"],"SupportedLanguages":["ur","lt","ja","id","mr","ms","hi","es-419","es","pl","ca","ta","fr","en-IN","or","fr-CA","da","bg","te","kk-Cyrl","pt-BR","zh-Hant-HK","hr","gu","de","th","sk","ro","sl","nb","kk","en-GB","hu","zh-HK","bn","ar","it","kn","ko","uk","pa","ru","vi","zh-Hans","zh-Hant","en-AU","ml","pt-PT","tr","fi","en-US","el","cs","sv","nl","he","en","es-US"]}
[19:43:45] 000081...: Batch Activate hoàn tất thành công.
[19:43:45] 000081...: RUN: C:\TIKTOOL PRO V4\ideviceactivation.exe activate -u 00008101-000E10A41E78001E -b
[19:43:47] 000081...: ⏳ Đang chờ iPhone khởi động lại: còn 20s...
[19:43:49] 000081...: ⏳ Đang chờ iPhone khởi động lại: còn 20s...
[19:43:51] 000081...: NOTE: This device appears to be already activated. The server might report an error 'Device Unknown' instead of acknowledging the activation.
Activation server reports that device is already activated.
[19:43:51] 000081...: RUN: C:\TIKTOOL PRO V4\ios.exe prepare --skip-all --udid=00008101-000E10A41E78001E --nojson
[19:43:56] 000081...: time="2026-09-04T19:43:21+07:00" level=warning msg="go-ios agent is not running. You might need to start it with 'ios tunnel start' for ios17+. Use ENABLE_GO_IOS_AGENT=user for userspace tunnel or ENABLE_GO_IOS_AGENT=kernel for kernel tunnel for the experimental daemon mode."
time="2026-09-04T19:43:21+07:00" level=warning msg="failed to get tunnel info" udid=00008101-000C55A12E91003A
{"Language":"ja","Locale":"ja_JP","SupportedLocales":["sv_AX","en_CN","ro_RO","en_VG","es_VC","fr_MA","en_AL","es_TT","ar_SS","fr_VU","fr_CI","en_GS","en_BW","en_JM","es_BS","en_BD","en_MG","en_PT","en_HK","ru_UA","ar_LB","fr_GN","en_CO","en_KE","en_NR","fr_MU","en_FI","nl_BQ","en_WS","en_DG","ar_SA","en_RW","en_ZM","en_BE","en_ER","bn_BD","en_MH","nl_NL","el_CY","pt_AO","en_KY","es_CL","en_VI","en_FJ","es_VE","fr_MC","en_TZ","en_ID","es_TC","zh_TW","en_GU","es_GQ","en_GB","mr_IN","ko_CN","es_MX","en_ES","es_BB","es_PR","fr_GP","pt_GW","fi_FI","en_FK","en_NA","zh_CN","en_IE","en_LR","en_TH","ca_IT","ar_KM","en_BZ","de_CH","en_JP","te_IN","en_BG","en_US","ar_QA","en_PW","ar_TN","da_GL","fr_GQ","de_LI","cs_CZ","en_NU","zh_HK","hu_HU","es_VG","ta_IN","ar_EG","ro_MD","en_LS","fr_CM","ar_SD","en_GD","ar_IL","ar_LY","en_UA","fr_TD","pt_LU","es_PA","ta_SG","en_KI","es_CO","en_FM","fr_MF","tr_CY","ar_EH","en_LT","es_IC","en_DK","pt_ST","es_GT","fr_YT","en_GE","ms_BN","en_BI","he_IL","pt_TL","en_SS","es_KY","kk_KZ","en_CA","es_VI","zh-Hant_JP","fr_MG","ar_MR","en_AR","hr_HR","ar_SY","fr_SN","en_TK","en_GY","pt_CV","en_MM","es_ES","ar_AE","fr_DZ","en_001","zh-Hant_MY","ca_ES","fr_RW","en_PG","fr_GA","en_SA","fr_BE","hi_IN","en_AS","pt_MO","en_LV","ta_LK","en_DM","en_LC","en_GG","es_BZ","tr_TR","it_CH","zh-Hans_MO","en_150","es_US","fr_TG","en_EE","it_VA","en_PH","es_HN","sv_FI","en_CV","ms_SG","es_CR","fr_RE","en_SB","fr_BF","en_NF","en_CC","es_EA","en_AT","ar_MA","nl_BE","en_GH","es_GD","th_TH","pt_FR","en_ZA","en_MO","de_IT","es_003","es_PE","de_DE","en_SC","en_NZ","en_NG","en_AU","el_GR","en_GI","ar_001","en_BM","ar_IQ","en_MP","es_PY","fr_DJ","es_EC","vi_VN","en_US_POSIX","en_CX","en_KN","en_SD","en_FR","es_CA","kn_IN","en_IL","es_AR","en_TO","zh-Hans_HK","es_GY","bg_BG","fr_NC","ta_MY","en_BN","en_UG","en_HU","en_PK","en_SX","uk_UA","en_CY","en_SE","sk_SK","es_CU","fr_BI","fr_ML","de_BE","en_IM","fr_PF","es_DM","es_LC","en_ZW","fr_CA","pl_PL","pt_CH","nl_SR","ja_JP","en_JE","fr_LU","zh-Hans_JP","en_PL","zh_MO","en_CZ","fr_GF","es_PH","fr_BJ","en_IN","zh-Hans_MY","en_AE","fr_NE","en_RO","en_MS","es_419","it_IT","ar_TD","en_SZ","fr_WF","es_SV","ml_IN","es_CW","en_SG","en_CH","ru_MD","pt_BR","en_IO","ar_PS","en_TR","bn_IN","ar_KW","es_DO","en_GM","it_SM","ms_MY","sl_SI","en_MT","es_BM","es_UY","en_PN","es_HT","en_KR","en_SH","en_VU","es_KN","fr_BL","en_NL","ca_FR","en_AG","fr_KM","fr_SC","fr_CD","ko_KP","or_IN","en_BR","zh-Hant_CN","ru_RU","en_MU","fr_TN","ar_DZ","nb_SJ","en_SI","hr_BA","es_NI","en_VC","ar_ER","fr_HT","en_TT","ar_SO","ca_AD","fr_FR","da_DK","en_BS","nl_CW","es_BO","en_MV","nb_NO","de_LU","pt_GQ","ar_JO","en_CK","fr_MQ","zh_SG","ms_ID","en_AI","fr_CF","ko_KR","en_MW","en_UM","en_SK","en_CL","en_NO","fr_MR","en_TV","fr_SY","en_TC","fr_CG","nl_SX","es_BQ","ar_YE","en_MX","en_BB","de_AT","en_PR","ru_BY","ar_DJ","lt_LT","nl_AW","ar_OM","en_SL","en_CM","ru_KZ","sv_SE","ar_BH","ru_KG","id_ID","pt_MZ","en_TW","en_IT","fr_PM","es_AG","pt_PT","en_DE","fr_CH","en_GR","en_RU","gu_IN","en_MY","es_BR"],"SupportedLanguages":["ur","lt","ja","id","mr","ms","hi","es-419","es","pl","ca","ta","fr","en-IN","or","fr-CA","da","bg","te","kk-Cyrl","pt-BR","zh-Hant-HK","hr","gu","de","th","sk","ro","sl","nb","kk","en-GB","hu","zh-HK","bn","ar","it","kn","ko","uk","pa","ru","vi","zh-Hans","zh-Hant","en-AU","ml","pt-PT","tr","fi","en-US","el","cs","sv","nl","he","en","es-US"]}
[19:43:56] 000081...: Batch Activate hoàn tất thành công.
[19:43:56] 000081...: RUN: C:\TIKTOOL PRO V4\ideviceactivation.exe activate -u 00008101-000B05581468001E -b
[19:43:56] 000081...: time="2026-09-04T19:43:40+07:00" level=warning msg="go-ios agent is not running. You might need to start it with 'ios tunnel start' for ios17+. Use ENABLE_GO_IOS_AGENT=user for userspace tunnel or ENABLE_GO_IOS_AGENT=kernel for kernel tunnel for the experimental daemon mode."
time="2026-09-04T19:43:40+07:00" level=warning msg="failed to get tunnel info" udid=00008101-00012CE20202001E
time="2026-09-04T19:43:40+07:00" level=info msg="device is activated:true"
time="2026-09-04T19:43:40+07:00" level=info msg="send flush request"
time="2026-09-04T19:43:48+07:00" level=info msg="get cloud config"
"ok"
[19:43:56] 000081...: RUN: C:\TIKTOOL PRO V4\ios.exe lang --setlocale=ja_JP --setlang=ja --udid=00008101-00012CE20202001E --nojson
[19:44:01] 000081...: time="2026-09-04T19:43:51+07:00" level=warning msg="go-ios agent is not running. You might need to start it with 'ios tunnel start' for ios17+. Use ENABLE_GO_IOS_AGENT=user for userspace tunnel or ENABLE_GO_IOS_AGENT=kernel for kernel tunnel for the experimental daemon mode."
time="2026-09-04T19:43:51+07:00" level=warning msg="failed to get tunnel info" udid=00008101-000E10A41E78001E
time="2026-09-04T19:43:51+07:00" level=info msg="device is activated:true"
time="2026-09-04T19:43:51+07:00" level=info msg="send flush request"
time="2026-09-04T19:43:51+07:00" level=info msg="get cloud config"
"ok"
[19:44:01] 000081...: RUN: C:\TIKTOOL PRO V4\ios.exe lang --setlocale=ja_JP --setlang=ja --udid=00008101-000E10A41E78001E --nojson
[19:44:03] 000081...: NOTE: This device appears to be already activated. The server might report an error 'Device Unknown' instead of acknowledging the activation.
Activation server reports that device is already activated.
[19:44:03] 000081...: RUN: C:\TIKTOOL PRO V4\ios.exe prepare --skip-all --udid=00008101-000B05581468001E --nojson
[19:44:07] 000081...: ⌛ Đã hết 80 giây chờ! Đang kiểm tra kết nối thiết bị...
[19:44:09] 000081...: time="2026-09-04T19:43:23+07:00" level=warning msg="go-ios agent is not running. You might need to start it with 'ios tunnel start' for ios17+. Use ENABLE_GO_IOS_AGENT=user for userspace tunnel or ENABLE_GO_IOS_AGENT=kernel for kernel tunnel for the experimental daemon mode."
time="2026-09-04T19:43:23+07:00" level=warning msg="failed to get tunnel info" udid=00008101-000124C011A3001E
{"Language":"ja","Locale":"ja_JP","SupportedLocales":["sv_AX","en_CN","ro_RO","en_VG","es_VC","fr_MA","en_AL","es_TT","ar_SS","fr_VU","en_GS","fr_CI","en_BW","en_JM","es_BS","en_BD","en_MG","en_PT","ar_LB","ru_UA","fr_GN","en_HK","en_CO","en_KE","en_NR","fr_MU","en_FI","nl_BQ","en_WS","en_DG","ar_SA","en_RW","en_ZM","en_BE","en_ER","el_CY","bn_BD","nl_NL","pt_AO","en_MH","en_KY","es_CL","en_VI","en_FJ","es_VE","fr_MC","en_TZ","en_ID","es_TC","zh_TW","en_GU","es_GQ","en_GB","mr_IN","ko_CN","es_MX","en_ES","es_BB","es_PR","fr_GP","pt_GW","fi_FI","en_FK","en_NA","zh_CN","en_IE","ca_IT","en_TH","en_LR","ar_KM","en_BZ","en_JP","da_GL","te_IN","en_US","en_BG","ar_QA","en_PW","ar_TN","de_CH","fr_GQ","de_LI","cs_CZ","hu_HU","zh_HK","en_NU","es_VG","ta_IN","ar_EG","ro_MD","en_LS","fr_CM","ar_SD","en_GD","ar_IL","ar_LY","en_UA","fr_TD","pt_LU","es_PA","ta_SG","en_KI","es_CO","en_FM","fr_MF","tr_CY","ar_EH","en_LT","es_IC","en_DK","pt_ST","es_GT","fr_YT","en_GE","ms_BN","en_BI","he_IL","pt_TL","en_SS","es_KY","kk_KZ","en_CA","es_VI","zh-Hant_JP","fr_MG","ar_MR","hr_HR","en_AR","ar_SY","fr_SN","en_TK","en_GY","pt_CV","en_MM","es_ES","fr_DZ","ar_AE","ca_ES","en_PG","zh-Hant_MY","fr_RW","en_001","fr_GA","en_SA","fr_BE","hi_IN","en_AS","pt_MO","en_LV","ta_LK","en_DM","en_LC","en_GG","tr_TR","es_BZ","zh-Hans_MO","es_US","en_150","it_VA","fr_TG","en_EE","it_CH","en_PH","es_EA","es_HN","en_CV","sv_FI","en_SB","fr_RE","en_CC","fr_BF","en_NF","ms_SG","es_CR","en_AT","ar_MA","nl_BE","en_GH","es_GD","th_TH","pt_FR","en_ZA","en_MO","es_003","de_IT","es_PE","de_DE","en_SC","en_NZ","en_NG","en_AU","el_GR","en_GI","ar_001","en_BM","ar_IQ","en_MP","es_PY","fr_DJ","es_EC","vi_VN","en_US_POSIX","en_CX","en_KN","en_SD","en_FR","es_CA","kn_IN","en_IL","es_AR","en_TO","zh-Hans_HK","bg_BG","es_GY","fr_NC","ta_MY","en_BN","en_UG","en_HU","en_PK","en_SX","uk_UA","en_CY","es_CU","sk_SK","en_SE","fr_BI","fr_ML","de_BE","en_IM","fr_PF","es_DM","es_LC","en_ZW","fr_CA","pl_PL","pt_CH","nl_SR","en_JE","ja_JP","fr_LU","zh-Hans_JP","en_PL","zh_MO","en_CZ","fr_GF","es_PH","fr_BJ","en_IN","zh-Hans_MY","en_AE","fr_NE","en_RO","en_MS","es_419","it_IT","ar_TD","en_SZ","fr_WF","es_SV","ml_IN","en_SG","es_CW","en_CH","ru_MD","pt_BR","en_IO","bn_IN","ar_PS","en_TR","ar_KW","es_DO","en_GM","it_SM","ms_MY","es_UY","en_MT","es_BM","sl_SI","en_PN","es_HT","en_KR","en_SH","en_VU","es_KN","fr_BL","en_NL","ca_FR","en_AG","fr_KM","fr_SC","fr_CD","ko_KP","or_IN","zh-Hant_CN","en_BR","en_MU","ru_RU","fr_TN","ar_DZ","nb_SJ","en_SI","hr_BA","es_NI","ar_ER","en_VC","fr_HT","en_TT","ar_SO","ca_AD","fr_FR","da_DK","en_BS","nl_CW","es_BO","nb_NO","en_MV","de_LU","en_CK","pt_GQ","ar_JO","fr_MQ","zh_SG","ms_ID","en_AI","fr_CF","ko_KR","en_MW","en_UM","en_SK","en_CL","en_NO","fr_MR","en_TV","fr_SY","en_TC","fr_CG","nl_SX","es_BQ","en_MX","ar_YE","ru_BY","en_BB","en_PR","sv_SE","ar_DJ","lt_LT","nl_AW","ar_OM","en_SL","en_CM","ru_KZ","de_AT","ar_BH","ru_KG","en_IT","pt_MZ","fr_PM","en_TW","id_ID","es_AG","pt_PT","en_DE","en_GR","fr_CH","en_RU","gu_IN","en_MY","es_BR"],"SupportedLanguages":["ur","lt","ja","id","mr","ms","hi","es-419","es","pl","ca","ta","fr","en-IN","or","fr-CA","da","bg","te","kk-Cyrl","pt-BR","zh-Hant-HK","hr","gu","de","th","sk","ro","sl","nb","kk","en-GB","hu","zh-HK","bn","ar","it","kn","ko","uk","pa","ru","vi","zh-Hans","zh-Hant","en-AU","ml","pt-PT","tr","fi","en-US","el","cs","sv","nl","he","en","es-US"]}
[19:44:09] 000081...: Batch Activate hoàn tất thành công.
[19:44:09] 000081...: RUN: C:\TIKTOOL PRO V4\ideviceactivation.exe activate -u 00008101-000101C61E44001E -b
[19:44:09] 000081...: ⌛ Đã hết 80 giây chờ! Đang kiểm tra kết nối thiết bị...
[19:44:09] 000081...: time="2026-09-04T19:44:03+07:00" level=warning msg="go-ios agent is not running. You might need to start it with 'ios tunnel start' for ios17+. Use ENABLE_GO_IOS_AGENT=user for userspace tunnel or ENABLE_GO_IOS_AGENT=kernel for kernel tunnel for the experimental daemon mode."
time="2026-09-04T19:44:03+07:00" level=warning msg="failed to get tunnel info" udid=00008101-000B05581468001E
time="2026-09-04T19:44:03+07:00" level=info msg="device is activated:true"
time="2026-09-04T19:44:03+07:00" level=info msg="send flush request"
time="2026-09-04T19:44:03+07:00" level=info msg="get cloud config"
"ok"
[19:44:09] 000081...: RUN: C:\TIKTOOL PRO V4\ios.exe lang --setlocale=ja_JP --setlang=ja --udid=00008101-000B05581468001E --nojson
[19:44:10] 000081...: ✅ iPhone đã khởi động xong & kết nối ổn định ➔ Bắt đầu Batch Activate...
[19:44:12] 000081...: ✅ iPhone đã khởi động xong & kết nối ổn định ➔ Bắt đầu Batch Activate...
[19:44:14] 000081...: NOTE: This device appears to be already activated. The server might report an error 'Device Unknown' instead of acknowledging the activation.
Activation server reports that device is already activated.
[19:44:14] 000081...: RUN: C:\TIKTOOL PRO V4\ios.exe prepare --skip-all --udid=00008101-000101C61E44001E --nojson
[19:44:17] 000081...: time="2026-09-04T19:44:14+07:00" level=warning msg="go-ios agent is not running. You might need to start it with 'ios tunnel start' for ios17+. Use ENABLE_GO_IOS_AGENT=user for userspace tunnel or ENABLE_GO_IOS_AGENT=kernel for kernel tunnel for the experimental daemon mode."
time="2026-09-04T19:44:14+07:00" level=warning msg="failed to get tunnel info" udid=00008101-000101C61E44001E
time="2026-09-04T19:44:14+07:00" level=info msg="device is activated:true"
time="2026-09-04T19:44:14+07:00" level=info msg="send flush request"
time="2026-09-04T19:44:14+07:00" level=info msg="get cloud config"
"ok"
[19:44:17] 000081...: RUN: C:\TIKTOOL PRO V4\ios.exe lang --setlocale=ja_JP --setlang=ja --udid=00008101-000101C61E44001E --nojson
[19:44:20] 000081...: time="2026-09-04T19:44:01+07:00" level=warning msg="go-ios agent is not running. You might need to start it with 'ios tunnel start' for ios17+. Use ENABLE_GO_IOS_AGENT=user for userspace tunnel or ENABLE_GO_IOS_AGENT=kernel for kernel tunnel for the experimental daemon mode."
time="2026-09-04T19:44:01+07:00" level=warning msg="failed to get tunnel info" udid=00008101-000E10A41E78001E
{"Language":"ja","Locale":"ja_JP","SupportedLocales":["sv_AX","en_CN","ro_RO","en_VG","es_VC","fr_MA","en_AL","es_TT","ar_SS","fr_VU","fr_CI","en_GS","en_BW","en_JM","es_BS","en_BD","en_MG","en_PT","en_HK","fr_GN","ru_UA","ar_LB","en_CO","en_KE","en_NR","fr_MU","en_FI","nl_BQ","en_WS","en_DG","ar_SA","en_RW","en_ZM","en_BE","bn_BD","en_MH","el_CY","nl_NL","pt_AO","en_ER","en_KY","es_CL","en_VI","es_VE","en_FJ","fr_MC","en_TZ","en_ID","es_TC","zh_TW","en_GU","es_GQ","en_GB","ko_CN","mr_IN","es_MX","en_ES","es_BB","es_PR","fr_GP","pt_GW","fi_FI","en_FK","en_NA","zh_CN","en_IE","en_LR","en_TH","ca_IT","ar_KM","en_BZ","en_JP","da_GL","en_US","en_BG","te_IN","de_CH","en_PW","ar_TN","ar_QA","fr_GQ","de_LI","cs_CZ","hu_HU","zh_HK","en_NU","es_VG","ta_IN","ar_EG","ro_MD","en_LS","fr_CM","ar_SD","en_GD","ar_IL","ar_LY","en_UA","fr_TD","pt_LU","es_PA","ta_SG","en_KI","es_CO","en_FM","fr_MF","tr_CY","ar_EH","en_LT","es_IC","en_DK","pt_ST","es_GT","fr_YT","en_GE","ms_BN","en_BI","he_IL","pt_TL","en_SS","es_KY","kk_KZ","en_CA","es_VI","zh-Hant_JP","ar_MR","fr_MG","hr_HR","en_AR","en_TK","ar_SY","fr_SN","en_GY","pt_CV","en_MM","es_ES","ar_AE","fr_DZ","en_001","zh-Hant_MY","en_PG","ca_ES","fr_RW","fr_GA","en_SA","fr_BE","hi_IN","en_AS","pt_MO","en_LV","ta_LK","en_DM","en_LC","en_GG","tr_TR","es_BZ","zh-Hans_MO","es_US","en_150","it_VA","fr_TG","en_EE","it_CH","en_PH","es_EA","es_HN","sv_FI","ms_SG","es_CR","en_SB","en_CC","fr_BF","en_NF","fr_RE","en_CV","en_AT","ar_MA","nl_BE","en_GH","es_GD","th_TH","en_ZA","pt_FR","en_MO","es_003","de_IT","es_PE","de_DE","en_NZ","en_SC","en_NG","en_AU","el_GR","en_GI","ar_001","en_BM","ar_IQ","en_MP","es_PY","fr_DJ","es_EC","vi_VN","en_US_POSIX","en_CX","en_KN","en_SD","en_FR","es_CA","kn_IN","en_IL","es_AR","en_TO","zh-Hans_HK","es_GY","bg_BG","fr_NC","ta_MY","en_BN","en_UG","en_HU","uk_UA","en_SX","en_PK","en_CY","en_SE","es_CU","sk_SK","fr_BI","fr_ML","de_BE","en_IM","fr_PF","es_DM","es_LC","en_ZW","fr_CA","pl_PL","zh-Hans_JP","nl_SR","ja_JP","en_JE","fr_LU","pt_CH","en_PL","es_PH","en_CZ","fr_GF","zh_MO","fr_BJ","en_IN","zh-Hans_MY","en_AE","fr_NE","en_RO","en_MS","es_419","it_IT","ar_TD","en_SZ","fr_WF","ru_MD","ml_IN","es_SV","en_SG","en_CH","es_CW","pt_BR","en_IO","bn_IN","ar_PS","en_TR","ar_KW","es_DO","en_GM","it_SM","ms_MY","sl_SI","es_UY","en_MT","es_BM","en_PN","es_HT","en_KR","en_SH","en_VU","es_KN","fr_BL","en_NL","ca_FR","en_AG","fr_KM","fr_SC","fr_CD","ko_KP","or_IN","zh-Hant_CN","en_BR","ru_RU","en_MU","nb_SJ","fr_TN","ar_DZ","en_SI","en_VC","hr_BA","ar_ER","es_NI","fr_HT","en_TT","ar_SO","ca_AD","fr_FR","da_DK","en_BS","en_MV","nl_CW","nb_NO","es_BO","de_LU","pt_GQ","en_CK","ar_JO","fr_MQ","zh_SG","ms_ID","en_AI","fr_CF","ko_KR","en_MW","en_UM","en_SK","en_CL","en_NO","fr_MR","en_TV","fr_SY","en_TC","fr_CG","nl_SX","en_MX","ar_YE","ru_BY","sv_SE","de_AT","en_PR","en_BB","ar_DJ","lt_LT","nl_AW","ar_OM","en_SL","en_CM","ru_KZ","es_BQ","ar_BH","ru_KG","en_IT","pt_MZ","en_TW","id_ID","fr_PM","pt_PT","es_AG","en_DE","fr_CH","en_GR","gu_IN","en_RU","en_MY","es_BR"],"SupportedLanguages":["ur","lt","ja","id","mr","ms","hi","es-419","es","pl","ca","ta","fr","en-IN","or","fr-CA","da","bg","te","kk-Cyrl","pt-BR","zh-Hant-HK","hr","gu","de","th","sk","ro","sl","nb","kk","en-GB","hu","zh-HK","bn","ar","it","kn","ko","uk","pa","ru","vi","zh-Hans","zh-Hant","en-AU","ml","pt-PT","tr","fi","en-US","el","cs","sv","nl","he","en","es-US"]}
[19:44:20] 000081...: Batch Activate hoàn tất thành công.
[19:44:20] 000081...: RUN: C:\TIKTOOL PRO V4\ideviceactivation.exe activate -u 00008101-000C0D0C3C86001E -b
[19:44:26] 000081...: NOTE: This device appears to be already activated. The server might report an error 'Device Unknown' instead of acknowledging the activation.
Activation server reports that device is already activated.
[19:44:26] 000081...: RUN: C:\TIKTOOL PRO V4\ios.exe prepare --skip-all --udid=00008101-000C0D0C3C86001E --nojson
[19:44:34] 000081...: time="2026-09-04T19:44:26+07:00" level=warning msg="go-ios agent is not running. You might need to start it with 'ios tunnel start' for ios17+. Use ENABLE_GO_IOS_AGENT=user for userspace tunnel or ENABLE_GO_IOS_AGENT=kernel for kernel tunnel for the experimental daemon mode."
time="2026-09-04T19:44:26+07:00" level=warning msg="failed to get tunnel info" udid=00008101-000C0D0C3C86001E
time="2026-09-04T19:44:26+07:00" level=info msg="device is activated:true"
time="2026-09-04T19:44:26+07:00" level=info msg="send flush request"
time="2026-09-04T19:44:30+07:00" level=info msg="get cloud config"
"ok"
[19:44:34] 000081...: RUN: C:\TIKTOOL PRO V4\ios.exe lang --setlocale=ja_JP --setlang=ja --udid=00008101-000C0D0C3C86001E --nojson
[19:44:39] 000081...: time="2026-09-04T19:43:56+07:00" level=warning msg="go-ios agent is not running. You might need to start it with 'ios tunnel start' for ios17+. Use ENABLE_GO_IOS_AGENT=user for userspace tunnel or ENABLE_GO_IOS_AGENT=kernel for kernel tunnel for the experimental daemon mode."
time="2026-09-04T19:43:56+07:00" level=warning msg="failed to get tunnel info" udid=00008101-00012CE20202001E
{"Language":"ja","Locale":"ja_JP","SupportedLocales":["sv_AX","en_CN","ro_RO","en_VG","es_VC","fr_MA","en_AL","es_TT","ar_SS","fr_VU","fr_CI","en_GS","en_BW","en_JM","es_BS","en_BD","en_MG","en_PT","ar_LB","ru_UA","en_HK","fr_GN","en_CO","en_KE","en_NR","fr_MU","en_FI","nl_BQ","en_WS","en_DG","ar_SA","en_RW","en_ZM","en_BE","en_ER","bn_BD","el_CY","nl_NL","pt_AO","en_MH","en_KY","es_CL","en_VI","es_VE","en_FJ","fr_MC","en_TZ","en_ID","es_TC","zh_TW","en_GU","es_GQ","ko_CN","en_GB","mr_IN","es_MX","en_ES","es_BB","es_PR","fr_GP","pt_GW","fi_FI","en_FK","en_NA","zh_CN","en_IE","ca_IT","en_TH","en_LR","ar_KM","en_BZ","de_CH","da_GL","en_US","en_JP","en_BG","ar_QA","en_PW","ar_TN","te_IN","fr_GQ","de_LI","cs_CZ","en_NU","zh_HK","hu_HU","es_VG","ta_IN","ar_EG","ro_MD","en_LS","fr_CM","ar_SD","en_GD","ar_IL","ar_LY","en_UA","fr_TD","pt_LU","es_PA","ta_SG","en_KI","es_CO","en_FM","fr_MF","ar_EH","tr_CY","en_LT","es_IC","en_DK","pt_ST","es_GT","fr_YT","en_GE","ms_BN","en_BI","he_IL","pt_TL","en_SS","es_KY","kk_KZ","en_CA","es_VI","zh-Hant_JP","fr_MG","ar_MR","hr_HR","en_AR","en_TK","ar_SY","fr_SN","en_GY","pt_CV","fr_DZ","en_MM","ar_AE","es_ES","zh-Hant_MY","ca_ES","en_PG","fr_RW","en_001","fr_GA","en_SA","fr_BE","hi_IN","en_AS","pt_MO","en_LV","ta_LK","en_DM","en_LC","en_GG","es_BZ","tr_TR","it_CH","es_US","en_150","it_VA","fr_TG","en_EE","zh-Hans_MO","en_PH","es_EA","es_HN","en_CV","ms_SG","en_SB","fr_RE","en_CC","fr_BF","en_NF","es_CR","sv_FI","en_AT","ar_MA","nl_BE","en_GH","es_GD","th_TH","en_ZA","pt_FR","en_MO","de_IT","es_003","es_PE","de_DE","en_NZ","en_SC","en_NG","en_AU","el_GR","en_GI","ar_001","en_BM","ar_IQ","en_MP","es_PY","fr_DJ","es_EC","vi_VN","en_US_POSIX","en_CX","en_KN","en_SD","en_FR","es_CA","kn_IN","en_IL","es_AR","en_TO","zh-Hans_HK","es_GY","bg_BG","fr_NC","en_BN","ta_MY","en_UG","en_HU","en_PK","en_SX","uk_UA","en_CY","en_SE","sk_SK","es_CU","fr_BI","fr_ML","en_IM","de_BE","fr_PF","es_DM","es_LC","en_ZW","fr_CA","pl_PL","pt_CH","nl_SR","ja_JP","en_JE","zh-Hans_JP","fr_LU","en_PL","es_PH","en_CZ","zh_MO","fr_GF","fr_BJ","en_IN","zh-Hans_MY","en_AE","fr_NE","en_RO","en_MS","es_419","it_IT","ar_TD","en_SZ","fr_WF","ru_MD","ml_IN","en_SG","es_CW","en_CH","es_SV","pt_BR","en_IO","ar_PS","en_TR","bn_IN","ar_KW","es_DO","en_GM","it_SM","ms_MY","sl_SI","en_MT","es_BM","es_UY","en_PN","es_HT","en_KR","en_SH","en_VU","es_KN","fr_BL","en_NL","ca_FR","en_AG","fr_KM","fr_SC","fr_CD","ko_KP","or_IN","nb_SJ","zh-Hant_CN","en_MU","ru_RU","fr_TN","ar_DZ","en_BR","en_SI","hr_BA","en_VC","ar_ER","es_NI","fr_HT","en_TT","ar_SO","ca_AD","da_DK","fr_FR","en_BS","nl_CW","es_BO","nb_NO","en_MV","de_LU","en_CK","ar_JO","pt_GQ","fr_MQ","zh_SG","ms_ID","en_AI","fr_CF","ko_KR","en_MW","en_UM","en_SK","en_CL","en_NO","fr_MR","en_TV","fr_SY","en_TC","fr_CG","nl_SX","es_BQ","en_MX","ru_BY","sv_SE","de_AT","en_PR","en_BB","ar_DJ","lt_LT","ar_OM","nl_AW","ar_YE","en_CM","ru_KZ","en_SL","ar_BH","ru_KG","id_ID","en_IT","fr_PM","en_TW","pt_MZ","es_AG","pt_PT","en_DE","fr_CH","gu_IN","en_RU","en_GR","en_MY","es_BR"],"SupportedLanguages":["ur","lt","ja","id","mr","ms","hi","es-419","es","pl","ca","ta","fr","en-IN","or","fr-CA","da","bg","te","kk-Cyrl","pt-BR","zh-Hant-HK","hr","gu","de","th","sk","ro","sl","nb","kk","en-GB","hu","zh-HK","bn","ar","it","kn","ko","uk","pa","ru","vi","zh-Hans","zh-Hant","en-AU","ml","pt-PT","tr","fi","en-US","el","cs","sv","nl","he","en","es-US"]}
[19:44:39] 000081...: Batch Activate hoàn tất thành công.
[19:44:39] 000081...: RUN: C:\TIKTOOL PRO V4\ideviceactivation.exe activate -u 00008101-000D08DA1180001E -b
[19:44:45] 000081...: NOTE: This device appears to be already activated. The server might report an error 'Device Unknown' instead of acknowledging the activation.
Activation server reports that device is already activated.
[19:44:45] 000081...: RUN: C:\TIKTOOL PRO V4\ios.exe prepare --skip-all --udid=00008101-000D08DA1180001E --nojson
[19:44:48] 000081...: time="2026-09-04T19:44:34+07:00" level=warning msg="go-ios agent is not running. You might need to start it with 'ios tunnel start' for ios17+. Use ENABLE_GO_IOS_AGENT=user for userspace tunnel or ENABLE_GO_IOS_AGENT=kernel for kernel tunnel for the experimental daemon mode."
time="2026-09-04T19:44:34+07:00" level=warning msg="failed to get tunnel info" udid=00008101-000C0D0C3C86001E
{"Language":"ja","Locale":"ja_JP","SupportedLocales":["sv_AX","en_CN","ro_RO","en_VG","es_VC","fr_MA","en_AL","es_TT","ar_SS","fr_VU","en_GS","fr_CI","en_BW","en_JM","es_BS","en_BD","en_MG","en_PT","en_HK","ar_LB","ru_UA","fr_GN","en_CO","en_KE","en_NR","fr_MU","en_FI","nl_BQ","en_WS","en_DG","ar_SA","en_RW","en_ZM","en_BE","bn_BD","en_MH","en_ER","nl_NL","el_CY","pt_AO","en_KY","es_CL","en_VI","en_FJ","es_VE","fr_MC","en_TZ","en_ID","es_TC","zh_TW","en_GU","es_GQ","ko_CN","mr_IN","en_GB","es_MX","en_ES","es_BB","es_PR","fr_GP","pt_GW","fi_FI","en_FK","en_NA","zh_CN","en_IE","ca_IT","en_LR","en_TH","ar_KM","en_BZ","de_CH","da_GL","te_IN","en_US","en_JP","ar_QA","en_PW","ar_TN","en_BG","fr_GQ","de_LI","cs_CZ","en_NU","zh_HK","hu_HU","es_VG","ta_IN","ar_EG","ro_MD","en_LS","fr_CM","ar_SD","en_GD","ar_IL","ar_LY","en_UA","fr_TD","pt_LU","es_PA","ta_SG","en_KI","es_CO","en_FM","fr_MF","tr_CY","ar_EH","en_LT","es_IC","en_DK","pt_ST","es_GT","fr_YT","en_GE","ms_BN","en_BI","he_IL","pt_TL","en_SS","es_KY","kk_KZ","en_CA","es_VI","ar_MR","fr_MG","zh-Hant_JP","en_AR","hr_HR","ar_SY","en_TK","fr_SN","en_GY","pt_CV","en_MM","es_ES","ar_AE","fr_DZ","en_001","zh-Hant_MY","en_PG","fr_RW","ca_ES","fr_GA","en_SA","fr_BE","hi_IN","en_AS","pt_MO","en_LV","ta_LK","en_DM","en_LC","en_GG","tr_TR","es_BZ","it_CH","es_US","en_150","zh-Hans_MO","fr_TG","en_EE","it_VA","en_PH","es_EA","sv_FI","en_CV","ms_SG","es_CR","fr_RE","en_CC","en_SB","fr_BF","en_NF","es_HN","en_AT","ar_MA","nl_BE","en_GH","es_GD","th_TH","en_ZA","pt_FR","en_MO","es_003","de_IT","es_PE","de_DE","en_NZ","en_SC","en_NG","en_AU","el_GR","en_GI","ar_001","en_BM","ar_IQ","en_MP","es_PY","fr_DJ","es_EC","vi_VN","en_US_POSIX","en_CX","en_KN","en_SD","en_FR","es_CA","kn_IN","en_IL","es_AR","en_TO","zh-Hans_HK","es_GY","bg_BG","fr_NC","ta_MY","en_BN","en_UG","en_HU","en_PK","en_SX","uk_UA","en_CY","es_CU","sk_SK","en_SE","fr_BI","fr_ML","en_IM","de_BE","fr_PF","es_DM","es_LC","en_ZW","fr_CA","pl_PL","pt_CH","nl_SR","en_JE","zh-Hans_JP","fr_LU","ja_JP","en_PL","es_PH","zh_MO","en_CZ","fr_GF","fr_BJ","en_IN","zh-Hans_MY","en_AE","fr_NE","en_RO","en_MS","es_419","it_IT","ar_TD","en_SZ","fr_WF","ru_MD","ml_IN","en_SG","es_CW","en_CH","es_SV","pt_BR","en_IO","ar_PS","en_TR","bn_IN","ar_KW","es_DO","en_GM","it_SM","ms_MY","sl_SI","en_MT","es_BM","es_UY","en_PN","es_HT","en_KR","en_SH","en_VU","es_KN","fr_BL","en_NL","ca_FR","en_AG","fr_KM","fr_SC","fr_CD","ko_KP","or_IN","zh-Hant_CN","en_BR","ru_RU","en_MU","fr_TN","ar_DZ","nb_SJ","en_SI","hr_BA","es_NI","en_VC","ar_ER","fr_HT","en_TT","ar_SO","ca_AD","fr_FR","da_DK","en_BS","en_MV","nl_CW","nb_NO","es_BO","de_LU","pt_GQ","ar_JO","en_CK","fr_MQ","zh_SG","ms_ID","en_AI","fr_CF","ko_KR","en_MW","en_UM","en_SK","en_CL","en_NO","fr_MR","en_TV","fr_SY","en_TC","fr_CG","nl_SX","en_MX","ar_YE","ru_BY","sv_SE","en_BB","en_PR","de_AT","ar_DJ","lt_LT","ar_OM","en_SL","es_BQ","en_CM","ru_KZ","nl_AW","ar_BH","ru_KG","en_IT","id_ID","pt_MZ","fr_PM","en_TW","pt_PT","es_AG","en_DE","fr_CH","en_GR","gu_IN","en_RU","en_MY","es_BR"],"SupportedLanguages":["ur","lt","ja","id","mr","ms","hi","es-419","es","pl","ca","ta","fr","en-IN","or","fr-CA","da","bg","te","kk-Cyrl","pt-BR","zh-Hant-HK","hr","gu","de","th","sk","ro","sl","nb","kk","en-GB","hu","zh-HK","bn","ar","it","kn","ko","uk","pa","ru","vi","zh-Hans","zh-Hant","en-AU","ml","pt-PT","tr","fi","en-US","el","cs","sv","nl","he","en","es-US"]}
[19:44:48] 000081...: Batch Activate hoàn tất thành công.
[19:45:00] 000081...: time="2026-09-04T19:44:45+07:00" level=warning msg="go-ios agent is not running. You might need to start it with 'ios tunnel start' for ios17+. Use ENABLE_GO_IOS_AGENT=user for userspace tunnel or ENABLE_GO_IOS_AGENT=kernel for kernel tunnel for the experimental daemon mode."
time="2026-09-04T19:44:45+07:00" level=warning msg="failed to get tunnel info" udid=00008101-000D08DA1180001E
time="2026-09-04T19:44:45+07:00" level=info msg="device is activated:true"
time="2026-09-04T19:44:45+07:00" level=info msg="send flush request"
time="2026-09-04T19:44:45+07:00" level=info msg="get cloud config"
"ok"
[19:45:00] 000081...: RUN: C:\TIKTOOL PRO V4\ios.exe lang --setlocale=ja_JP --setlang=ja --udid=00008101-000D08DA1180001E --nojson
[19:45:27] 000081...: Đã ngắt kết nối.
[19:45:27] 000081...: Đã ngắt kết nối.
[19:45:27] 000081...: Đã ngắt kết nối.
[19:45:28] 000081...: Đã ngắt kết nối.
[19:45:28] 000081...: Đã ngắt kết nối.
[19:45:28] 000081...: time="2026-09-04T19:45:01+07:00" level=warning msg="go-ios agent is not running. You might need to start it with 'ios tunnel start' for ios17+. Use ENABLE_GO_IOS_AGENT=user for userspace tunnel or ENABLE_GO_IOS_AGENT=kernel for kernel tunnel for the experimental daemon mode."
time="2026-09-04T19:45:01+07:00" level=warning msg="failed to get tunnel info" udid=00008101-000D08DA1180001E
time="2026-09-04T19:45:28+07:00" level=fatal msg="failed getting language" err=EOF
[19:45:28] 000081...: Đặt ngôn ngữ sau Activate thất bại!
[19:45:28] 000081...: Đã ngắt kết nối.
[19:45:29] 000081...: Đã ngắt kết nối.
[19:45:29] 000081...: Đã ngắt kết nối.
[19:45:29] 000081...: Đã ngắt kết nối.
[19:45:29] 000081...: Đã ngắt kết nối.
