[20:23:44] SYSTEM...: Đã load cấu hình từ settings.json thành công.
[20:23:44] SYSTEM...: Bản quyền TikTok Pro đã được kích hoạt thành công.
[20:23:56] 000081...: Kết nối: iPhone • iOS 26.6.1
[20:23:59] 000081...: Kết nối: iPhone • iOS 26.6.1
[20:24:00] 000081...: Kết nối: iPhone • iOS 26.6.1
[20:24:01] 000081...: Kết nối: iPhone • iOS 26.6.1
[20:24:02] 000081...: Kết nối: iPhone • iOS 26.6.1
[20:24:04] 000081...: Kết nối: iPhone • iOS 26.6.1
[20:24:07] 000081...: Kết nối: iPhone • iOS 26.6.1
[20:24:08] 000081...: Kết nối: iPhone • iOS 26.6.1
[20:24:10] 000081...: Kết nối: iPhone • iOS 26.6.1
[20:24:12] 000081...: Kết nối: iPhone • iOS 26.6.1
[20:24:30] SYSTEM...: Restore chuyển kho: B ➜ A | 49 bản backup | 10 máy ghép nối
[20:24:31] 000081...: SUCCESS: Validated pairing with device 00008101-000508C23CE0001E
[20:24:31] 000081...: Đang tạo bản staging riêng; backup gốc chỉ được đọc...
[20:24:31] 000081...: SUCCESS: Validated pairing with device 00008101-000E10A41E78001E
[20:24:31] 000081...: Đang tạo bản staging riêng; backup gốc chỉ được đọc...
[20:24:31] 000081...: SUCCESS: Validated pairing with device 00008101-000124C011A3001E
[20:24:31] 000081...: Đang tạo bản staging riêng; backup gốc chỉ được đọc...
[20:24:31] 000081...: SUCCESS: Validated pairing with device 00008101-000E41E036E8001E
[20:24:31] 000081...: Đang tạo bản staging riêng; backup gốc chỉ được đọc...
[20:24:31] 000081...: SUCCESS: Validated pairing with device 00008101-000C55A12E91003A
[20:24:31] 000081...: Đang tạo bản staging riêng; backup gốc chỉ được đọc...
[20:24:31] 000081...: SUCCESS: Validated pairing with device 00008101-000D08DA1180001E
[20:24:31] 000081...: Đang tạo bản staging riêng; backup gốc chỉ được đọc...
[20:24:32] 000081...: SUCCESS: Validated pairing with device 00008101-000B05581468001E
[20:24:32] 000081...: Đang tạo bản staging riêng; backup gốc chỉ được đọc...
[20:24:32] 000081...: SUCCESS: Validated pairing with device 00008101-000101C61E44001E
[20:24:32] 000081...: Đang tạo bản staging riêng; backup gốc chỉ được đọc...
[20:24:32] 000081...: SUCCESS: Validated pairing with device 00008101-000C0D0C3C86001E
[20:24:32] 000081...: Đang tạo bản staging riêng; backup gốc chỉ được đọc...
[20:24:32] 000081...: SUCCESS: Validated pairing with device 00008101-00012CE20202001E
[20:24:32] 000081...: Đang tạo bản staging riêng; backup gốc chỉ được đọc...
[20:24:51] 000081...: [=                                                 ]   1% Finished
[20:24:51] 000081...: [=                                                 ]   1% Finished
[20:24:52] 000081...: [====                                              ]   6% Finished
[20:24:52] 000081...: [=                                                 ]   1% Finished
[20:24:52] 000081...: [=                                                 ]   1% Finished
[20:24:52] 000081...: [====                                              ]   6% Finished
[20:24:53] 000081...: [=                                                 ]   1% Finished
[20:24:53] 000081...: [======                                            ]  11% Finished
[20:24:53] 000081...: [=                                                 ]   1% Finished
[20:24:53] 000081...: [=                                                 ]   1% Finished
[20:24:53] 000081...: [=                                                 ]   1% Finished
[20:24:53] 000081...: [=                                                 ]   1% Finished
[20:24:54] 000081...: [=                                                 ]   1% Finished
[20:24:54] 000081...: [====                                              ]   6% Finished
[20:24:54] 000081...: [==                                                ]   3% Finished
[20:24:55] 000081...: [====                                              ]   6% Finished
[20:24:55] 000081...: [==========                                        ]  19% Finished
[20:24:55] 000081...: [=============                                     ]  26% Finished
[20:24:56] 000081...: [====                                              ]   6% Finished
[20:24:56] 000081...: [====                                              ]   6% Finished
[20:24:56] 000081...: [======                                            ]  11% Finished
[20:24:56] 000081...: [=======                                           ]  12% Finished
[20:24:56] 000081...: [===============                                   ]  30% Finished
[20:24:57] 000081...: [======                                            ]  11% Finished
[20:24:57] 000081...: [====                                              ]   7% Finished
[20:24:57] 000081...: [======                                            ]  11% Finished
[20:24:58] 000081...: [==================                                ]  35% Finished
[20:24:58] 000081...: [====                                              ]   7% Finished
[20:24:59] 000081...: [=========                                         ]  18% Finished
[20:24:59] 000081...: [====================                              ]  40% Finished
[20:24:59] 000081...: [==========                                        ]  20% Finished
[20:24:59] 000081...: [====                                              ]   6% Finished
[20:24:59] 000081...: [======                                            ]  11% Finished
[20:25:00] 000081...: [=========                                         ]  17% Finished
[20:25:00] 000081...: [======                                            ]  11% Finished
[20:25:00] 000081...: [==========                                        ]  19% Finished
[20:25:00] 000081...: [======                                            ]  11% Finished
[20:25:00] 000081...: [=========                                         ]  16% Finished
[20:25:00] 000081...: [===========                                       ]  21% Finished
[20:25:00] 000081...: [=======================                           ]  45% Finished
[20:25:01] 000081...: [=========                                         ]  18% Finished
[20:25:02] 000081...: [=========================                         ]  50% Finished
[20:25:02] 000081...: [==========                                        ]  19% Finished
[20:25:03] 000081...: [==========                                        ]  18% Finished
[20:25:03] 000081...: [============                                      ]  23% Finished
[20:25:03] 000081...: [====================                              ]  40% Finished
[20:25:04] 000081...: [=======================                           ]  45% Finished
[20:25:05] 000081...: [====================                              ]  39% Finished
[20:25:05] 000081...: [=========================                         ]  50% Finished
[20:25:05] 000081...: [==================                                ]  36% Finished
[20:25:05] 000081...: [============================                      ]  55% Finished
[20:25:05] 000081...: [==========================                        ]  50% Finished
[20:25:06] 000081...: [===================                               ]  36% Finished
[20:25:07] 000081...: [============================                      ]  55% Finished
[20:25:07] 000081...: [=======================                           ]  44% Finished
[20:25:07] 000081...: [============                                      ]  24% Finished
[20:25:07] 000081...: [====================                              ]  39% Finished
[20:25:07] 000081...: [===================                               ]  37% Finished
[20:25:07] 000081...: [=====================                             ]  42% Finished
[20:25:07] 000081...: [===============================                   ]  60% Finished
[20:25:07] 000081...: [============                                      ]  24% Finished
[20:25:07] 000081...: [====================                              ]  39% Finished
[20:25:08] 000081...: [=====================                             ]  42% Finished
[20:25:08] 000081...: [===================                               ]  37% Finished
[20:25:08] 000081...: [===================                               ]  38% Finished
[20:25:08] 000081...: [=================================                 ]  65% Finished
[20:25:08] 000081...: [======================                            ]  42% Finished
[20:25:08] 000081...: [=======================                           ]  44% Finished
[20:25:09] 000081...: [=========================                         ]  49% Finished
[20:25:09] 000081...: [======================================            ]  75% Finished
[20:25:09] 000081...: [=======================                           ]  44% Finished
[20:25:09] 000081...: [======================                            ]  43% Finished
[20:25:09] 000081...: [=========================                         ]  49% Finished
[20:25:10] 000081...: [========================================          ]  80% Finished
[20:25:10] 000081...: [======================                            ]  43% Finished
[20:25:10] 000081...: [========================                          ]  48% Finished
[20:25:10] 000081...: [=========================================         ]  80% Finished
[20:25:10] 000081...: [===============================================   ]  92% Finished
[20:25:11] 000081...: [=========================                         ]  49% Finished
[20:25:11] 000081...: [===========================================       ]  86% Finished
[20:25:11] 000081...: [================================================  ]  95% Finished
[20:25:11] 000081...: [============================                      ]  54% Finished
[20:25:12] 000081...: [===============================================   ]  94% Finished
[20:25:12] 000081...: [=========================                         ]  49% Finished
[20:25:12] 000081...: [==============================                    ]  59% Finished
[20:25:12] 000081...: [========================                          ]  47% Finished
[20:25:12] 000081...: [===========================                       ]  54% Finished
[20:25:12] 000081...: [=========================                         ]  50% Finished
[20:25:13] 000081...: [==============================                    ]  59% Finished
[20:25:13] 000081...: [============================                      ]  55% Finished
[20:25:13] 000081...: [================================                  ]  64% Finished
[20:25:13] 000081...: [=========================                         ]  49% Finished
[20:25:14] 000081...: [============================                      ]  55% Finished
[20:25:14] 000081...: [==============================                    ]  60% Finished
[20:25:14] 000081...: [===========================                       ]  54% Finished
[20:25:14] 000081...: [============================                      ]  55% Finished
[20:25:14] 000081...: [========================================          ]  79% Finished
[20:25:14] 000081...: [===============================                   ]  60% Finished
[20:25:14] 000081...: [==========================                        ]  50% Finished
[20:25:14] 000081...: [==============================                    ]  59% Finished
[20:25:15] 000081...: [==============================                    ]  60% Finished
[20:25:15] 000081...: [============================                      ]  55% Finished
[20:25:15] 000081...: [============================                      ]  55% Finished
[20:25:15] 000081...: [===============================                   ]  60% Finished
[20:25:15] 000081...: [===============================                   ]  60% Finished
[20:25:16] 000081...: [======================================            ]  75% Finished
[20:25:16] 000081...: [======================================            ]  75% Finished
[20:25:17] 000081...: [===========================================       ]  85% Finished
[20:25:17] 000081...: [===============================================   ]  93% Finished
[20:25:18] 000081...: [======================================            ]  74% Finished
[20:25:18] 000081...: [========================================          ]  79% Finished
[20:25:19] 000081...: [==================================================]  98% Finished
[20:25:19] 000081...: [========================================          ]  78% Finished
[20:25:20] 000081...: [======================================            ]  76% Finished
[20:25:20] 000081...: [========================================          ]  80% Finished
[20:25:20] 000081...: [===========================================       ]  86% Finished
[20:25:20] 000081...: [========================================          ]  79% Finished
[20:25:20] 000081...: [========================================          ]  79% Finished
[20:25:20] 000081...: [===========================================       ]  86% Finished
[20:25:20] 000081...: [=========================================         ]  81% Finished
[20:25:20] 000081...: [============================================      ]  86% Finished
[20:25:20] 000081...: [================================================  ]  94% Finished
[20:25:20] 000081...: [==========================================        ]  84% Finished
[20:25:21] 000081...: [================================================  ]  96% Finished
[20:25:22] 000081...: [===============================================   ]  94% Finished
[20:25:23] 000081...: [===============================================   ]  93% Finished
[20:25:23] 000081...: [==========================================        ]  84% Finished
[20:25:23] 000081...: [===============================================   ]  94% Finished
[20:25:23] 000081...: [===========================================       ]  86% Finished
[20:25:23] 000081...: [===============================================   ]  94% Finished
[20:25:24] 000081...: [===========================================       ]  86% Finished
[20:25:24] 000081...: [================================================  ]  94% Finished
[20:25:24] 000081...: [================================================= ]  98% Finished
[20:25:24] 000081...: [==================================================] 100% Finished
[20:25:24] 000081...: [==================================================]  99% Finished
[20:25:24] 000081...: [==================================================]  99% Finished
[20:25:24] 000081...: [==================================================] 100% Finished
[20:25:24] 000081...: [==================================================] 100% Finished
[20:25:24] 000081...: Restore Successful.
[20:25:24] 000081...: Khôi phục dữ liệu Restore hoàn tất thành công.
[20:25:26] 000081...: [==================================================]  99% Finished
[20:25:26] 000081...: [==================================================] 100% Finished
[20:25:26] 000081...: Restore Successful.
[20:25:26] 000081...: Khôi phục dữ liệu Restore hoàn tất thành công.
[20:25:26] 000081...: Đã chuyển kho thành công: B ➔ Kho đối diện:
262_iPhone_chuhngdung50
[20:25:26] 000081...: ✓ Đã chuyển iPhone thứ 1 qua Kho đối diện thành công!
[20:25:26] 000081...: ⚡ Auto Activate sau Restore: đang chờ thiết bị reboot...
[20:25:26] 000081...: ⏳ Restore hoàn tất. Bắt đầu đếm ngược (80s) cho iPhone khởi động hoàn toàn...
[20:25:28] 000081...: Đã chuyển kho thành công: B ➔ Kho đối diện:
261_iPhone_trnvntin371
[20:25:28] 000081...: ✓ Đã chuyển iPhone thứ 2 qua Kho đối diện thành công!
[20:25:28] 000081...: ⚡ Auto Activate sau Restore: đang chờ thiết bị reboot...
[20:25:28] 000081...: ⏳ Restore hoàn tất. Bắt đầu đếm ngược (80s) cho iPhone khởi động hoàn toàn...
[20:25:32] 000081...: [==================================================] 100% Finished
[20:25:32] 000081...: Restore Successful.
[20:25:32] 000081...: Khôi phục dữ liệu Restore hoàn tất thành công.
[20:25:34] 000081...: Đã chuyển kho thành công: B ➔ Kho đối diện:
270_iPhone_phmthanhtm4919
[20:25:34] 000081...: ✓ Đã chuyển iPhone thứ 3 qua Kho đối diện thành công!
[20:25:34] 000081...: ⚡ Auto Activate sau Restore: đang chờ thiết bị reboot...
[20:25:34] 000081...: ⏳ Restore hoàn tất. Bắt đầu đếm ngược (80s) cho iPhone khởi động hoàn toàn...
[20:25:34] 000081...: Đã ngắt kết nối.
[20:25:34] 000081...: [==================================================]  99% Finished
[20:25:34] 000081...: [==================================================] 100% Finished
[20:25:34] 000081...: Restore Successful.
[20:25:34] 000081...: Khôi phục dữ liệu Restore hoàn tất thành công.
[20:25:36] 000081...: [==================================================] 100% Finished
[20:25:36] 000081...: [==================================================] 100% Finished
[20:25:36] 000081...: Restore Successful.
[20:25:36] 000081...: Khôi phục dữ liệu Restore hoàn tất thành công.
[20:25:36] 000081...: Đã ngắt kết nối.
[20:25:36] 000081...: [==================================================]  99% Finished
[20:25:36] 000081...: [==================================================] 100% Finished
[20:25:36] 000081...: Restore Successful.
[20:25:36] 000081...: Khôi phục dữ liệu Restore hoàn tất thành công.
[20:25:36] 000081...: [==================================================] 100% Finished
[20:25:36] 000081...: Restore Successful.
[20:25:36] 000081...: Khôi phục dữ liệu Restore hoàn tất thành công.
[20:25:37] 000081...: [==================================================] 100% Finished
[20:25:37] 000081...: Restore Successful.
[20:25:37] 000081...: Khôi phục dữ liệu Restore hoàn tất thành công.
[20:25:37] 000081...: [==================================================] 100% Finished
[20:25:37] 000081...: [==================================================] 100% Finished
[20:25:37] 000081...: Restore Successful.
[20:25:37] 000081...: Restore Successful.
[20:25:37] 000081...: Khôi phục dữ liệu Restore hoàn tất thành công.
[20:25:37] 000081...: Khôi phục dữ liệu Restore hoàn tất thành công.
[20:25:38] 000081...: Đã chuyển kho thành công: B ➔ Kho đối diện:
266_iPhone_anoanvy457
[20:25:38] 000081...: ✓ Đã chuyển iPhone thứ 4 qua Kho đối diện thành công!
[20:25:38] 000081...: ⚡ Auto Activate sau Restore: đang chờ thiết bị reboot...
[20:25:38] 000081...: ⏳ Restore hoàn tất. Bắt đầu đếm ngược (80s) cho iPhone khởi động hoàn toàn...
[20:25:41] 000081...: Đã chuyển kho thành công: B ➔ Kho đối diện:
263_iPhone_trmkhnh600
[20:25:41] 000081...: ✓ Đã chuyển iPhone thứ 5 qua Kho đối diện thành công!
[20:25:41] 000081...: ⚡ Auto Activate sau Restore: đang chờ thiết bị reboot...
[20:25:41] 000081...: ⏳ Restore hoàn tất. Bắt đầu đếm ngược (80s) cho iPhone khởi động hoàn toàn...
[20:25:42] 000081...: Đã ngắt kết nối.
[20:25:42] 000081...: Đã chuyển kho thành công: B ➔ Kho đối diện:
269_iPhone_bchthytrinh797
[20:25:42] 000081...: ✓ Đã chuyển iPhone thứ 6 qua Kho đối diện thành công!
[20:25:42] 000081...: ⚡ Auto Activate sau Restore: đang chờ thiết bị reboot...
[20:25:42] 000081...: ⏳ Restore hoàn tất. Bắt đầu đếm ngược (80s) cho iPhone khởi động hoàn toàn...
[20:25:43] 000081...: Đã chuyển kho thành công: B ➔ Kho đối diện:
265_iPhone_nguynhuynngc6596
[20:25:43] 000081...: ✓ Đã chuyển iPhone thứ 7 qua Kho đối diện thành công!
[20:25:43] 000081...: ⚡ Auto Activate sau Restore: đang chờ thiết bị reboot...
[20:25:43] 000081...: ⏳ Restore hoàn tất. Bắt đầu đếm ngược (80s) cho iPhone khởi động hoàn toàn...
[20:25:43] 000081...: Đã chuyển kho thành công: B ➔ Kho đối diện:
271_iPhone_quangnhbo0152
[20:25:43] 000081...: ✓ Đã chuyển iPhone thứ 7 qua Kho đối diện thành công!
[20:25:43] 000081...: ⚡ Auto Activate sau Restore: đang chờ thiết bị reboot...
[20:25:43] 000081...: ⏳ Restore hoàn tất. Bắt đầu đếm ngược (80s) cho iPhone khởi động hoàn toàn...
[20:25:43] 000081...: Đã chuyển kho thành công: B ➔ Kho đối diện:
268_iPhone_mcmlg59
[20:25:43] 000081...: ✓ Đã chuyển iPhone thứ 8 qua Kho đối diện thành công!
[20:25:43] 000081...: ⚡ Auto Activate sau Restore: đang chờ thiết bị reboot...
[20:25:43] 000081...: ⏳ Restore hoàn tất. Bắt đầu đếm ngược (80s) cho iPhone khởi động hoàn toàn...
[20:25:43] 000081...: Đã chuyển kho thành công: B ➔ Kho đối diện:
267_iPhone_hunhandi0656
[20:25:43] 000081...: ✓ Đã chuyển iPhone thứ 8 qua Kho đối diện thành công!
[20:25:43] 000081...: ⚡ Auto Activate sau Restore: đang chờ thiết bị reboot...
[20:25:43] 000081...: ⏳ Restore hoàn tất. Bắt đầu đếm ngược (80s) cho iPhone khởi động hoàn toàn...
[20:25:44] 000081...: Đã ngắt kết nối.
[20:25:45] 000081...: Đã ngắt kết nối.
[20:25:46] 000081...: Đã ngắt kết nối.
[20:25:46] 000081...: ⏳ Đang chờ iPhone khởi động lại: còn 60s...
[20:25:46] 000081...: Đã ngắt kết nối.
[20:25:47] 000081...: Đã ngắt kết nối.
[20:25:47] 000081...: Đã ngắt kết nối.
[20:25:47] 000081...: Đã ngắt kết nối.
[20:25:48] 000081...: ⏳ Đang chờ iPhone khởi động lại: còn 60s...
[20:25:54] 000081...: ⏳ Đang chờ iPhone khởi động lại: còn 60s...
[20:25:56] 000081...: Kết nối: iPhone • iOS 26.6.1
[20:25:58] 000081...: ⏳ Đang chờ iPhone khởi động lại: còn 60s...
[20:25:59] 000081...: Kết nối: iPhone • iOS 26.6.1
[20:26:01] 000081...: ⏳ Đang chờ iPhone khởi động lại: còn 60s...
[20:26:02] 000081...: Kết nối: iPhone • iOS 26.6.1
[20:26:02] 000081...: ⏳ Đang chờ iPhone khởi động lại: còn 60s...
[20:26:03] 000081...: ⏳ Đang chờ iPhone khởi động lại: còn 60s...
[20:26:03] 000081...: ⏳ Đang chờ iPhone khởi động lại: còn 60s...
[20:26:03] 000081...: ⏳ Đang chờ iPhone khởi động lại: còn 60s...
[20:26:03] 000081...: ⏳ Đang chờ iPhone khởi động lại: còn 60s...
[20:26:05] 000081...: Kết nối: iPhone • iOS 26.6.1
[20:26:06] 000081...: ⏳ Đang chờ iPhone khởi động lại: còn 40s...
[20:26:06] 000081...: Kết nối: iPhone • iOS 26.6.1
[20:26:08] 000081...: ⏳ Đang chờ iPhone khởi động lại: còn 40s...
[20:26:12] 000081...: Kết nối: iPhone • iOS 26.6.1
[20:26:14] 000081...: ⏳ Đang chờ iPhone khởi động lại: còn 40s...
[20:26:18] 000081...: Kết nối: iPhone • iOS 26.6.1
[20:26:18] 000081...: Kết nối: iPhone (Not Trust) • iOS ?
[20:26:18] 000081...: Kết nối: iPhone • iOS 26.6.1
[20:26:18] 000081...: Kết nối: iPhone • iOS 26.6.1
[20:26:18] 000081...: ⏳ Đang chờ iPhone khởi động lại: còn 40s...
[20:26:18] 000081...: Đã xác nhận Trust: iPhone • iOS 26.6.1
[20:26:21] 000081...: ⏳ Đang chờ iPhone khởi động lại: còn 40s...
[20:26:22] 000081...: ⏳ Đang chờ iPhone khởi động lại: còn 40s...
[20:26:23] 000081...: ⏳ Đang chờ iPhone khởi động lại: còn 40s...
[20:26:23] 000081...: ⏳ Đang chờ iPhone khởi động lại: còn 40s...
[20:26:23] 000081...: ⏳ Đang chờ iPhone khởi động lại: còn 40s...
[20:26:23] 000081...: ⏳ Đang chờ iPhone khởi động lại: còn 40s...
[20:26:26] 000081...: ⏳ Đang chờ iPhone khởi động lại: còn 20s...
[20:26:28] 000081...: ⏳ Đang chờ iPhone khởi động lại: còn 20s...
[20:26:34] 000081...: ⏳ Đang chờ iPhone khởi động lại: còn 20s...
[20:26:38] 000081...: ⏳ Đang chờ iPhone khởi động lại: còn 20s...
[20:26:41] 000081...: ⏳ Đang chờ iPhone khởi động lại: còn 20s...
[20:26:42] 000081...: ⏳ Đang chờ iPhone khởi động lại: còn 20s...
[20:26:43] 000081...: ⏳ Đang chờ iPhone khởi động lại: còn 20s...
[20:26:43] 000081...: ⏳ Đang chờ iPhone khởi động lại: còn 20s...
[20:26:43] 000081...: ⏳ Đang chờ iPhone khởi động lại: còn 20s...
[20:26:43] 000081...: ⏳ Đang chờ iPhone khởi động lại: còn 20s...
[20:26:46] 000081...: ⌛ Đã hết 80 giây chờ! Đang kiểm tra kết nối thiết bị...
[20:26:48] 000081...: ⌛ Đã hết 80 giây chờ! Đang kiểm tra kết nối thiết bị...
[20:26:49] 000081...: ✅ iPhone đã khởi động xong & kết nối ổn định ➔ Bắt đầu Batch Activate...
[20:26:49] 000081...: RUN: C:\TIKTOOL PRO V4\ideviceactivation.exe activate -u 00008101-000E10A41E78001E -b
[20:26:51] 000081...: ✅ iPhone đã khởi động xong & kết nối ổn định ➔ Bắt đầu Batch Activate...
[20:26:51] 000081...: RUN: C:\TIKTOOL PRO V4\ideviceactivation.exe activate -u 00008101-000508C23CE0001E -b
[20:26:54] 000081...: ⌛ Đã hết 80 giây chờ! Đang kiểm tra kết nối thiết bị...
[20:26:54] 000081...: NOTE: This device appears to be already activated. The server might report an error 'Device Unknown' instead of acknowledging the activation.
Activation server reports that device is already activated.
[20:26:54] 000081...: RUN: C:\TIKTOOL PRO V4\ios.exe prepare --skip-all --udid=00008101-000E10A41E78001E --nojson
[20:26:57] 000081...: NOTE: This device appears to be already activated. The server might report an error 'Device Unknown' instead of acknowledging the activation.
Activation server reports that device is already activated.
[20:26:57] 000081...: RUN: C:\TIKTOOL PRO V4\ios.exe prepare --skip-all --udid=00008101-000508C23CE0001E --nojson
[20:26:57] 000081...: ✅ iPhone đã khởi động xong & kết nối ổn định ➔ Bắt đầu Batch Activate...
[20:26:57] 000081...: RUN: C:\TIKTOOL PRO V4\ideviceactivation.exe activate -u 00008101-000C0D0C3C86001E -b
[20:26:58] 000081...: ⌛ Đã hết 80 giây chờ! Đang kiểm tra kết nối thiết bị...
[20:27:01] 000081...: ✅ iPhone đã khởi động xong & kết nối ổn định ➔ Bắt đầu Batch Activate...
[20:27:01] 000081...: RUN: C:\TIKTOOL PRO V4\ideviceactivation.exe activate -u 00008101-000C55A12E91003A -b
[20:27:01] 000081...: ⌛ Đã hết 80 giây chờ! Đang kiểm tra kết nối thiết bị...
[20:27:02] 000081...: NOTE: This device appears to be already activated. The server might report an error 'Device Unknown' instead of acknowledging the activation.
Activation server reports that device is already activated.
[20:27:02] 000081...: RUN: C:\TIKTOOL PRO V4\ios.exe prepare --skip-all --udid=00008101-000C0D0C3C86001E --nojson
[20:27:02] 000081...: ⌛ Đã hết 80 giây chờ! Đang kiểm tra kết nối thiết bị...
[20:27:03] 000081...: ⌛ Đã hết 80 giây chờ! Đang kiểm tra kết nối thiết bị...
[20:27:03] 000081...: ⌛ Đã hết 80 giây chờ! Đang kiểm tra kết nối thiết bị...
[20:27:03] 000081...: ⌛ Đã hết 80 giây chờ! Đang kiểm tra kết nối thiết bị...
[20:27:03] 000081...: ⌛ Đã hết 80 giây chờ! Đang kiểm tra kết nối thiết bị...
[20:27:04] 000081...: ✅ iPhone đã khởi động xong & kết nối ổn định ➔ Bắt đầu Batch Activate...
[20:27:04] 000081...: RUN: C:\TIKTOOL PRO V4\ideviceactivation.exe activate -u 00008101-000124C011A3001E -b
[20:27:05] 000081...: ✅ iPhone đã khởi động xong & kết nối ổn định ➔ Bắt đầu Batch Activate...
[20:27:05] 000081...: RUN: C:\TIKTOOL PRO V4\ideviceactivation.exe activate -u 00008101-000101C61E44001E -b
[20:27:06] 000081...: ✅ iPhone đã khởi động xong & kết nối ổn định ➔ Bắt đầu Batch Activate...
[20:27:06] 000081...: RUN: C:\TIKTOOL PRO V4\ideviceactivation.exe activate -u 00008101-000E41E036E8001E -b
[20:27:06] 000081...: ✅ iPhone đã khởi động xong & kết nối ổn định ➔ Bắt đầu Batch Activate...
[20:27:06] 000081...: RUN: C:\TIKTOOL PRO V4\ideviceactivation.exe activate -u 00008101-00012CE20202001E -b
[20:27:06] 000081...: ✅ iPhone đã khởi động xong & kết nối ổn định ➔ Bắt đầu Batch Activate...
[20:27:06] 000081...: RUN: C:\TIKTOOL PRO V4\ideviceactivation.exe activate -u 00008101-000B05581468001E -b
[20:27:06] 000081...: ✅ iPhone đã khởi động xong & kết nối ổn định ➔ Bắt đầu Batch Activate...
[20:27:06] 000081...: RUN: C:\TIKTOOL PRO V4\ideviceactivation.exe activate -u 00008101-000D08DA1180001E -b
[20:27:06] 000081...: NOTE: This device appears to be already activated. The server might report an error 'Device Unknown' instead of acknowledging the activation.
Activation server reports that device is already activated.
[20:27:06] 000081...: RUN: C:\TIKTOOL PRO V4\ios.exe prepare --skip-all --udid=00008101-000C55A12E91003A --nojson
[20:27:10] 000081...: NOTE: This device appears to be already activated. The server might report an error 'Device Unknown' instead of acknowledging the activation.
Activation server reports that device is already activated.
[20:27:10] 000081...: RUN: C:\TIKTOOL PRO V4\ios.exe prepare --skip-all --udid=00008101-000124C011A3001E --nojson
[20:27:11] 000081...: NOTE: This device appears to be already activated. The server might report an error 'Device Unknown' instead of acknowledging the activation.
Activation server reports that device is already activated.
[20:27:11] 000081...: RUN: C:\TIKTOOL PRO V4\ios.exe prepare --skip-all --udid=00008101-000101C61E44001E --nojson
[20:27:11] 000081...: NOTE: This device appears to be already activated. The server might report an error 'Device Unknown' instead of acknowledging the activation.
Activation server reports that device is already activated.
[20:27:11] 000081...: RUN: C:\TIKTOOL PRO V4\ios.exe prepare --skip-all --udid=00008101-000E41E036E8001E --nojson
[20:27:11] 000081...: NOTE: This device appears to be already activated. The server might report an error 'Device Unknown' instead of acknowledging the activation.
Activation server reports that device is already activated.
[20:27:11] 000081...: RUN: C:\TIKTOOL PRO V4\ios.exe prepare --skip-all --udid=00008101-000D08DA1180001E --nojson
[20:27:11] 000081...: NOTE: This device appears to be already activated. The server might report an error 'Device Unknown' instead of acknowledging the activation.
Activation server reports that device is already activated.
[20:27:11] 000081...: RUN: C:\TIKTOOL PRO V4\ios.exe prepare --skip-all --udid=00008101-00012CE20202001E --nojson
[20:27:12] 000081...: NOTE: This device appears to be already activated. The server might report an error 'Device Unknown' instead of acknowledging the activation.
Activation server reports that device is already activated.
[20:27:12] 000081...: RUN: C:\TIKTOOL PRO V4\ios.exe prepare --skip-all --udid=00008101-000B05581468001E --nojson
[20:27:13] 000081...: time="2026-09-04T20:26:57+07:00" level=warning msg="go-ios agent is not running. You might need to start it with 'ios tunnel start' for ios17+. Use ENABLE_GO_IOS_AGENT=user for userspace tunnel or ENABLE_GO_IOS_AGENT=kernel for kernel tunnel for the experimental daemon mode."
time="2026-09-04T20:26:57+07:00" level=warning msg="failed to get tunnel info" udid=00008101-000508C23CE0001E
time="2026-09-04T20:26:57+07:00" level=info msg="device is activated:true"
time="2026-09-04T20:26:57+07:00" level=info msg="send flush request"
time="2026-09-04T20:27:09+07:00" level=info msg="get cloud config"
"ok"
[20:27:13] 000081...: RUN: C:\TIKTOOL PRO V4\ios.exe lang --setlocale=ja_JP --setlang=ja --udid=00008101-000508C23CE0001E --nojson
[20:27:19] 000081...: time="2026-09-04T20:27:02+07:00" level=warning msg="go-ios agent is not running. You might need to start it with 'ios tunnel start' for ios17+. Use ENABLE_GO_IOS_AGENT=user for userspace tunnel or ENABLE_GO_IOS_AGENT=kernel for kernel tunnel for the experimental daemon mode."
time="2026-09-04T20:27:02+07:00" level=warning msg="failed to get tunnel info" udid=00008101-000C0D0C3C86001E
time="2026-09-04T20:27:02+07:00" level=info msg="device is activated:true"
time="2026-09-04T20:27:02+07:00" level=info msg="send flush request"
time="2026-09-04T20:27:16+07:00" level=info msg="get cloud config"
"ok"
[20:27:19] 000081...: RUN: C:\TIKTOOL PRO V4\ios.exe lang --setlocale=ja_JP --setlang=ja --udid=00008101-000C0D0C3C86001E --nojson
[20:27:21] 000081...: time="2026-09-04T20:26:55+07:00" level=warning msg="go-ios agent is not running. You might need to start it with 'ios tunnel start' for ios17+. Use ENABLE_GO_IOS_AGENT=user for userspace tunnel or ENABLE_GO_IOS_AGENT=kernel for kernel tunnel for the experimental daemon mode."
time="2026-09-04T20:26:55+07:00" level=warning msg="failed to get tunnel info" udid=00008101-000E10A41E78001E
time="2026-09-04T20:26:55+07:00" level=info msg="device is activated:true"
time="2026-09-04T20:26:55+07:00" level=info msg="send flush request"
time="2026-09-04T20:27:09+07:00" level=info msg="get cloud config"
"ok"
[20:27:21] 000081...: RUN: C:\TIKTOOL PRO V4\ios.exe lang --setlocale=ja_JP --setlang=ja --udid=00008101-000E10A41E78001E --nojson
[20:27:21] 000081...: time="2026-09-04T20:27:11+07:00" level=warning msg="go-ios agent is not running. You might need to start it with 'ios tunnel start' for ios17+. Use ENABLE_GO_IOS_AGENT=user for userspace tunnel or ENABLE_GO_IOS_AGENT=kernel for kernel tunnel for the experimental daemon mode."
time="2026-09-04T20:27:11+07:00" level=warning msg="failed to get tunnel info" udid=00008101-00012CE20202001E
time="2026-09-04T20:27:11+07:00" level=info msg="device is activated:true"
time="2026-09-04T20:27:11+07:00" level=info msg="send flush request"
time="2026-09-04T20:27:19+07:00" level=info msg="get cloud config"
"ok"
[20:27:21] 000081...: RUN: C:\TIKTOOL PRO V4\ios.exe lang --setlocale=ja_JP --setlang=ja --udid=00008101-00012CE20202001E --nojson
[20:27:25] 000081...: time="2026-09-04T20:27:06+07:00" level=warning msg="go-ios agent is not running. You might need to start it with 'ios tunnel start' for ios17+. Use ENABLE_GO_IOS_AGENT=user for userspace tunnel or ENABLE_GO_IOS_AGENT=kernel for kernel tunnel for the experimental daemon mode."
time="2026-09-04T20:27:06+07:00" level=warning msg="failed to get tunnel info" udid=00008101-000C55A12E91003A
time="2026-09-04T20:27:06+07:00" level=info msg="device is activated:true"
time="2026-09-04T20:27:06+07:00" level=info msg="send flush request"
time="2026-09-04T20:27:17+07:00" level=info msg="get cloud config"
"ok"
[20:27:25] 000081...: RUN: C:\TIKTOOL PRO V4\ios.exe lang --setlocale=ja_JP --setlang=ja --udid=00008101-000C55A12E91003A --nojson
[20:27:25] 000081...: time="2026-09-04T20:27:10+07:00" level=warning msg="go-ios agent is not running. You might need to start it with 'ios tunnel start' for ios17+. Use ENABLE_GO_IOS_AGENT=user for userspace tunnel or ENABLE_GO_IOS_AGENT=kernel for kernel tunnel for the experimental daemon mode."
time="2026-09-04T20:27:10+07:00" level=warning msg="failed to get tunnel info" udid=00008101-000124C011A3001E
time="2026-09-04T20:27:10+07:00" level=info msg="device is activated:true"
time="2026-09-04T20:27:10+07:00" level=info msg="send flush request"
time="2026-09-04T20:27:20+07:00" level=info msg="get cloud config"
"ok"
[20:27:25] 000081...: RUN: C:\TIKTOOL PRO V4\ios.exe lang --setlocale=ja_JP --setlang=ja --udid=00008101-000124C011A3001E --nojson
[20:27:26] 000081...: time="2026-09-04T20:27:11+07:00" level=warning msg="go-ios agent is not running. You might need to start it with 'ios tunnel start' for ios17+. Use ENABLE_GO_IOS_AGENT=user for userspace tunnel or ENABLE_GO_IOS_AGENT=kernel for kernel tunnel for the experimental daemon mode."
time="2026-09-04T20:27:11+07:00" level=warning msg="failed to get tunnel info" udid=00008101-000E41E036E8001E
time="2026-09-04T20:27:11+07:00" level=info msg="device is activated:true"
time="2026-09-04T20:27:11+07:00" level=info msg="send flush request"
time="2026-09-04T20:27:19+07:00" level=info msg="get cloud config"
"ok"
[20:27:26] 000081...: RUN: C:\TIKTOOL PRO V4\ios.exe lang --setlocale=ja_JP --setlang=ja --udid=00008101-000E41E036E8001E --nojson
[20:27:26] 000081...: time="2026-09-04T20:27:11+07:00" level=warning msg="go-ios agent is not running. You might need to start it with 'ios tunnel start' for ios17+. Use ENABLE_GO_IOS_AGENT=user for userspace tunnel or ENABLE_GO_IOS_AGENT=kernel for kernel tunnel for the experimental daemon mode."
time="2026-09-04T20:27:11+07:00" level=warning msg="failed to get tunnel info" udid=00008101-000101C61E44001E
time="2026-09-04T20:27:11+07:00" level=info msg="device is activated:true"
time="2026-09-04T20:27:11+07:00" level=info msg="send flush request"
time="2026-09-04T20:27:19+07:00" level=info msg="get cloud config"
"ok"
[20:27:26] 000081...: RUN: C:\TIKTOOL PRO V4\ios.exe lang --setlocale=ja_JP --setlang=ja --udid=00008101-000101C61E44001E --nojson
[20:27:27] 000081...: time="2026-09-04T20:27:12+07:00" level=warning msg="go-ios agent is not running. You might need to start it with 'ios tunnel start' for ios17+. Use ENABLE_GO_IOS_AGENT=user for userspace tunnel or ENABLE_GO_IOS_AGENT=kernel for kernel tunnel for the experimental daemon mode."
time="2026-09-04T20:27:12+07:00" level=warning msg="failed to get tunnel info" udid=00008101-000B05581468001E
time="2026-09-04T20:27:12+07:00" level=info msg="device is activated:true"
time="2026-09-04T20:27:12+07:00" level=info msg="send flush request"
time="2026-09-04T20:27:20+07:00" level=info msg="get cloud config"
"ok"
[20:27:27] 000081...: RUN: C:\TIKTOOL PRO V4\ios.exe lang --setlocale=ja_JP --setlang=ja --udid=00008101-000B05581468001E --nojson
[20:27:29] 000081...: time="2026-09-04T20:27:13+07:00" level=warning msg="go-ios agent is not running. You might need to start it with 'ios tunnel start' for ios17+. Use ENABLE_GO_IOS_AGENT=user for userspace tunnel or ENABLE_GO_IOS_AGENT=kernel for kernel tunnel for the experimental daemon mode."
time="2026-09-04T20:27:13+07:00" level=warning msg="failed to get tunnel info" udid=00008101-000508C23CE0001E
{"Language":"ja","Locale":"ja_JP","SupportedLocales":["sv_AX","en_CN","ro_RO","en_VG","es_VC","fr_MA","en_AL","es_TT","ar_SS","fr_VU","fr_CI","en_GS","en_BW","en_JM","es_BS","en_BD","en_MG","en_PT","ar_LB","fr_GN","en_HK","ru_UA","en_CO","en_KE","en_NR","fr_MU","en_FI","nl_BQ","en_WS","en_DG","ar_SA","en_RW","en_ZM","en_BE","bn_BD","en_MH","el_CY","pt_AO","en_ER","nl_NL","en_KY","es_CL","en_VI","es_VE","en_FJ","fr_MC","en_TZ","en_ID","es_TC","zh_TW","en_GU","es_GQ","ko_CN","mr_IN","en_GB","es_MX","en_ES","es_BB","es_PR","fr_GP","pt_GW","fi_FI","en_FK","en_NA","zh_CN","en_IE","en_LR","en_TH","ca_IT","ar_KM","en_BZ","de_CH","da_GL","te_IN","en_US","en_BG","ar_QA","en_PW","ar_TN","en_JP","fr_GQ","de_LI","cs_CZ","hu_HU","zh_HK","en_NU","es_VG","ta_IN","ar_EG","ro_MD","en_LS","fr_CM","ar_SD","en_GD","ar_IL","ar_LY","en_UA","fr_TD","pt_LU","es_PA","ta_SG","en_KI","es_CO","en_FM","fr_MF","tr_CY","ar_EH","en_LT","es_IC","en_DK","pt_ST","es_GT","fr_YT","en_GE","ms_BN","en_BI","he_IL","pt_TL","en_SS","es_KY","kk_KZ","en_CA","es_VI","zh-Hant_JP","fr_MG","ar_MR","en_AR","hr_HR","ar_SY","fr_SN","en_TK","en_GY","pt_CV","en_MM","fr_DZ","ar_AE","es_ES","en_001","zh-Hant_MY","en_PG","fr_RW","ca_ES","fr_GA","en_SA","fr_BE","hi_IN","en_AS","pt_MO","en_LV","ta_LK","en_DM","en_LC","en_GG","tr_TR","es_BZ","zh-Hans_MO","es_US","en_150","it_CH","fr_TG","en_EE","it_VA","en_PH","es_EA","es_HN","ms_SG","sv_FI","es_CR","fr_RE","en_CC","en_SB","en_NF","en_CV","fr_BF","en_AT","ar_MA","nl_BE","en_GH","es_GD","en_ZA","pt_FR","th_TH","en_MO","es_003","de_IT","es_PE","de_DE","en_SC","en_NZ","en_NG","en_AU","el_GR","en_GI","ar_001","en_BM","ar_IQ","en_MP","es_PY","fr_DJ","es_EC","vi_VN","en_US_POSIX","en_CX","en_KN","en_SD","en_FR","es_CA","kn_IN","en_IL","es_AR","en_TO","zh-Hans_HK","bg_BG","es_GY","fr_NC","ta_MY","en_BN","en_UG","en_HU","en_PK","uk_UA","en_SX","en_CY","en_SE","es_CU","sk_SK","fr_BI","fr_ML","de_BE","en_IM","fr_PF","es_DM","es_LC","en_ZW","fr_CA","pl_PL","zh-Hans_JP","nl_SR","ja_JP","en_JE","fr_LU","pt_CH","en_PL","es_PH","zh_MO","fr_GF","en_CZ","fr_BJ","en_IN","zh-Hans_MY","en_AE","fr_NE","en_RO","en_MS","es_419","it_IT","ar_TD","en_SZ","fr_WF","ru_MD","ml_IN","en_SG","es_CW","es_SV","en_CH","pt_BR","en_IO","bn_IN","ar_PS","en_TR","ar_KW","es_DO","en_GM","it_SM","ms_MY","es_UY","en_MT","sl_SI","es_BM","en_PN","es_HT","en_KR","en_SH","es_KN","en_VU","fr_BL","en_NL","ca_FR","en_AG","fr_KM","fr_SC","fr_CD","ko_KP","or_IN","nb_SJ","zh-Hant_CN","en_MU","en_BR","ru_RU","ar_DZ","fr_TN","en_SI","hr_BA","en_VC","es_NI","ar_ER","fr_HT","en_TT","ar_SO","ca_AD","fr_FR","da_DK","en_BS","nl_CW","en_MV","es_BO","nb_NO","de_LU","pt_GQ","ar_JO","en_CK","fr_MQ","zh_SG","ms_ID","en_AI","fr_CF","ko_KR","en_MW","en_UM","en_SK","en_CL","en_NO","fr_MR","en_TV","fr_SY","en_TC","fr_CG","nl_SX","es_BQ","en_MX","ru_BY","sv_SE","en_BB","en_PR","de_AT","ar_DJ","lt_LT","ar_OM","en_SL","nl_AW","en_CM","ru_KZ","ar_YE","ar_BH","ru_KG","en_IT","pt_MZ","fr_PM","en_TW","id_ID","es_AG","pt_PT","en_DE","fr_CH","en_GR","gu_IN","en_RU","es_BR","en_MY"],"SupportedLanguages":["ur","lt","ja","id","mr","ms","hi","es-419","es","pl","ca","ta","fr","en-IN","or","fr-CA","da","bg","te","kk-Cyrl","pt-BR","zh-Hant-HK","hr","gu","de","th","sk","ro","sl","nb","kk","en-GB","hu","zh-HK","bn","ar","it","kn","ko","uk","pa","ru","vi","zh-Hans","zh-Hant","en-AU","ml","pt-PT","tr","fi","en-US","el","cs","sv","nl","he","en","es-US"]}
[20:27:29] 000081...: Batch Activate hoàn tất thành công.
[20:27:33] 000081...: time="2026-09-04T20:27:19+07:00" level=warning msg="go-ios agent is not running. You might need to start it with 'ios tunnel start' for ios17+. Use ENABLE_GO_IOS_AGENT=user for userspace tunnel or ENABLE_GO_IOS_AGENT=kernel for kernel tunnel for the experimental daemon mode."
time="2026-09-04T20:27:19+07:00" level=warning msg="failed to get tunnel info" udid=00008101-000C0D0C3C86001E
{"Language":"ja","Locale":"ja_JP","SupportedLocales":["sv_AX","en_CN","ro_RO","en_VG","es_VC","fr_MA","en_AL","es_TT","ar_SS","fr_VU","fr_CI","en_GS","en_BW","en_JM","es_BS","en_BD","en_MG","en_PT","en_HK","ar_LB","fr_GN","ru_UA","en_CO","en_KE","en_NR","fr_MU","en_FI","nl_BQ","en_WS","en_DG","ar_SA","en_RW","en_ZM","en_BE","en_ER","bn_BD","el_CY","nl_NL","pt_AO","en_MH","en_KY","es_CL","en_VI","es_VE","en_FJ","fr_MC","en_TZ","en_ID","es_TC","zh_TW","en_GU","es_GQ","ko_CN","mr_IN","en_GB","es_MX","en_ES","es_BB","es_PR","fr_GP","pt_GW","fi_FI","en_FK","en_NA","zh_CN","en_IE","ca_IT","en_TH","en_LR","ar_KM","en_BZ","de_CH","en_JP","te_IN","en_US","da_GL","ar_QA","ar_TN","en_PW","en_BG","fr_GQ","de_LI","cs_CZ","en_NU","zh_HK","hu_HU","es_VG","ta_IN","ar_EG","ro_MD","en_LS","fr_CM","ar_SD","en_GD","ar_IL","ar_LY","en_UA","fr_TD","pt_LU","es_PA","ta_SG","en_KI","es_CO","en_FM","fr_MF","ar_EH","tr_CY","en_LT","es_IC","en_DK","pt_ST","es_GT","en_GE","fr_YT","ms_BN","en_BI","he_IL","pt_TL","en_SS","es_KY","kk_KZ","en_CA","es_VI","ar_MR","fr_MG","zh-Hant_JP","hr_HR","en_AR","en_TK","ar_SY","fr_SN","en_GY","pt_CV","en_MM","fr_DZ","ar_AE","es_ES","zh-Hant_MY","ca_ES","en_001","en_PG","fr_RW","fr_GA","en_SA","fr_BE","hi_IN","en_AS","pt_MO","en_LV","ta_LK","en_DM","en_LC","en_GG","es_BZ","tr_TR","it_CH","zh-Hans_MO","es_US","it_VA","fr_TG","en_EE","en_150","en_PH","es_EA","es_HN","en_CV","sv_FI","en_SB","fr_RE","en_CC","fr_BF","en_NF","es_CR","ms_SG","en_AT","ar_MA","nl_BE","en_GH","es_GD","th_TH","pt_FR","en_ZA","en_MO","es_003","de_IT","es_PE","de_DE","en_SC","en_NZ","en_NG","en_AU","el_GR","en_GI","ar_001","en_BM","ar_IQ","en_MP","es_PY","fr_DJ","es_EC","en_US_POSIX","vi_VN","en_CX","en_KN","en_SD","en_FR","es_CA","kn_IN","en_IL","es_AR","en_TO","zh-Hans_HK","es_GY","bg_BG","fr_NC","ta_MY","en_BN","en_UG","en_HU","en_PK","uk_UA","en_SX","en_CY","en_SE","es_CU","sk_SK","fr_BI","fr_ML","en_IM","de_BE","fr_PF","es_DM","es_LC","en_ZW","fr_CA","pl_PL","zh-Hans_JP","nl_SR","ja_JP","en_JE","pt_CH","fr_LU","en_PL","zh_MO","en_CZ","fr_GF","es_PH","fr_BJ","en_IN","zh-Hans_MY","en_AE","fr_NE","en_RO","en_MS","es_419","it_IT","ar_TD","en_SZ","fr_WF","es_SV","ml_IN","en_SG","es_CW","en_CH","ru_MD","pt_BR","en_IO","bn_IN","en_TR","ar_PS","ar_KW","es_DO","en_GM","it_SM","ms_MY","es_UY","en_MT","es_BM","sl_SI","en_PN","es_HT","en_KR","en_SH","en_VU","es_KN","fr_BL","en_NL","ca_FR","en_AG","fr_KM","fr_SC","fr_CD","ko_KP","or_IN","nb_SJ","zh-Hant_CN","ru_RU","en_MU","fr_TN","ar_DZ","en_BR","en_SI","hr_BA","es_NI","en_VC","ar_ER","fr_HT","en_TT","ar_SO","ca_AD","fr_FR","da_DK","en_BS","nl_CW","es_BO","nb_NO","en_MV","de_LU","pt_GQ","ar_JO","en_CK","fr_MQ","zh_SG","ms_ID","en_AI","fr_CF","ko_KR","en_MW","en_UM","en_SK","en_CL","en_NO","fr_MR","en_TV","fr_SY","en_TC","fr_CG","nl_SX","es_BQ","ar_YE","ru_BY","en_BB","sv_SE","en_PR","en_MX","ar_DJ","lt_LT","nl_AW","en_SL","ar_OM","en_CM","ru_KZ","de_AT","ar_BH","ru_KG","id_ID","pt_MZ","fr_PM","en_TW","en_IT","es_AG","pt_PT","en_DE","fr_CH","gu_IN","en_RU","en_GR","en_MY","es_BR"],"SupportedLanguages":["ur","lt","ja","id","mr","ms","hi","es-419","es","pl","ca","ta","fr","en-IN","or","fr-CA","da","bg","te","kk-Cyrl","pt-BR","zh-Hant-HK","hr","gu","de","th","sk","ro","sl","nb","kk","en-GB","hu","zh-HK","bn","ar","it","kn","ko","uk","pa","ru","vi","zh-Hans","zh-Hant","en-AU","ml","pt-PT","tr","fi","en-US","el","cs","sv","nl","he","en","es-US"]}
[20:27:33] 000081...: Batch Activate hoàn tất thành công.
[20:27:37] 000081...: time="2026-09-04T20:27:21+07:00" level=warning msg="go-ios agent is not running. You might need to start it with 'ios tunnel start' for ios17+. Use ENABLE_GO_IOS_AGENT=user for userspace tunnel or ENABLE_GO_IOS_AGENT=kernel for kernel tunnel for the experimental daemon mode."
time="2026-09-04T20:27:21+07:00" level=warning msg="failed to get tunnel info" udid=00008101-000E10A41E78001E
{"Language":"ja","Locale":"ja_JP","SupportedLocales":["sv_AX","en_CN","ro_RO","en_VG","es_VC","fr_MA","en_AL","es_TT","ar_SS","fr_VU","en_GS","fr_CI","en_BW","en_JM","es_BS","en_BD","en_MG","en_PT","en_HK","ar_LB","fr_GN","ru_UA","en_CO","en_KE","en_NR","fr_MU","en_FI","nl_BQ","en_WS","en_DG","ar_SA","en_RW","en_ZM","en_BE","en_ER","bn_BD","el_CY","nl_NL","pt_AO","en_MH","en_KY","es_CL","en_VI","en_FJ","es_VE","fr_MC","en_TZ","en_ID","es_TC","zh_TW","en_GU","es_GQ","en_GB","ko_CN","mr_IN","es_MX","en_ES","es_BB","es_PR","fr_GP","pt_GW","fi_FI","en_FK","en_NA","zh_CN","en_IE","en_LR","en_TH","ca_IT","ar_KM","en_BZ","de_CH","da_GL","te_IN","en_US","en_JP","en_BG","ar_QA","en_PW","ar_TN","fr_GQ","de_LI","cs_CZ","hu_HU","zh_HK","en_NU","es_VG","ta_IN","ar_EG","ro_MD","en_LS","fr_CM","ar_SD","en_GD","ar_IL","ar_LY","en_UA","fr_TD","pt_LU","es_PA","ta_SG","en_KI","es_CO","en_FM","fr_MF","tr_CY","ar_EH","en_LT","es_IC","en_DK","pt_ST","es_GT","fr_YT","en_GE","ms_BN","en_BI","he_IL","pt_TL","en_SS","es_KY","kk_KZ","en_CA","es_VI","zh-Hant_JP","ar_MR","fr_MG","en_AR","hr_HR","ar_SY","fr_SN","en_TK","en_GY","pt_CV","en_MM","es_ES","ar_AE","fr_DZ","en_001","zh-Hant_MY","en_PG","fr_RW","ca_ES","fr_GA","en_SA","fr_BE","hi_IN","en_AS","pt_MO","en_LV","ta_LK","en_DM","en_LC","en_GG","es_BZ","tr_TR","zh-Hans_MO","es_US","en_150","it_VA","fr_TG","en_EE","it_CH","en_PH","es_EA","sv_FI","en_CV","ms_SG","es_CR","fr_RE","en_CC","en_SB","en_NF","fr_BF","es_HN","en_AT","ar_MA","nl_BE","en_GH","es_GD","th_TH","en_ZA","pt_FR","en_MO","es_003","de_IT","es_PE","de_DE","en_SC","en_NZ","en_NG","en_AU","el_GR","en_GI","ar_001","en_BM","ar_IQ","en_MP","es_PY","fr_DJ","es_EC","vi_VN","en_US_POSIX","en_CX","en_KN","en_SD","en_FR","es_CA","kn_IN","en_IL","es_AR","en_TO","zh-Hans_HK","bg_BG","es_GY","fr_NC","en_BN","ta_MY","en_UG","en_HU","en_PK","en_SX","uk_UA","en_CY","en_SE","sk_SK","es_CU","fr_BI","fr_ML","de_BE","en_IM","fr_PF","es_DM","es_LC","en_ZW","fr_CA","pl_PL","pt_CH","zh-Hans_JP","en_JE","ja_JP","fr_LU","nl_SR","en_PL","es_PH","zh_MO","fr_GF","en_CZ","fr_BJ","en_IN","zh-Hans_MY","en_AE","fr_NE","en_RO","en_MS","es_419","it_IT","ar_TD","en_SZ","fr_WF","es_SV","ml_IN","en_SG","es_CW","en_CH","ru_MD","pt_BR","en_IO","bn_IN","ar_PS","en_TR","ar_KW","es_DO","en_GM","it_SM","ms_MY","sl_SI","es_UY","en_MT","es_BM","en_PN","es_HT","en_KR","en_SH","es_KN","en_VU","fr_BL","en_NL","ca_FR","en_AG","fr_KM","fr_SC","fr_CD","ko_KP","or_IN","nb_SJ","zh-Hant_CN","en_MU","ru_RU","fr_TN","ar_DZ","en_BR","en_SI","hr_BA","es_NI","en_VC","ar_ER","fr_HT","en_TT","ar_SO","ca_AD","fr_FR","da_DK","en_BS","es_BO","nl_CW","en_MV","nb_NO","de_LU","en_CK","pt_GQ","ar_JO","fr_MQ","zh_SG","ms_ID","en_AI","fr_CF","ko_KR","en_MW","en_UM","en_SK","en_CL","en_NO","fr_MR","en_TV","fr_SY","en_TC","fr_CG","nl_SX","es_BQ","ar_YE","en_MX","sv_SE","de_AT","en_PR","en_BB","ar_DJ","lt_LT","nl_AW","en_SL","ar_OM","en_CM","ru_KZ","ru_BY","ar_BH","ru_KG","id_ID","en_IT","fr_PM","pt_MZ","en_TW","pt_PT","es_AG","en_DE","fr_CH","gu_IN","en_RU","en_GR","es_BR","en_MY"],"SupportedLanguages":["ur","lt","ja","id","mr","ms","hi","es-419","es","pl","ca","ta","fr","en-IN","or","fr-CA","da","bg","te","kk-Cyrl","pt-BR","zh-Hant-HK","hr","gu","de","th","sk","ro","sl","nb","kk","en-GB","hu","zh-HK","bn","ar","it","kn","ko","uk","pa","ru","vi","zh-Hans","zh-Hant","en-AU","ml","pt-PT","tr","fi","en-US","el","cs","sv","nl","he","en","es-US"]}
[20:27:37] 000081...: Batch Activate hoàn tất thành công.
[20:27:39] 000081...: time="2026-09-04T20:27:27+07:00" level=warning msg="go-ios agent is not running. You might need to start it with 'ios tunnel start' for ios17+. Use ENABLE_GO_IOS_AGENT=user for userspace tunnel or ENABLE_GO_IOS_AGENT=kernel for kernel tunnel for the experimental daemon mode."
time="2026-09-04T20:27:27+07:00" level=warning msg="failed to get tunnel info" udid=00008101-000B05581468001E
{"Language":"ja","Locale":"ja_JP","SupportedLocales":["sv_AX","en_CN","ro_RO","en_VG","es_VC","fr_MA","en_AL","es_TT","ar_SS","fr_VU","fr_CI","en_GS","en_BW","en_JM","es_BS","en_BD","en_MG","en_PT","en_HK","ar_LB","fr_GN","ru_UA","en_CO","en_KE","en_NR","fr_MU","en_FI","nl_BQ","en_WS","en_DG","ar_SA","en_RW","en_ZM","en_BE","en_ER","bn_BD","en_MH","nl_NL","pt_AO","el_CY","en_KY","es_CL","en_VI","en_FJ","es_VE","fr_MC","en_TZ","en_ID","es_TC","zh_TW","en_GU","es_GQ","en_GB","ko_CN","mr_IN","es_MX","en_ES","es_BB","es_PR","fr_GP","pt_GW","fi_FI","en_FK","en_NA","zh_CN","en_IE","en_LR","en_TH","ca_IT","ar_KM","en_BZ","de_CH","da_GL","en_US","en_BG","te_IN","ar_QA","ar_TN","en_PW","en_JP","fr_GQ","de_LI","cs_CZ","hu_HU","zh_HK","en_NU","es_VG","ta_IN","ar_EG","ro_MD","en_LS","fr_CM","ar_SD","en_GD","ar_IL","ar_LY","en_UA","fr_TD","pt_LU","es_PA","ta_SG","en_KI","es_CO","en_FM","fr_MF","ar_EH","tr_CY","en_LT","es_IC","en_DK","pt_ST","es_GT","en_GE","fr_YT","ms_BN","en_BI","he_IL","pt_TL","en_SS","es_KY","kk_KZ","en_CA","es_VI","ar_MR","fr_MG","zh-Hant_JP","hr_HR","en_AR","en_TK","fr_SN","ar_SY","en_GY","pt_CV","en_MM","es_ES","ar_AE","fr_DZ","en_001","en_PG","ca_ES","fr_RW","zh-Hant_MY","fr_GA","en_SA","fr_BE","hi_IN","en_AS","pt_MO","en_LV","ta_LK","en_DM","en_LC","en_GG","tr_TR","es_BZ","it_CH","zh-Hans_MO","en_150","it_VA","fr_TG","es_US","en_EE","es_EA","es_HN","en_PH","en_CV","sv_FI","es_CR","en_SB","en_CC","fr_BF","en_NF","fr_RE","ms_SG","en_AT","ar_MA","nl_BE","en_GH","es_GD","th_TH","pt_FR","en_ZA","en_MO","es_003","de_IT","es_PE","de_DE","en_SC","en_NZ","en_NG","en_AU","el_GR","en_GI","ar_001","en_BM","ar_IQ","en_MP","es_PY","fr_DJ","es_EC","vi_VN","en_US_POSIX","en_CX","en_KN","en_SD","en_FR","es_CA","kn_IN","en_IL","es_AR","en_TO","zh-Hans_HK","bg_BG","es_GY","fr_NC","ta_MY","en_BN","en_UG","en_HU","uk_UA","en_SX","en_PK","en_CY","en_SE","es_CU","sk_SK","fr_BI","fr_ML","de_BE","en_IM","fr_PF","es_DM","es_LC","en_ZW","fr_CA","pl_PL","pt_CH","zh-Hans_JP","ja_JP","en_JE","fr_LU","nl_SR","en_PL","es_PH","en_CZ","zh_MO","fr_GF","fr_BJ","en_IN","zh-Hans_MY","en_AE","fr_NE","en_RO","en_MS","es_419","it_IT","ar_TD","en_SZ","fr_WF","ru_MD","es_SV","en_SG","ml_IN","en_CH","es_CW","pt_BR","en_IO","bn_IN","ar_PS","en_TR","ar_KW","es_DO","en_GM","it_SM","ms_MY","sl_SI","es_UY","en_MT","es_BM","en_PN","es_HT","en_KR","en_SH","en_VU","es_KN","fr_BL","en_NL","ca_FR","en_AG","fr_KM","fr_SC","fr_CD","ko_KP","or_IN","en_BR","zh-Hant_CN","en_MU","ru_RU","fr_TN","ar_DZ","nb_SJ","en_SI","en_VC","es_NI","hr_BA","ar_ER","fr_HT","en_TT","ar_SO","ca_AD","fr_FR","da_DK","en_BS","nl_CW","en_MV","es_BO","nb_NO","de_LU","en_CK","ar_JO","pt_GQ","fr_MQ","zh_SG","ms_ID","en_AI","fr_CF","ko_KR","en_MW","en_UM","en_SK","en_CL","en_NO","fr_MR","en_TV","fr_SY","en_TC","fr_CG","nl_SX","en_MX","ar_YE","ru_BY","sv_SE","de_AT","en_PR","es_BQ","ar_DJ","lt_LT","nl_AW","ar_OM","en_SL","en_CM","ru_KZ","en_BB","ar_BH","ru_KG","en_IT","id_ID","fr_PM","en_TW","pt_MZ","es_AG","pt_PT","en_DE","fr_CH","en_GR","en_RU","gu_IN","es_BR","en_MY"],"SupportedLanguages":["ur","lt","ja","id","mr","ms","hi","es-419","es","pl","ca","ta","fr","en-IN","or","fr-CA","da","bg","te","kk-Cyrl","pt-BR","zh-Hant-HK","hr","gu","de","th","sk","ro","sl","nb","kk","en-GB","hu","zh-HK","bn","ar","it","kn","ko","uk","pa","ru","vi","zh-Hans","zh-Hant","en-AU","ml","pt-PT","tr","fi","en-US","el","cs","sv","nl","he","en","es-US"]}
[20:27:39] 000081...: Batch Activate hoàn tất thành công.
[20:27:41] 000081...: time="2026-09-04T20:27:25+07:00" level=warning msg="go-ios agent is not running. You might need to start it with 'ios tunnel start' for ios17+. Use ENABLE_GO_IOS_AGENT=user for userspace tunnel or ENABLE_GO_IOS_AGENT=kernel for kernel tunnel for the experimental daemon mode."
time="2026-09-04T20:27:25+07:00" level=warning msg="failed to get tunnel info" udid=00008101-000C55A12E91003A
{"Language":"ja","Locale":"ja_JP","SupportedLocales":["sv_AX","en_CN","ro_RO","en_VG","es_VC","fr_MA","en_AL","es_TT","ar_SS","fr_VU","fr_CI","en_GS","en_BW","en_JM","es_BS","en_BD","en_MG","en_PT","ar_LB","fr_GN","ru_UA","en_HK","en_CO","en_KE","en_NR","fr_MU","en_FI","nl_BQ","en_WS","en_DG","ar_SA","en_RW","en_ZM","en_BE","bn_BD","en_MH","en_ER","nl_NL","pt_AO","el_CY","en_KY","es_CL","en_VI","en_FJ","es_VE","fr_MC","en_TZ","en_ID","es_TC","zh_TW","en_GU","es_GQ","en_GB","mr_IN","ko_CN","es_MX","en_ES","es_BB","es_PR","fr_GP","pt_GW","fi_FI","en_FK","en_NA","zh_CN","en_IE","en_LR","en_TH","ca_IT","ar_KM","en_BZ","de_CH","en_JP","en_US","en_BG","da_GL","ar_QA","en_PW","ar_TN","te_IN","fr_GQ","de_LI","cs_CZ","en_NU","zh_HK","hu_HU","es_VG","ta_IN","ar_EG","ro_MD","en_LS","fr_CM","ar_SD","en_GD","ar_IL","ar_LY","en_UA","fr_TD","pt_LU","es_PA","ta_SG","en_KI","es_CO","en_FM","fr_MF","tr_CY","ar_EH","en_LT","es_IC","en_DK","pt_ST","es_GT","fr_YT","en_GE","ms_BN","en_BI","he_IL","pt_TL","en_SS","es_KY","kk_KZ","en_CA","es_VI","ar_MR","fr_MG","zh-Hant_JP","en_AR","hr_HR","ar_SY","en_TK","fr_SN","en_GY","pt_CV","fr_DZ","es_ES","ar_AE","en_MM","en_001","zh-Hant_MY","en_PG","fr_RW","ca_ES","fr_GA","en_SA","fr_BE","hi_IN","en_AS","pt_MO","en_LV","ta_LK","en_DM","en_LC","en_GG","es_BZ","tr_TR","it_CH","zh-Hans_MO","en_150","it_VA","es_US","en_EE","fr_TG","es_EA","es_HN","sv_FI","ms_SG","en_PH","es_CR","fr_RE","en_CC","en_SB","en_CV","en_NF","fr_BF","en_AT","ar_MA","nl_BE","en_GH","es_GD","th_TH","pt_FR","en_ZA","en_MO","es_003","de_IT","es_PE","de_DE","en_SC","en_NZ","en_NG","en_AU","el_GR","en_GI","ar_001","en_BM","ar_IQ","en_MP","es_PY","fr_DJ","es_EC","vi_VN","en_US_POSIX","en_CX","en_KN","en_SD","en_FR","es_CA","kn_IN","en_IL","es_AR","en_TO","zh-Hans_HK","es_GY","bg_BG","fr_NC","ta_MY","en_BN","en_UG","en_HU","en_PK","uk_UA","en_SX","en_CY","en_SE","es_CU","sk_SK","fr_BI","fr_ML","de_BE","en_IM","fr_PF","es_DM","es_LC","en_ZW","fr_CA","pl_PL","pt_CH","nl_SR","ja_JP","en_JE","zh-Hans_JP","fr_LU","en_PL","zh_MO","en_CZ","fr_GF","es_PH","fr_BJ","en_IN","zh-Hans_MY","en_AE","en_RO","fr_NE","en_MS","es_419","it_IT","ar_TD","en_SZ","fr_WF","es_SV","ml_IN","es_CW","en_SG","en_CH","ru_MD","pt_BR","en_IO","ar_PS","bn_IN","en_TR","ar_KW","es_DO","en_GM","it_SM","ms_MY","sl_SI","es_UY","es_BM","en_MT","en_PN","es_HT","en_KR","en_SH","en_VU","es_KN","fr_BL","en_NL","ca_FR","en_AG","fr_KM","fr_SC","fr_CD","ko_KP","or_IN","nb_SJ","en_BR","en_MU","ru_RU","fr_TN","ar_DZ","zh-Hant_CN","en_SI","hr_BA","en_VC","ar_ER","es_NI","fr_HT","en_TT","ar_SO","ca_AD","da_DK","fr_FR","en_BS","nl_CW","en_MV","es_BO","nb_NO","de_LU","en_CK","ar_JO","pt_GQ","fr_MQ","zh_SG","ms_ID","en_AI","fr_CF","ko_KR","en_MW","en_UM","en_SK","en_CL","en_NO","fr_MR","en_TV","fr_SY","en_TC","fr_CG","nl_SX","es_BQ","en_MX","ru_BY","en_BB","de_AT","sv_SE","en_PR","ar_DJ","lt_LT","nl_AW","ar_OM","en_SL","en_CM","ru_KZ","ar_YE","ar_BH","ru_KG","id_ID","en_IT","fr_PM","en_TW","pt_MZ","es_AG","pt_PT","en_DE","en_GR","gu_IN","en_RU","fr_CH","en_MY","es_BR"],"SupportedLanguages":["ur","lt","ja","id","mr","ms","hi","es-419","es","pl","ca","ta","fr","en-IN","or","fr-CA","da","bg","te","kk-Cyrl","pt-BR","zh-Hant-HK","hr","gu","de","th","sk","ro","sl","nb","kk","en-GB","hu","zh-HK","bn","ar","it","kn","ko","uk","pa","ru","vi","zh-Hans","zh-Hant","en-AU","ml","pt-PT","tr","fi","en-US","el","cs","sv","nl","he","en","es-US"]}
[20:27:41] 000081...: Batch Activate hoàn tất thành công.
[20:27:48] 000081...: time="2026-09-04T20:27:11+07:00" level=warning msg="go-ios agent is not running. You might need to start it with 'ios tunnel start' for ios17+. Use ENABLE_GO_IOS_AGENT=user for userspace tunnel or ENABLE_GO_IOS_AGENT=kernel for kernel tunnel for the experimental daemon mode."
time="2026-09-04T20:27:11+07:00" level=warning msg="failed to get tunnel info" udid=00008101-000D08DA1180001E
time="2026-09-04T20:27:11+07:00" level=info msg="device is activated:true"
time="2026-09-04T20:27:11+07:00" level=info msg="send flush request"
time="2026-09-04T20:27:31+07:00" level=info msg="get cloud config"
"ok"
[20:27:48] 000081...: RUN: C:\TIKTOOL PRO V4\ios.exe lang --setlocale=ja_JP --setlang=ja --udid=00008101-000D08DA1180001E --nojson
[20:27:50] 000081...: time="2026-09-04T20:27:26+07:00" level=warning msg="go-ios agent is not running. You might need to start it with 'ios tunnel start' for ios17+. Use ENABLE_GO_IOS_AGENT=user for userspace tunnel or ENABLE_GO_IOS_AGENT=kernel for kernel tunnel for the experimental daemon mode."
time="2026-09-04T20:27:26+07:00" level=warning msg="failed to get tunnel info" udid=00008101-000101C61E44001E
{"Language":"ja","Locale":"ja_JP","SupportedLocales":["sv_AX","en_CN","ro_RO","en_VG","es_VC","fr_MA","en_AL","es_TT","ar_SS","fr_VU","fr_CI","en_GS","en_BW","en_JM","es_BS","en_BD","en_MG","en_PT","en_HK","ar_LB","fr_GN","ru_UA","en_CO","en_KE","en_NR","fr_MU","en_FI","nl_BQ","en_WS","en_DG","ar_SA","en_RW","en_ZM","en_BE","bn_BD","en_MH","el_CY","nl_NL","pt_AO","en_ER","en_KY","es_CL","en_VI","en_FJ","es_VE","fr_MC","en_TZ","en_ID","es_TC","en_GU","zh_TW","es_GQ","ko_CN","mr_IN","en_GB","es_MX","en_ES","es_BB","es_PR","fr_GP","pt_GW","fi_FI","en_FK","en_NA","zh_CN","en_IE","en_LR","en_TH","ca_IT","ar_KM","en_BZ","en_JP","da_GL","te_IN","en_US","en_BG","ar_QA","en_PW","ar_TN","de_CH","fr_GQ","de_LI","cs_CZ","hu_HU","en_NU","zh_HK","es_VG","ta_IN","ar_EG","ro_MD","en_LS","fr_CM","ar_SD","en_GD","ar_IL","ar_LY","en_UA","fr_TD","pt_LU","es_PA","ta_SG","en_KI","es_CO","en_FM","fr_MF","tr_CY","ar_EH","en_LT","es_IC","en_DK","pt_ST","es_GT","fr_YT","en_GE","ms_BN","en_BI","he_IL","pt_TL","en_SS","es_KY","kk_KZ","en_CA","es_VI","zh-Hant_JP","ar_MR","fr_MG","hr_HR","en_AR","ar_SY","fr_SN","en_TK","en_GY","pt_CV","en_MM","es_ES","ar_AE","fr_DZ","zh-Hant_MY","en_PG","en_001","fr_RW","ca_ES","fr_GA","en_SA","fr_BE","hi_IN","en_AS","pt_MO","en_LV","ta_LK","en_DM","en_LC","en_GG","es_BZ","tr_TR","zh-Hans_MO","es_US","en_150","it_VA","fr_TG","en_EE","it_CH","en_PH","es_EA","es_HN","ms_SG","sv_FI","es_CR","en_SB","fr_RE","fr_BF","en_NF","en_CV","en_CC","en_AT","ar_MA","nl_BE","en_GH","es_GD","th_TH","pt_FR","en_ZA","en_MO","de_IT","es_003","es_PE","de_DE","en_SC","en_NZ","en_NG","en_AU","el_GR","en_GI","ar_001","en_BM","ar_IQ","en_MP","es_PY","fr_DJ","es_EC","vi_VN","en_US_POSIX","en_CX","en_KN","en_SD","en_FR","es_CA","kn_IN","en_IL","es_AR","en_TO","zh-Hans_HK","es_GY","bg_BG","fr_NC","ta_MY","en_BN","en_UG","en_HU","en_PK","en_SX","uk_UA","en_CY","en_SE","sk_SK","es_CU","fr_BI","fr_ML","en_IM","de_BE","fr_PF","es_DM","es_LC","en_ZW","fr_CA","pl_PL","pt_CH","zh-Hans_JP","ja_JP","en_JE","fr_LU","nl_SR","en_PL","zh_MO","en_CZ","fr_GF","es_PH","fr_BJ","en_IN","zh-Hans_MY","en_AE","fr_NE","en_RO","en_MS","es_419","it_IT","ar_TD","en_SZ","fr_WF","es_SV","ml_IN","en_SG","es_CW","en_CH","ru_MD","pt_BR","en_IO","bn_IN","ar_PS","en_TR","ar_KW","es_DO","en_GM","it_SM","ms_MY","sl_SI","en_MT","es_BM","es_UY","en_PN","es_HT","en_KR","en_SH","es_KN","en_VU","fr_BL","en_NL","ca_FR","en_AG","fr_KM","fr_SC","fr_CD","ko_KP","or_IN","nb_SJ","en_BR","en_MU","zh-Hant_CN","fr_TN","ar_DZ","ru_RU","en_SI","en_VC","es_NI","ar_ER","hr_BA","fr_HT","en_TT","ar_SO","ca_AD","da_DK","fr_FR","en_BS","nl_CW","en_MV","nb_NO","es_BO","de_LU","en_CK","ar_JO","pt_GQ","fr_MQ","zh_SG","ms_ID","en_AI","fr_CF","ko_KR","en_MW","en_UM","en_SK","en_CL","en_NO","fr_MR","en_TV","fr_SY","en_TC","fr_CG","nl_SX","es_BQ","en_MX","en_BB","sv_SE","de_AT","en_PR","ar_YE","ar_DJ","lt_LT","nl_AW","ar_OM","en_SL","en_CM","ru_KZ","ru_BY","ar_BH","ru_KG","en_IT","id_ID","fr_PM","en_TW","pt_MZ","es_AG","pt_PT","en_DE","fr_CH","gu_IN","en_RU","en_GR","en_MY","es_BR"],"SupportedLanguages":["ur","lt","ja","id","mr","ms","hi","es-419","es","pl","ca","ta","fr","en-IN","or","fr-CA","da","bg","te","kk-Cyrl","pt-BR","zh-Hant-HK","hr","gu","de","th","sk","ro","sl","nb","kk","en-GB","hu","zh-HK","bn","ar","it","kn","ko","uk","pa","ru","vi","zh-Hans","zh-Hant","en-AU","ml","pt-PT","tr","fi","en-US","el","cs","sv","nl","he","en","es-US"]}
[20:27:50] 000081...: Batch Activate hoàn tất thành công.
[20:27:50] 000081...: time="2026-09-04T20:27:21+07:00" level=warning msg="go-ios agent is not running. You might need to start it with 'ios tunnel start' for ios17+. Use ENABLE_GO_IOS_AGENT=user for userspace tunnel or ENABLE_GO_IOS_AGENT=kernel for kernel tunnel for the experimental daemon mode."
time="2026-09-04T20:27:21+07:00" level=warning msg="failed to get tunnel info" udid=00008101-00012CE20202001E
{"Language":"ja","Locale":"ja_JP","SupportedLocales":["sv_AX","en_CN","ro_RO","en_VG","es_VC","fr_MA","en_AL","es_TT","ar_SS","fr_VU","fr_CI","en_GS","en_BW","en_JM","es_BS","en_BD","en_MG","en_PT","ar_LB","fr_GN","ru_UA","en_HK","en_CO","en_KE","en_NR","fr_MU","en_FI","nl_BQ","en_WS","en_DG","ar_SA","en_RW","en_ZM","en_BE","el_CY","en_MH","bn_BD","pt_AO","nl_NL","en_ER","en_KY","es_CL","en_VI","en_FJ","es_VE","fr_MC","en_TZ","en_ID","es_TC","zh_TW","en_GU","es_GQ","en_GB","mr_IN","ko_CN","es_MX","en_ES","es_BB","es_PR","fr_GP","pt_GW","fi_FI","en_FK","en_NA","zh_CN","en_IE","en_LR","en_TH","ca_IT","ar_KM","en_BZ","en_JP","da_GL","te_IN","en_US","en_BG","ar_QA","en_PW","ar_TN","de_CH","fr_GQ","de_LI","cs_CZ","en_NU","zh_HK","hu_HU","es_VG","ta_IN","ar_EG","ro_MD","en_LS","fr_CM","ar_SD","en_GD","ar_IL","ar_LY","en_UA","fr_TD","pt_LU","es_PA","ta_SG","en_KI","es_CO","en_FM","fr_MF","ar_EH","tr_CY","en_LT","es_IC","en_DK","pt_ST","es_GT","fr_YT","en_GE","ms_BN","en_BI","he_IL","pt_TL","en_SS","es_KY","kk_KZ","en_CA","es_VI","zh-Hant_JP","ar_MR","fr_MG","hr_HR","en_AR","ar_SY","fr_SN","en_TK","en_GY","pt_CV","en_MM","es_ES","ar_AE","fr_DZ","en_001","zh-Hant_MY","en_PG","fr_RW","ca_ES","fr_GA","en_SA","fr_BE","hi_IN","en_AS","pt_MO","en_LV","ta_LK","en_DM","en_LC","en_GG","es_BZ","tr_TR","it_CH","zh-Hans_MO","en_150","it_VA","es_US","en_EE","fr_TG","es_EA","sv_FI","en_PH","es_HN","en_CV","en_SB","fr_RE","en_CC","fr_BF","en_NF","es_CR","ms_SG","en_AT","ar_MA","nl_BE","en_GH","es_GD","en_ZA","pt_FR","th_TH","en_MO","es_003","de_IT","es_PE","de_DE","en_SC","en_NZ","en_NG","en_AU","el_GR","en_GI","ar_001","en_BM","ar_IQ","en_MP","es_PY","fr_DJ","es_EC","vi_VN","en_US_POSIX","en_CX","en_KN","en_SD","en_FR","es_CA","kn_IN","en_IL","es_AR","en_TO","zh-Hans_HK","es_GY","bg_BG","fr_NC","ta_MY","en_BN","en_UG","en_HU","en_PK","en_SX","uk_UA","en_CY","en_SE","sk_SK","es_CU","fr_BI","fr_ML","en_IM","de_BE","fr_PF","es_DM","es_LC","en_ZW","fr_CA","pl_PL","pt_CH","zh-Hans_JP","ja_JP","en_JE","fr_LU","nl_SR","en_PL","zh_MO","en_CZ","fr_GF","es_PH","fr_BJ","en_IN","zh-Hans_MY","en_AE","fr_NE","en_RO","en_MS","es_419","it_IT","ar_TD","en_SZ","fr_WF","ru_MD","ml_IN","en_SG","es_CW","en_CH","es_SV","pt_BR","en_IO","bn_IN","en_TR","ar_PS","ar_KW","es_DO","en_GM","it_SM","ms_MY","sl_SI","es_UY","en_MT","es_BM","en_PN","es_HT","en_KR","en_SH","en_VU","es_KN","fr_BL","en_NL","ca_FR","en_AG","fr_KM","fr_SC","fr_CD","ko_KP","or_IN","nb_SJ","zh-Hant_CN","en_MU","en_BR","fr_TN","ar_DZ","ru_RU","en_SI","hr_BA","en_VC","ar_ER","es_NI","fr_HT","en_TT","ar_SO","ca_AD","da_DK","fr_FR","en_BS","nl_CW","en_MV","es_BO","nb_NO","de_LU","en_CK","pt_GQ","ar_JO","fr_MQ","zh_SG","ms_ID","en_AI","fr_CF","ko_KR","en_MW","en_UM","en_SK","en_CL","en_NO","fr_MR","en_TV","fr_SY","en_TC","fr_CG","nl_SX","es_BQ","en_MX","ru_BY","sv_SE","de_AT","en_PR","en_BB","ar_DJ","ar_YE","nl_AW","ar_OM","en_SL","en_CM","ru_KZ","lt_LT","ar_BH","ru_KG","en_IT","id_ID","fr_PM","en_TW","pt_MZ","es_AG","pt_PT","en_DE","gu_IN","fr_CH","en_RU","en_GR","es_BR","en_MY"],"SupportedLanguages":["ur","lt","ja","id","mr","ms","hi","es-419","es","pl","ca","ta","fr","en-IN","or","fr-CA","da","bg","te","kk-Cyrl","pt-BR","zh-Hant-HK","hr","gu","de","th","sk","ro","sl","nb","kk","en-GB","hu","zh-HK","bn","ar","it","kn","ko","uk","pa","ru","vi","zh-Hans","zh-Hant","en-AU","ml","pt-PT","tr","fi","en-US","el","cs","sv","nl","he","en","es-US"]}
[20:27:50] 000081...: Batch Activate hoàn tất thành công.
[20:27:56] 000081...: time="2026-09-04T20:27:25+07:00" level=warning msg="go-ios agent is not running. You might need to start it with 'ios tunnel start' for ios17+. Use ENABLE_GO_IOS_AGENT=user for userspace tunnel or ENABLE_GO_IOS_AGENT=kernel for kernel tunnel for the experimental daemon mode."
time="2026-09-04T20:27:25+07:00" level=warning msg="failed to get tunnel info" udid=00008101-000124C011A3001E
{"Language":"ja","Locale":"ja_JP","SupportedLocales":["sv_AX","en_CN","ro_RO","en_VG","es_VC","fr_MA","en_AL","es_TT","ar_SS","fr_VU","fr_CI","en_GS","en_BW","en_JM","es_BS","en_BD","en_MG","en_PT","ar_LB","ru_UA","fr_GN","en_HK","en_CO","en_KE","en_NR","fr_MU","en_FI","nl_BQ","en_WS","en_DG","ar_SA","en_RW","en_ZM","en_BE","en_ER","bn_BD","el_CY","nl_NL","pt_AO","en_MH","en_KY","es_CL","en_VI","en_FJ","es_VE","fr_MC","en_TZ","en_ID","es_TC","zh_TW","en_GU","es_GQ","en_GB","mr_IN","ko_CN","es_MX","en_ES","es_BB","es_PR","fr_GP","pt_GW","fi_FI","en_FK","en_NA","zh_CN","en_IE","en_LR","ca_IT","en_TH","ar_KM","en_BZ","de_CH","da_GL","en_JP","en_BG","te_IN","ar_QA","en_PW","ar_TN","en_US","fr_GQ","de_LI","cs_CZ","hu_HU","zh_HK","en_NU","es_VG","ta_IN","ar_EG","ro_MD","en_LS","fr_CM","ar_SD","en_GD","ar_IL","ar_LY","en_UA","fr_TD","pt_LU","es_PA","ta_SG","en_KI","es_CO","en_FM","fr_MF","tr_CY","ar_EH","en_LT","es_IC","en_DK","pt_ST","es_GT","fr_YT","en_GE","ms_BN","en_BI","he_IL","pt_TL","en_SS","es_KY","kk_KZ","en_CA","es_VI","zh-Hant_JP","fr_MG","ar_MR","hr_HR","en_AR","ar_SY","fr_SN","en_TK","en_GY","pt_CV","fr_DZ","es_ES","ar_AE","en_MM","en_001","ca_ES","en_PG","fr_RW","zh-Hant_MY","fr_GA","en_SA","fr_BE","hi_IN","en_AS","pt_MO","en_LV","ta_LK","en_DM","en_LC","en_GG","es_BZ","tr_TR","it_CH","es_US","en_150","it_VA","fr_TG","en_EE","zh-Hans_MO","es_EA","es_HN","sv_FI","en_CV","ms_SG","en_PH","fr_RE","en_CC","fr_BF","en_NF","en_SB","es_CR","en_AT","ar_MA","nl_BE","en_GH","th_TH","en_ZA","pt_FR","es_GD","en_MO","es_003","de_IT","es_PE","de_DE","en_SC","en_NZ","en_NG","en_AU","el_GR","en_GI","ar_001","en_BM","ar_IQ","en_MP","es_PY","fr_DJ","es_EC","vi_VN","en_US_POSIX","en_CX","en_KN","en_SD","en_FR","es_CA","kn_IN","en_IL","es_AR","en_TO","zh-Hans_HK","es_GY","bg_BG","fr_NC","ta_MY","en_BN","en_UG","en_HU","uk_UA","en_SX","en_PK","en_CY","en_SE","es_CU","sk_SK","fr_BI","fr_ML","de_BE","en_IM","fr_PF","es_DM","es_LC","en_ZW","fr_CA","pl_PL","pt_CH","zh-Hans_JP","ja_JP","nl_SR","fr_LU","en_JE","en_PL","es_PH","zh_MO","fr_GF","en_CZ","fr_BJ","en_IN","zh-Hans_MY","en_AE","fr_NE","en_RO","en_MS","es_419","it_IT","ar_TD","en_SZ","fr_WF","ru_MD","es_SV","es_CW","en_SG","en_CH","ml_IN","pt_BR","en_IO","bn_IN","ar_PS","en_TR","ar_KW","es_DO","en_GM","it_SM","ms_MY","sl_SI","en_MT","es_BM","es_UY","en_PN","es_HT","en_KR","en_SH","en_VU","es_KN","fr_BL","en_NL","ca_FR","en_AG","fr_KM","fr_SC","fr_CD","ko_KP","or_IN","en_BR","zh-Hant_CN","en_MU","ru_RU","fr_TN","ar_DZ","nb_SJ","en_SI","hr_BA","es_NI","en_VC","ar_ER","fr_HT","en_TT","ar_SO","ca_AD","fr_FR","da_DK","en_BS","es_BO","nl_CW","nb_NO","en_MV","de_LU","pt_GQ","en_CK","ar_JO","fr_MQ","zh_SG","ms_ID","en_AI","fr_CF","ko_KR","en_MW","en_UM","en_SK","en_CL","en_NO","fr_MR","en_TV","fr_SY","en_TC","fr_CG","nl_SX","en_MX","ar_YE","ru_BY","en_BB","de_AT","sv_SE","es_BQ","ar_DJ","lt_LT","ar_OM","nl_AW","en_SL","en_CM","ru_KZ","en_PR","ar_BH","ru_KG","id_ID","pt_MZ","fr_PM","en_TW","en_IT","pt_PT","es_AG","en_DE","en_GR","fr_CH","en_RU","gu_IN","en_MY","es_BR"],"SupportedLanguages":["ur","lt","ja","id","mr","ms","hi","es-419","es","pl","ca","ta","fr","en-IN","or","fr-CA","da","bg","te","kk-Cyrl","pt-BR","zh-Hant-HK","hr","gu","de","th","sk","ro","sl","nb","kk","en-GB","hu","zh-HK","bn","ar","it","kn","ko","uk","pa","ru","vi","zh-Hans","zh-Hant","en-AU","ml","pt-PT","tr","fi","en-US","el","cs","sv","nl","he","en","es-US"]}
[20:27:56] 000081...: Batch Activate hoàn tất thành công.
[20:27:59] 000081...: time="2026-09-04T20:27:26+07:00" level=warning msg="go-ios agent is not running. You might need to start it with 'ios tunnel start' for ios17+. Use ENABLE_GO_IOS_AGENT=user for userspace tunnel or ENABLE_GO_IOS_AGENT=kernel for kernel tunnel for the experimental daemon mode."
time="2026-09-04T20:27:26+07:00" level=warning msg="failed to get tunnel info" udid=00008101-000E41E036E8001E
{"Language":"ja","Locale":"ja_JP","SupportedLocales":["sv_AX","en_CN","ro_RO","en_VG","es_VC","fr_MA","en_AL","es_TT","ar_SS","fr_VU","fr_CI","en_GS","en_BW","en_JM","es_BS","en_BD","en_MG","en_PT","en_HK","ar_LB","ru_UA","fr_GN","en_CO","en_KE","en_NR","fr_MU","en_FI","nl_BQ","en_WS","en_DG","ar_SA","en_RW","en_ZM","en_BE","en_ER","bn_BD","en_MH","nl_NL","pt_AO","el_CY","en_KY","es_CL","en_VI","en_FJ","es_VE","fr_MC","en_TZ","en_ID","es_TC","en_GU","zh_TW","es_GQ","en_GB","mr_IN","ko_CN","es_MX","en_ES","es_BB","es_PR","fr_GP","pt_GW","fi_FI","en_FK","en_NA","zh_CN","en_IE","en_LR","ca_IT","en_TH","ar_KM","en_BZ","de_CH","da_GL","te_IN","en_JP","en_US","ar_QA","en_PW","ar_TN","en_BG","fr_GQ","de_LI","cs_CZ","hu_HU","zh_HK","en_NU","es_VG","ta_IN","ar_EG","ro_MD","en_LS","fr_CM","ar_SD","en_GD","ar_IL","ar_LY","en_UA","fr_TD","pt_LU","es_PA","ta_SG","en_KI","es_CO","en_FM","fr_MF","ar_EH","tr_CY","en_LT","es_IC","en_DK","pt_ST","es_GT","fr_YT","en_GE","ms_BN","en_BI","he_IL","pt_TL","en_SS","es_KY","kk_KZ","en_CA","es_VI","zh-Hant_JP","fr_MG","ar_MR","hr_HR","en_AR","ar_SY","fr_SN","en_TK","en_GY","pt_CV","en_MM","es_ES","ar_AE","fr_DZ","en_001","ca_ES","zh-Hant_MY","fr_RW","en_PG","fr_GA","en_SA","fr_BE","hi_IN","en_AS","pt_MO","en_LV","ta_LK","en_DM","en_LC","en_GG","es_BZ","tr_TR","it_CH","zh-Hans_MO","en_150","it_VA","fr_TG","en_EE","es_US","en_PH","es_EA","es_HN","en_CV","sv_FI","es_CR","en_SB","en_CC","fr_BF","en_NF","fr_RE","ms_SG","en_AT","ar_MA","nl_BE","en_GH","th_TH","es_GD","pt_FR","en_ZA","en_MO","es_003","de_IT","es_PE","de_DE","en_SC","en_NZ","en_NG","en_AU","el_GR","en_GI","ar_001","en_BM","ar_IQ","en_MP","es_PY","fr_DJ","es_EC","vi_VN","en_US_POSIX","en_CX","en_KN","en_SD","en_FR","es_CA","kn_IN","en_IL","es_AR","en_TO","zh-Hans_HK","es_GY","bg_BG","fr_NC","ta_MY","en_BN","en_UG","en_HU","en_PK","uk_UA","en_SX","en_CY","en_SE","sk_SK","es_CU","fr_BI","fr_ML","en_IM","de_BE","fr_PF","es_DM","es_LC","en_ZW","fr_CA","pl_PL","zh-Hans_JP","nl_SR","ja_JP","pt_CH","en_JE","fr_LU","en_PL","es_PH","zh_MO","fr_GF","en_CZ","fr_BJ","en_IN","zh-Hans_MY","en_AE","fr_NE","en_RO","en_MS","es_419","it_IT","ar_TD","en_SZ","fr_WF","ru_MD","es_SV","en_SG","ml_IN","en_CH","es_CW","pt_BR","en_IO","bn_IN","ar_PS","en_TR","ar_KW","es_DO","en_GM","it_SM","ms_MY","sl_SI","en_MT","es_BM","es_UY","en_PN","es_HT","en_KR","en_SH","en_VU","es_KN","fr_BL","en_NL","ca_FR","en_AG","fr_KM","fr_SC","fr_CD","ko_KP","or_IN","zh-Hant_CN","en_BR","en_MU","ru_RU","fr_TN","nb_SJ","ar_DZ","en_SI","hr_BA","es_NI","en_VC","ar_ER","fr_HT","en_TT","ar_SO","ca_AD","fr_FR","da_DK","en_BS","nl_CW","es_BO","nb_NO","en_MV","de_LU","en_CK","ar_JO","pt_GQ","fr_MQ","zh_SG","ms_ID","en_AI","fr_CF","ko_KR","en_MW","en_UM","en_SK","en_CL","en_NO","fr_MR","en_TV","fr_SY","en_TC","fr_CG","nl_SX","es_BQ","ar_YE","ru_BY","sv_SE","en_BB","de_AT","en_PR","en_MX","ar_DJ","ar_OM","en_SL","nl_AW","en_CM","ru_KZ","lt_LT","ar_BH","ru_KG","en_IT","id_ID","pt_MZ","fr_PM","en_TW","pt_PT","es_AG","en_DE","en_GR","gu_IN","en_RU","fr_CH","en_MY","es_BR"],"SupportedLanguages":["ur","lt","ja","id","mr","ms","hi","es-419","es","pl","ca","ta","fr","en-IN","or","fr-CA","da","bg","te","kk-Cyrl","pt-BR","zh-Hant-HK","hr","gu","de","th","sk","ro","sl","nb","kk","en-GB","hu","zh-HK","bn","ar","it","kn","ko","uk","pa","ru","vi","zh-Hans","zh-Hant","en-AU","ml","pt-PT","tr","fi","en-US","el","cs","sv","nl","he","en","es-US"]}
[20:27:59] 000081...: Batch Activate hoàn tất thành công.
[20:28:10] 000081...: time="2026-09-04T20:27:48+07:00" level=warning msg="go-ios agent is not running. You might need to start it with 'ios tunnel start' for ios17+. Use ENABLE_GO_IOS_AGENT=user for userspace tunnel or ENABLE_GO_IOS_AGENT=kernel for kernel tunnel for the experimental daemon mode."
time="2026-09-04T20:27:48+07:00" level=warning msg="failed to get tunnel info" udid=00008101-000D08DA1180001E
{"Language":"ja","Locale":"ja_JP","SupportedLocales":["sv_AX","en_CN","ro_RO","en_VG","es_VC","fr_MA","en_AL","es_TT","ar_SS","fr_VU","fr_CI","en_GS","en_BW","en_JM","es_BS","en_BD","en_MG","en_PT","en_HK","ar_LB","fr_GN","ru_UA","en_CO","en_KE","en_NR","fr_MU","en_FI","nl_BQ","en_WS","en_DG","ar_SA","en_RW","en_ZM","en_BE","bn_BD","en_MH","en_ER","pt_AO","nl_NL","el_CY","en_KY","es_CL","en_VI","en_FJ","es_VE","fr_MC","en_TZ","en_ID","es_TC","zh_TW","en_GU","es_GQ","en_GB","mr_IN","ko_CN","es_MX","en_ES","es_BB","es_PR","fr_GP","pt_GW","fi_FI","en_FK","en_NA","zh_CN","en_IE","en_LR","ca_IT","en_TH","ar_KM","en_BZ","de_CH","da_GL","en_US","en_JP","en_BG","ar_QA","en_PW","ar_TN","te_IN","fr_GQ","de_LI","cs_CZ","hu_HU","zh_HK","en_NU","es_VG","ta_IN","ar_EG","ro_MD","en_LS","fr_CM","ar_SD","en_GD","ar_IL","ar_LY","en_UA","fr_TD","pt_LU","es_PA","ta_SG","en_KI","es_CO","en_FM","fr_MF","ar_EH","tr_CY","en_LT","es_IC","en_DK","pt_ST","es_GT","fr_YT","en_GE","ms_BN","en_BI","he_IL","pt_TL","en_SS","es_KY","kk_KZ","en_CA","es_VI","zh-Hant_JP","fr_MG","ar_MR","hr_HR","en_AR","en_TK","ar_SY","fr_SN","en_GY","pt_CV","fr_DZ","es_ES","ar_AE","en_MM","en_001","en_PG","ca_ES","zh-Hant_MY","fr_RW","fr_GA","en_SA","fr_BE","hi_IN","en_AS","pt_MO","en_LV","ta_LK","en_DM","en_LC","en_GG","tr_TR","es_BZ","it_CH","zh-Hans_MO","es_US","it_VA","en_150","en_EE","fr_TG","en_PH","es_HN","sv_FI","en_CV","ms_SG","es_CR","en_SB","es_EA","fr_BF","en_NF","en_CC","fr_RE","en_AT","ar_MA","nl_BE","en_GH","es_GD","th_TH","en_ZA","pt_FR","en_MO","es_003","de_IT","es_PE","de_DE","en_NZ","en_SC","en_NG","en_AU","el_GR","en_GI","ar_001","en_BM","ar_IQ","en_MP","es_PY","fr_DJ","es_EC","en_US_POSIX","vi_VN","en_CX","en_KN","en_SD","en_FR","es_CA","kn_IN","en_IL","es_AR","en_TO","zh-Hans_HK","es_GY","bg_BG","fr_NC","ta_MY","en_BN","en_UG","en_HU","en_PK","uk_UA","en_SX","en_CY","en_SE","sk_SK","es_CU","fr_BI","fr_ML","en_IM","de_BE","fr_PF","es_DM","es_LC","en_ZW","fr_CA","pl_PL","pt_CH","nl_SR","ja_JP","en_JE","fr_LU","zh-Hans_JP","en_PL","zh_MO","en_CZ","es_PH","fr_GF","fr_BJ","en_IN","zh-Hans_MY","en_AE","en_RO","fr_NE","en_MS","es_419","it_IT","ar_TD","en_SZ","fr_WF","ru_MD","ml_IN","es_CW","es_SV","en_CH","en_SG","pt_BR","en_IO","bn_IN","en_TR","ar_PS","ar_KW","es_DO","en_GM","it_SM","ms_MY","es_UY","es_BM","en_MT","sl_SI","en_PN","es_HT","en_KR","en_SH","en_VU","es_KN","fr_BL","en_NL","ca_FR","en_AG","fr_KM","fr_SC","fr_CD","ko_KP","or_IN","nb_SJ","en_BR","en_MU","ru_RU","fr_TN","ar_DZ","zh-Hant_CN","en_SI","hr_BA","en_VC","ar_ER","es_NI","fr_HT","en_TT","ar_SO","ca_AD","da_DK","fr_FR","en_BS","nl_CW","en_MV","es_BO","nb_NO","de_LU","en_CK","ar_JO","pt_GQ","fr_MQ","zh_SG","ms_ID","en_AI","fr_CF","ko_KR","en_MW","en_UM","en_SK","en_CL","en_NO","fr_MR","en_TV","fr_SY","en_TC","fr_CG","nl_SX","es_BQ","ar_YE","ru_BY","sv_SE","en_BB","de_AT","en_PR","en_MX","ar_DJ","nl_AW","ar_OM","en_SL","lt_LT","ru_KZ","en_CM","ar_BH","ru_KG","pt_MZ","en_IT","en_TW","id_ID","fr_PM","es_AG","pt_PT","en_DE","gu_IN","en_GR","en_RU","fr_CH","en_MY","es_BR"],"SupportedLanguages":["ur","lt","ja","id","mr","ms","hi","es-419","es","pl","ca","ta","fr","en-IN","or","fr-CA","da","bg","te","kk-Cyrl","pt-BR","zh-Hant-HK","hr","gu","de","th","sk","ro","sl","nb","kk","en-GB","hu","zh-HK","bn","ar","it","kn","ko","uk","pa","ru","vi","zh-Hans","zh-Hant","en-AU","ml","pt-PT","tr","fi","en-US","el","cs","sv","nl","he","en","es-US"]}
[20:28:10] 000081...: Batch Activate hoàn tất thành công.
[20:28:45] 000081...: Đã ngắt kết nối.
[20:28:45] 000081...: Đã ngắt kết nối.
[20:28:46] 000081...: Đã ngắt kết nối.
[20:28:46] 000081...: Đã ngắt kết nối.
[20:28:46] 000081...: Đã ngắt kết nối.
[20:28:47] 000081...: Đã ngắt kết nối.
[20:28:47] 000081...: Đã ngắt kết nối.
[20:28:47] 000081...: Đã ngắt kết nối.
[20:28:48] 000081...: Đã ngắt kết nối.
[20:28:48] 000081...: Đã ngắt kết nối.
[20:29:00] 000081...: Kết nối: iPhone • iOS 26.6.1
[20:29:02] 000081...: Kết nối: iPhone • iOS 26.6.1
[20:29:03] 000081...: Kết nối: iPhone • iOS 26.6.1
[20:29:04] 000081...: Kết nối: iPhone • iOS 26.6.1
[20:29:05] 000081...: Kết nối: iPhone • iOS 26.6.1
[20:29:06] 000081...: Kết nối: iPhone • iOS 26.6.1
[20:29:07] 000081...: Kết nối: iPhone • iOS 26.6.1
[20:29:09] 000081...: Kết nối: iPhone • iOS 26.6.1
[20:29:10] 000081...: Kết nối: iPhone • iOS 26.6.1
[20:29:11] 000081...: Kết nối: iPhone • iOS 26.6.1
[20:29:18] SYSTEM...: Restore chuyển kho: B ➜ A | 39 bản backup | 10 máy ghép nối
[20:29:22] 000081...: SUCCESS: Validated pairing with device 00008101-00152C1E21C2001E
[20:29:22] 000081...: Đang tạo bản staging riêng; backup gốc chỉ được đọc...
[20:29:22] 000081...: SUCCESS: Validated pairing with device 00008101-00195C1036E8001E
[20:29:22] 000081...: Đang tạo bản staging riêng; backup gốc chỉ được đọc...
[20:29:22] 000081...: SUCCESS: Validated pairing with device 00008101-001D05820EB8001E
[20:29:22] 000081...: Đang tạo bản staging riêng; backup gốc chỉ được đọc...
[20:29:22] 000081...: SUCCESS: Validated pairing with device 00008101-000D6D113A89001E
[20:29:22] 000081...: Đang tạo bản staging riêng; backup gốc chỉ được đọc...
[20:29:22] 000081...: SUCCESS: Validated pairing with device 00008101-000245012293001E
[20:29:22] 000081...: Đang tạo bản staging riêng; backup gốc chỉ được đọc...
[20:29:23] 000081...: SUCCESS: Validated pairing with device 00008101-0011548002C1001E
[20:29:23] 000081...: Đang tạo bản staging riêng; backup gốc chỉ được đọc...
[20:29:23] 000081...: SUCCESS: Validated pairing with device 00008101-000434C12120001E
[20:29:23] 000081...: Đang tạo bản staging riêng; backup gốc chỉ được đọc...
[20:29:23] 000081...: SUCCESS: Validated pairing with device 00008101-00115DAA2663001E
[20:29:23] 000081...: Đang tạo bản staging riêng; backup gốc chỉ được đọc...
[20:29:23] 000081...: SUCCESS: Validated pairing with device 00008101-000C604836FA001E
[20:29:23] 000081...: Đang tạo bản staging riêng; backup gốc chỉ được đọc...
[20:29:23] 000081...: SUCCESS: Validated pairing with device 00008101-000D59493C50801E
[20:29:23] 000081...: Đang tạo bản staging riêng; backup gốc chỉ được đọc...
[20:29:43] 000081...: [=                                                 ]   1% Finished
[20:29:43] 000081...: [=                                                 ]   1% Finished
[20:29:43] 000081...: [=                                                 ]   1% Finished
[20:29:44] 000081...: [====                                              ]   6% Finished
[20:29:44] 000081...: [=                                                 ]   1% Finished
[20:29:44] 000081...: [===                                               ]   6% Finished
[20:29:44] 000081...: [=                                                 ]   1% Finished
[20:29:44] 000081...: [=                                                 ]   1% Finished
[20:29:44] 000081...: [=                                                 ]   1% Finished
[20:29:44] 000081...: [======                                            ]  11% Finished
[20:29:44] 000081...: [=                                                 ]   1% Finished
[20:29:44] 000081...: [====                                              ]   6% Finished
[20:29:45] 000081...: [=                                                 ]   1% Finished
[20:29:45] 000081...: [======                                            ]  11% Finished
[20:29:45] 000081...: [====                                              ]   6% Finished
[20:29:46] 000081...: [=                                                 ]   1% Finished
[20:29:46] 000081...: [====                                              ]   7% Finished
[20:29:46] 000081...: [=========                                         ]  18% Finished
[20:29:46] 000081...: [==========                                        ]  18% Finished
[20:29:46] 000081...: [============                                      ]  23% Finished
[20:29:46] 000081...: [===                                               ]   6% Finished
[20:29:47] 000081...: [====                                              ]   7% Finished
[20:29:47] 000081...: [======                                            ]  11% Finished
[20:29:48] 000081...: [====                                              ]   7% Finished
[20:29:49] 000081...: [====                                              ]   7% Finished
[20:29:49] 000081...: [===================                               ]  37% Finished
[20:29:50] 000081...: [========                                          ]  16% Finished
[20:29:50] 000081...: [====                                              ]   7% Finished
[20:29:50] 000081...: [========                                          ]  16% Finished
[20:29:50] 000081...: [==========                                        ]  20% Finished
[20:29:51] 000081...: [=========                                         ]  17% Finished
[20:29:51] 000081...: [============                                      ]  23% Finished
[20:29:51] 000081...: [======================                            ]  43% Finished
[20:29:52] 000081...: [=========                                         ]  17% Finished
[20:29:52] 000081...: [============                                      ]  23% Finished
[20:29:53] 000081...: [==========                                        ]  19% Finished
[20:29:53] 000081...: [=========                                         ]  16% Finished
[20:29:53] 000081...: [============                                      ]  22% Finished
[20:29:54] 000081...: [===================                               ]  38% Finished
[20:29:54] 000081...: [===================                               ]  37% Finished
[20:29:55] 000081...: [====================                              ]  38% Finished
[20:29:55] 000081...: [==========                                        ]  18% Finished
[20:29:55] 000081...: [============                                      ]  23% Finished
[20:29:55] 000081...: [====================                              ]  39% Finished
[20:29:56] 000081...: [======================                            ]  44% Finished
[20:29:56] 000081...: [=======================                           ]  45% Finished
[20:29:56] 000081...: [======================                            ]  44% Finished
[20:29:57] 000081...: [=======================                           ]  44% Finished
[20:29:57] 000081...: [========================                          ]  48% Finished
[20:29:58] 000081...: [===========================                       ]  53% Finished
[20:29:58] 000081...: [===========                                       ]  22% Finished
[20:29:58] 000081...: [===================                               ]  37% Finished
[20:29:58] 000081...: [====================                              ]  38% Finished
[20:29:58] 000081...: [=============================                     ]  58% Finished
[20:29:58] 000081...: [============                                      ]  24% Finished
[20:29:58] 000081...: [====================                              ]  39% Finished
[20:29:58] 000081...: [====================                              ]  38% Finished
[20:29:59] 000081...: [====================                              ]  38% Finished
[20:29:59] 000081...: [======================                            ]  44% Finished
[20:29:59] 000081...: [=======================                           ]  44% Finished
[20:30:00] 000081...: [======================                            ]  43% Finished
[20:30:00] 000081...: [=======================                           ]  44% Finished
[20:30:00] 000081...: [======================                            ]  44% Finished
[20:30:01] 000081...: [=========================                         ]  50% Finished
[20:30:01] 000081...: [=======================================           ]  78% Finished
[20:30:01] 000081...: [==========================                        ]  52% Finished
[20:30:01] 000081...: [============================                      ]  55% Finished
[20:30:01] 000081...: [=============================                     ]  57% Finished
[20:30:01] 000081...: [=========================                         ]  49% Finished
[20:30:01] 000081...: [==========================                        ]  52% Finished
[20:30:02] 000081...: [============================                      ]  54% Finished
[20:30:02] 000081...: [==============================                    ]  60% Finished
[20:30:02] 000081...: [================================                  ]  62% Finished
[20:30:02] 000081...: [=============================                     ]  57% Finished
[20:30:02] 000081...: [==============================                    ]  59% Finished
[20:30:03] 000081...: [==========================================        ]  84% Finished
[20:30:03] 000081...: [===============================================   ]  93% Finished
[20:30:03] 000081...: [===============================                   ]  62% Finished
[20:30:03] 000081...: [==================================================]  98% Finished
[20:30:04] 000081...: [========================                          ]  48% Finished
[20:30:04] 000081...: [==========================                        ]  52% Finished
[20:30:04] 000081...: [======================================            ]  75% Finished
[20:30:04] 000081...: [=========================                         ]  49% Finished
[20:30:05] 000081...: [========================================          ]  78% Finished
[20:30:05] 000081...: [=========================                         ]  49% Finished
[20:30:05] 000081...: [===========================                       ]  54% Finished
[20:30:05] 000081...: [===========================                       ]  54% Finished
[20:30:05] 000081...: [=============================                     ]  57% Finished
[20:30:05] 000081...: [=========================                         ]  49% Finished
[20:30:05] 000081...: [===========================                       ]  54% Finished
[20:30:05] 000081...: [=======================================           ]  78% Finished
[20:30:05] 000081...: [============================                      ]  54% Finished
[20:30:06] 000081...: [==============================                    ]  59% Finished
[20:30:06] 000081...: [==============================                    ]  59% Finished
[20:30:06] 000081...: [================================                  ]  62% Finished
[20:30:06] 000081...: [==============================                    ]  59% Finished
[20:30:06] 000081...: [========================================          ]  78% Finished
[20:30:06] 000081...: [==============================                    ]  59% Finished
[20:30:08] 000081...: [===========================================       ]  85% Finished
[20:30:09] 000081...: [==========================================        ]  84% Finished
[20:30:09] 000081...: [==========================================        ]  84% Finished
[20:30:09] 000081...: [===============================================   ]  93% Finished
[20:30:10] 000081...: [==========================================        ]  83% Finished
[20:30:10] 000081...: [===============================================   ]  93% Finished
[20:30:10] 000081...: [======================================            ]  74% Finished
[20:30:10] 000081...: [========================================          ]  78% Finished
[20:30:10] 000081...: [========================================          ]  78% Finished
[20:30:10] 000081...: [===============================================   ]  94% Finished
[20:30:10] 000081...: [================================================= ]  98% Finished
[20:30:11] 000081...: [========================================          ]  78% Finished
[20:30:11] 000081...: [========================================          ]  79% Finished
[20:30:11] 000081...: [================================================  ]  96% Finished
[20:30:12] 000081...: [========================================          ]  78% Finished
[20:30:13] 000081...: [==========================================        ]  83% Finished
[20:30:13] 000081...: [==========================================        ]  84% Finished
[20:30:13] 000081...: [===============================================   ]  93% Finished
[20:30:13] 000081...: [==========================================        ]  84% Finished
[20:30:13] 000081...: [===============================================   ]  93% Finished
[20:30:13] 000081...: [===========================================       ]  85% Finished
[20:30:14] 000081...: [================================================= ]  98% Finished
[20:30:14] 000081...: [================================================= ]  98% Finished
[20:30:15] 000081...: [===============================================   ]  93% Finished
[20:30:15] 000081...: [==================================================]  98% Finished
[20:30:15] 000081...: [===============================================   ]  93% Finished
[20:30:15] 000081...: [================================================= ]  98% Finished
[20:30:15] 000081...: [================================================  ]  96% Finished
[20:30:15] 000081...: [==================================================]  99% Finished
[20:30:18] 000081...: [==================================================] 100% Finished
[20:30:18] 000081...: [==================================================] 100% Finished
[20:30:18] 000081...: Restore Successful.
[20:30:18] 000081...: Khôi phục dữ liệu Restore hoàn tất thành công.
[20:30:20] 000081...: Đã chuyển kho thành công: B ➔ Kho đối diện:
275_iPhone_phmkimtu256
[20:30:20] 000081...: ✓ Đã chuyển iPhone thứ 11 qua Kho đối diện thành công!
[20:30:20] 000081...: ⚡ Auto Activate sau Restore: đang chờ thiết bị reboot...
[20:30:20] 000081...: ⏳ Restore hoàn tất. Bắt đầu đếm ngược (80s) cho iPhone khởi động hoàn toàn...
[20:30:23] 000081...: [==================================================] 100% Finished
[20:30:23] 000081...: [==================================================] 100% Finished
[20:30:23] 000081...: Restore Successful.
[20:30:23] 000081...: Khôi phục dữ liệu Restore hoàn tất thành công.
[20:30:24] 000081...: [==================================================]  99% Finished
[20:30:24] 000081...: [==================================================] 100% Finished
[20:30:24] 000081...: Restore Successful.
[20:30:24] 000081...: Khôi phục dữ liệu Restore hoàn tất thành công.
[20:30:24] 000081...: [==================================================] 100% Finished
[20:30:24] 000081...: [==================================================] 100% Finished
[20:30:24] 000081...: Restore Successful.
[20:30:24] 000081...: Khôi phục dữ liệu Restore hoàn tất thành công.
[20:30:25] 000081...: [==================================================] 100% Finished
[20:30:25] 000081...: [==================================================] 100% Finished
[20:30:25] 000081...: Restore Successful.
[20:30:25] 000081...: Khôi phục dữ liệu Restore hoàn tất thành công.
[20:30:26] 000081...: Đã chuyển kho thành công: B ➔ Kho đối diện:
279_iPhone_luthouyn989
[20:30:26] 000081...: ✓ Đã chuyển iPhone thứ 12 qua Kho đối diện thành công!
[20:30:26] 000081...: ⚡ Auto Activate sau Restore: đang chờ thiết bị reboot...
[20:30:26] 000081...: ⏳ Restore hoàn tất. Bắt đầu đếm ngược (80s) cho iPhone khởi động hoàn toàn...
[20:30:27] 000081...: Đã chuyển kho thành công: B ➔ Kho đối diện:
273_iPhone_trmvnmai15
[20:30:27] 000081...: ✓ Đã chuyển iPhone thứ 13 qua Kho đối diện thành công!
[20:30:27] 000081...: ⚡ Auto Activate sau Restore: đang chờ thiết bị reboot...
[20:30:27] 000081...: ⏳ Restore hoàn tất. Bắt đầu đếm ngược (80s) cho iPhone khởi động hoàn toàn...
[20:30:27] 000081...: [==================================================] 100% Finished
[20:30:27] 000081...: [==================================================] 100% Finished
[20:30:27] 000081...: Restore Successful.
[20:30:27] 000081...: Khôi phục dữ liệu Restore hoàn tất thành công.
[20:30:28] 000081...: Đã ngắt kết nối.
[20:30:28] 000081...: [==================================================] 100% Finished
[20:30:28] 000081...: [==================================================] 100% Finished
[20:30:28] 000081...: Restore Successful.
[20:30:28] 000081...: Khôi phục dữ liệu Restore hoàn tất thành công.
[20:30:29] 000081...: Đã chuyển kho thành công: B ➔ Kho đối diện:
276_iPhone_trmnhkim778
[20:30:29] 000081...: ✓ Đã chuyển iPhone thứ 14 qua Kho đối diện thành công!
[20:30:29] 000081...: ⚡ Auto Activate sau Restore: đang chờ thiết bị reboot...
[20:30:29] 000081...: ⏳ Restore hoàn tất. Bắt đầu đếm ngược (80s) cho iPhone khởi động hoàn toàn...
[20:30:29] 000081...: [==================================================] 100% Finished
[20:30:29] 000081...: [==================================================] 100% Finished
[20:30:29] 000081...: Restore Successful.
[20:30:29] 000081...: Khôi phục dữ liệu Restore hoàn tất thành công.
[20:30:29] 000081...: [==================================================] 100% Finished
[20:30:29] 000081...: [==================================================] 100% Finished
[20:30:29] 000081...: Restore Successful.
[20:30:29] 000081...: Khôi phục dữ liệu Restore hoàn tất thành công.
[20:30:29] 000081...: [==================================================] 100% Finished
[20:30:29] 000081...: Restore Successful.
[20:30:29] 000081...: Khôi phục dữ liệu Restore hoàn tất thành công.
[20:30:31] 000081...: Đã chuyển kho thành công: B ➔ Kho đối diện:
274_iPhone_phngvnkhanh4284
[20:30:31] 000081...: ✓ Đã chuyển iPhone thứ 15 qua Kho đối diện thành công!
[20:30:31] 000081...: ⚡ Auto Activate sau Restore: đang chờ thiết bị reboot...
[20:30:31] 000081...: ⏳ Restore hoàn tất. Bắt đầu đếm ngược (80s) cho iPhone khởi động hoàn toàn...
[20:30:34] 000081...: Đã chuyển kho thành công: B ➔ Kho đối diện:
278_iPhone_phanmnghng6817
[20:30:34] 000081...: ✓ Đã chuyển iPhone thứ 16 qua Kho đối diện thành công!
[20:30:34] 000081...: ⚡ Auto Activate sau Restore: đang chờ thiết bị reboot...
[20:30:34] 000081...: ⏳ Restore hoàn tất. Bắt đầu đếm ngược (80s) cho iPhone khởi động hoàn toàn...
[20:30:34] 000081...: Đã ngắt kết nối.
[20:30:34] 000081...: Đã ngắt kết nối.
[20:30:35] 000081...: Đã chuyển kho thành công: B ➔ Kho đối diện:
277_iPhone_trnhnhngc8173
[20:30:35] 000081...: ✓ Đã chuyển iPhone thứ 17 qua Kho đối diện thành công!
[20:30:35] 000081...: ⚡ Auto Activate sau Restore: đang chờ thiết bị reboot...
[20:30:35] 000081...: Đã ngắt kết nối.
[20:30:35] 000081...: Đã ngắt kết nối.
[20:30:35] 000081...: ⏳ Restore hoàn tất. Bắt đầu đếm ngược (80s) cho iPhone khởi động hoàn toàn...
[20:30:36] 000081...: Đã chuyển kho thành công: B ➔ Kho đối diện:
282_iPhone_bnhhunga127
[20:30:36] 000081...: ✓ Đã chuyển iPhone thứ 18 qua Kho đối diện thành công!
[20:30:36] 000081...: ⚡ Auto Activate sau Restore: đang chờ thiết bị reboot...
[20:30:36] 000081...: ⏳ Restore hoàn tất. Bắt đầu đếm ngược (80s) cho iPhone khởi động hoàn toàn...
[20:30:36] 000081...: Đã chuyển kho thành công: B ➔ Kho đối diện:
280_iPhone_phminhchu094
[20:30:36] 000081...: ✓ Đã chuyển iPhone thứ 19 qua Kho đối diện thành công!
[20:30:36] 000081...: ⚡ Auto Activate sau Restore: đang chờ thiết bị reboot...
[20:30:36] 000081...: ⏳ Restore hoàn tất. Bắt đầu đếm ngược (80s) cho iPhone khởi động hoàn toàn...
[20:30:36] 000081...: Đã chuyển kho thành công: B ➔ Kho đối diện:
272_iPhone_phmthungc7405
[20:30:36] 000081...: ✓ Đã chuyển iPhone thứ 19 qua Kho đối diện thành công!
[20:30:36] 000081...: ⚡ Auto Activate sau Restore: đang chờ thiết bị reboot...
[20:30:36] 000081...: ⏳ Restore hoàn tất. Bắt đầu đếm ngược (80s) cho iPhone khởi động hoàn toàn...
[20:30:37] 000081...: Đã ngắt kết nối.
[20:30:38] 000081...: Đã ngắt kết nối.
[20:30:38] 000081...: Đã ngắt kết nối.
[20:30:39] 000081...: Đã ngắt kết nối.
[20:30:39] 000081...: Đã ngắt kết nối.
[20:30:40] 000081...: ⏳ Đang chờ iPhone khởi động lại: còn 60s...
[20:30:46] 000081...: ⏳ Đang chờ iPhone khởi động lại: còn 60s...
[20:30:47] 000081...: ⏳ Đang chờ iPhone khởi động lại: còn 60s...
[20:30:49] 000081...: ⏳ Đang chờ iPhone khởi động lại: còn 60s...
[20:30:49] 000081...: Kết nối: iPhone • iOS 26.6.1
[20:30:51] 000081...: ⏳ Đang chờ iPhone khởi động lại: còn 60s...
[20:30:54] 000081...: ⏳ Đang chờ iPhone khởi động lại: còn 60s...
[20:30:55] 000081...: ⏳ Đang chờ iPhone khởi động lại: còn 60s...
[20:30:56] 000081...: ⏳ Đang chờ iPhone khởi động lại: còn 60s...
[20:30:56] 000081...: ⏳ Đang chờ iPhone khởi động lại: còn 60s...
[20:30:56] 000081...: ⏳ Đang chờ iPhone khởi động lại: còn 60s...
[20:30:56] 000081...: Kết nối: iPhone • iOS 26.6.1
[20:30:57] 000081...: Kết nối: iPhone • iOS 26.6.1
[20:30:58] 000081...: Kết nối: iPhone (Not Trust) • iOS ?
[20:30:58] 000081...: Kết nối: iPhone • iOS 26.6.1
[20:31:00] 000081...: ⏳ Đang chờ iPhone khởi động lại: còn 40s...
[20:31:00] 000081...: Kết nối: iPhone • iOS 26.6.1
[20:31:00] 000081...: Kết nối: iPhone • iOS 26.6.1
[20:31:00] 000081...: Đã xác nhận Trust: iPhone • iOS 26.6.1
[20:31:01] 000081...: Kết nối: iPhone • iOS 26.6.1
[20:31:01] 000081...: Kết nối: iPhone • iOS 26.6.1
[20:31:01] 000081...: Kết nối: iPhone • iOS 26.6.1
[20:31:06] 000081...: ⏳ Đang chờ iPhone khởi động lại: còn 40s...
[20:31:07] 000081...: ⏳ Đang chờ iPhone khởi động lại: còn 40s...
[20:31:09] 000081...: ⏳ Đang chờ iPhone khởi động lại: còn 40s...
[20:31:11] 000081...: ⏳ Đang chờ iPhone khởi động lại: còn 40s...
[20:31:14] 000081...: ⏳ Đang chờ iPhone khởi động lại: còn 40s...
[20:31:15] 000081...: ⏳ Đang chờ iPhone khởi động lại: còn 40s...
[20:31:16] 000081...: ⏳ Đang chờ iPhone khởi động lại: còn 40s...
[20:31:16] 000081...: ⏳ Đang chờ iPhone khởi động lại: còn 40s...
[20:31:16] 000081...: ⏳ Đang chờ iPhone khởi động lại: còn 40s...
[20:31:20] 000081...: ⏳ Đang chờ iPhone khởi động lại: còn 20s...
[20:31:26] 000081...: ⏳ Đang chờ iPhone khởi động lại: còn 20s...
[20:31:27] 000081...: ⏳ Đang chờ iPhone khởi động lại: còn 20s...
[20:31:29] 000081...: ⏳ Đang chờ iPhone khởi động lại: còn 20s...
[20:31:31] 000081...: ⏳ Đang chờ iPhone khởi động lại: còn 20s...
[20:31:34] 000081...: ⏳ Đang chờ iPhone khởi động lại: còn 20s...
[20:31:35] 000081...: ⏳ Đang chờ iPhone khởi động lại: còn 20s...
[20:31:36] 000081...: ⏳ Đang chờ iPhone khởi động lại: còn 20s...
[20:31:36] 000081...: ⏳ Đang chờ iPhone khởi động lại: còn 20s...
[20:31:36] 000081...: ⏳ Đang chờ iPhone khởi động lại: còn 20s...
[20:31:40] 000081...: ⌛ Đã hết 80 giây chờ! Đang kiểm tra kết nối thiết bị...
[20:31:43] 000081...: ✅ iPhone đã khởi động xong & kết nối ổn định ➔ Bắt đầu Batch Activate...
[20:31:43] 000081...: RUN: C:\TIKTOOL PRO V4\ideviceactivation.exe activate -u 00008101-000245012293001E -b
[20:31:46] 000081...: ⌛ Đã hết 80 giây chờ! Đang kiểm tra kết nối thiết bị...
[20:31:47] 000081...: ⌛ Đã hết 80 giây chờ! Đang kiểm tra kết nối thiết bị...
[20:31:48] 000081...: NOTE: This device appears to be already activated. The server might report an error 'Device Unknown' instead of acknowledging the activation.
Activation server reports that device is already activated.
[20:31:48] 000081...: RUN: C:\TIKTOOL PRO V4\ios.exe prepare --skip-all --udid=00008101-000245012293001E --nojson
[20:31:49] 000081...: ⌛ Đã hết 80 giây chờ! Đang kiểm tra kết nối thiết bị...
[20:31:49] 000081...: ✅ iPhone đã khởi động xong & kết nối ổn định ➔ Bắt đầu Batch Activate...
[20:31:49] 000081...: RUN: C:\TIKTOOL PRO V4\ideviceactivation.exe activate -u 00008101-000C604836FA001E -b
[20:31:50] 000081...: ✅ iPhone đã khởi động xong & kết nối ổn định ➔ Bắt đầu Batch Activate...
[20:31:50] 000081...: RUN: C:\TIKTOOL PRO V4\ideviceactivation.exe activate -u 00008101-00195C1036E8001E -b
[20:31:51] 000081...: ⌛ Đã hết 80 giây chờ! Đang kiểm tra kết nối thiết bị...
[20:31:52] 000081...: ✅ iPhone đã khởi động xong & kết nối ổn định ➔ Bắt đầu Batch Activate...
[20:31:52] 000081...: RUN: C:\TIKTOOL PRO V4\ideviceactivation.exe activate -u 00008101-0011548002C1001E -b
[20:31:54] 000081...: ✅ iPhone đã khởi động xong & kết nối ổn định ➔ Bắt đầu Batch Activate...
[20:31:54] 000081...: RUN: C:\TIKTOOL PRO V4\ideviceactivation.exe activate -u 00008101-000D6D113A89001E -b
[20:31:54] 000081...: ⌛ Đã hết 80 giây chờ! Đang kiểm tra kết nối thiết bị...
[20:31:54] 000081...: NOTE: This device appears to be already activated. The server might report an error 'Device Unknown' instead of acknowledging the activation.
Activation server reports that device is already activated.
[20:31:54] 000081...: RUN: C:\TIKTOOL PRO V4\ios.exe prepare --skip-all --udid=00008101-000C604836FA001E --nojson
[20:31:55] 000081...: ⌛ Đã hết 80 giây chờ! Đang kiểm tra kết nối thiết bị...
[20:31:55] 000081...: NOTE: This device appears to be already activated. The server might report an error 'Device Unknown' instead of acknowledging the activation.
Activation server reports that device is already activated.
[20:31:55] 000081...: RUN: C:\TIKTOOL PRO V4\ios.exe prepare --skip-all --udid=00008101-00195C1036E8001E --nojson
[20:31:56] 000081...: ⌛ Đã hết 80 giây chờ! Đang kiểm tra kết nối thiết bị...
[20:31:56] 000081...: ⌛ Đã hết 80 giây chờ! Đang kiểm tra kết nối thiết bị...
[20:31:56] 000081...: ⌛ Đã hết 80 giây chờ! Đang kiểm tra kết nối thiết bị...
[20:31:57] 000081...: ✅ iPhone đã khởi động xong & kết nối ổn định ➔ Bắt đầu Batch Activate...
[20:31:57] 000081...: RUN: C:\TIKTOOL PRO V4\ideviceactivation.exe activate -u 00008101-00115DAA2663001E -b
[20:31:57] 000081...: NOTE: This device appears to be already activated. The server might report an error 'Device Unknown' instead of acknowledging the activation.
Activation server reports that device is already activated.
[20:31:57] 000081...: RUN: C:\TIKTOOL PRO V4\ios.exe prepare --skip-all --udid=00008101-0011548002C1001E --nojson
[20:31:58] 000081...: ✅ iPhone đã khởi động xong & kết nối ổn định ➔ Bắt đầu Batch Activate...
[20:31:58] 000081...: RUN: C:\TIKTOOL PRO V4\ideviceactivation.exe activate -u 00008101-000434C12120001E -b
[20:31:59] 000081...: ✅ iPhone đã khởi động xong & kết nối ổn định ➔ Bắt đầu Batch Activate...
[20:31:59] 000081...: RUN: C:\TIKTOOL PRO V4\ideviceactivation.exe activate -u 00008101-001D05820EB8001E -b
[20:31:59] 000081...: NOTE: This device appears to be already activated. The server might report an error 'Device Unknown' instead of acknowledging the activation.
Activation server reports that device is already activated.
[20:31:59] 000081...: RUN: C:\TIKTOOL PRO V4\ios.exe prepare --skip-all --udid=00008101-000D6D113A89001E --nojson
[20:31:59] 000081...: ✅ iPhone đã khởi động xong & kết nối ổn định ➔ Bắt đầu Batch Activate...
[20:31:59] 000081...: RUN: C:\TIKTOOL PRO V4\ideviceactivation.exe activate -u 00008101-000D59493C50801E -b
[20:31:59] 000081...: ✅ iPhone đã khởi động xong & kết nối ổn định ➔ Bắt đầu Batch Activate...
[20:31:59] 000081...: RUN: C:\TIKTOOL PRO V4\ideviceactivation.exe activate -u 00008101-00152C1E21C2001E -b
[20:32:02] 000081...: NOTE: This device appears to be already activated. The server might report an error 'Device Unknown' instead of acknowledging the activation.
Activation server reports that device is already activated.
[20:32:02] 000081...: RUN: C:\TIKTOOL PRO V4\ios.exe prepare --skip-all --udid=00008101-00115DAA2663001E --nojson
[20:32:03] 000081...: NOTE: This device appears to be already activated. The server might report an error 'Device Unknown' instead of acknowledging the activation.
Activation server reports that device is already activated.
[20:32:03] 000081...: RUN: C:\TIKTOOL PRO V4\ios.exe prepare --skip-all --udid=00008101-000434C12120001E --nojson
[20:32:04] 000081...: NOTE: This device appears to be already activated. The server might report an error 'Device Unknown' instead of acknowledging the activation.
Activation server reports that device is already activated.
[20:32:04] 000081...: RUN: C:\TIKTOOL PRO V4\ios.exe prepare --skip-all --udid=00008101-000D59493C50801E --nojson
[20:32:04] 000081...: NOTE: This device appears to be already activated. The server might report an error 'Device Unknown' instead of acknowledging the activation.
Activation server reports that device is already activated.
[20:32:04] 000081...: RUN: C:\TIKTOOL PRO V4\ios.exe prepare --skip-all --udid=00008101-00152C1E21C2001E --nojson
[20:32:05] 000081...: NOTE: This device appears to be already activated. The server might report an error 'Device Unknown' instead of acknowledging the activation.
Activation server reports that device is already activated.
[20:32:05] 000081...: RUN: C:\TIKTOOL PRO V4\ios.exe prepare --skip-all --udid=00008101-001D05820EB8001E --nojson
[20:32:14] 000081...: time="2026-09-04T20:31:48+07:00" level=warning msg="go-ios agent is not running. You might need to start it with 'ios tunnel start' for ios17+. Use ENABLE_GO_IOS_AGENT=user for userspace tunnel or ENABLE_GO_IOS_AGENT=kernel for kernel tunnel for the experimental daemon mode."
time="2026-09-04T20:31:48+07:00" level=warning msg="failed to get tunnel info" udid=00008101-000245012293001E
time="2026-09-04T20:31:48+07:00" level=info msg="device is activated:true"
time="2026-09-04T20:31:49+07:00" level=info msg="send flush request"
time="2026-09-04T20:32:03+07:00" level=info msg="get cloud config"
"ok"
[20:32:14] 000081...: RUN: C:\TIKTOOL PRO V4\ios.exe lang --setlocale=ja_JP --setlang=ja --udid=00008101-000245012293001E --nojson
[20:32:15] 000081...: time="2026-09-04T20:31:55+07:00" level=warning msg="go-ios agent is not running. You might need to start it with 'ios tunnel start' for ios17+. Use ENABLE_GO_IOS_AGENT=user for userspace tunnel or ENABLE_GO_IOS_AGENT=kernel for kernel tunnel for the experimental daemon mode."
time="2026-09-04T20:31:55+07:00" level=warning msg="failed to get tunnel info" udid=00008101-000C604836FA001E
time="2026-09-04T20:31:55+07:00" level=info msg="device is activated:true"
time="2026-09-04T20:31:55+07:00" level=info msg="send flush request"
time="2026-09-04T20:32:08+07:00" level=info msg="get cloud config"
"ok"
[20:32:15] 000081...: RUN: C:\TIKTOOL PRO V4\ios.exe lang --setlocale=ja_JP --setlang=ja --udid=00008101-000C604836FA001E --nojson
[20:32:19] 000081...: time="2026-09-04T20:31:55+07:00" level=warning msg="go-ios agent is not running. You might need to start it with 'ios tunnel start' for ios17+. Use ENABLE_GO_IOS_AGENT=user for userspace tunnel or ENABLE_GO_IOS_AGENT=kernel for kernel tunnel for the experimental daemon mode."
time="2026-09-04T20:31:55+07:00" level=warning msg="failed to get tunnel info" udid=00008101-00195C1036E8001E
time="2026-09-04T20:31:56+07:00" level=info msg="device is activated:true"
time="2026-09-04T20:31:56+07:00" level=info msg="send flush request"
time="2026-09-04T20:32:08+07:00" level=info msg="get cloud config"
"ok"
[20:32:19] 000081...: RUN: C:\TIKTOOL PRO V4\ios.exe lang --setlocale=ja_JP --setlang=ja --udid=00008101-00195C1036E8001E --nojson
[20:32:19] 000081...: time="2026-09-04T20:32:03+07:00" level=warning msg="go-ios agent is not running. You might need to start it with 'ios tunnel start' for ios17+. Use ENABLE_GO_IOS_AGENT=user for userspace tunnel or ENABLE_GO_IOS_AGENT=kernel for kernel tunnel for the experimental daemon mode."
time="2026-09-04T20:32:03+07:00" level=warning msg="failed to get tunnel info" udid=00008101-00115DAA2663001E
time="2026-09-04T20:32:03+07:00" level=info msg="device is activated:true"
time="2026-09-04T20:32:03+07:00" level=info msg="send flush request"
time="2026-09-04T20:32:14+07:00" level=info msg="get cloud config"
"ok"
[20:32:19] 000081...: RUN: C:\TIKTOOL PRO V4\ios.exe lang --setlocale=ja_JP --setlang=ja --udid=00008101-00115DAA2663001E --nojson
[20:32:19] 000081...: time="2026-09-04T20:31:59+07:00" level=warning msg="go-ios agent is not running. You might need to start it with 'ios tunnel start' for ios17+. Use ENABLE_GO_IOS_AGENT=user for userspace tunnel or ENABLE_GO_IOS_AGENT=kernel for kernel tunnel for the experimental daemon mode."
time="2026-09-04T20:31:59+07:00" level=warning msg="failed to get tunnel info" udid=00008101-000D6D113A89001E
time="2026-09-04T20:31:59+07:00" level=info msg="device is activated:true"
time="2026-09-04T20:31:59+07:00" level=info msg="send flush request"
time="2026-09-04T20:32:09+07:00" level=info msg="get cloud config"
"ok"
[20:32:19] 000081...: RUN: C:\TIKTOOL PRO V4\ios.exe lang --setlocale=ja_JP --setlang=ja --udid=00008101-000D6D113A89001E --nojson
[20:32:20] 000081...: time="2026-09-04T20:32:04+07:00" level=warning msg="go-ios agent is not running. You might need to start it with 'ios tunnel start' for ios17+. Use ENABLE_GO_IOS_AGENT=user for userspace tunnel or ENABLE_GO_IOS_AGENT=kernel for kernel tunnel for the experimental daemon mode."
time="2026-09-04T20:32:04+07:00" level=warning msg="failed to get tunnel info" udid=00008101-000434C12120001E
time="2026-09-04T20:32:04+07:00" level=info msg="device is activated:true"
time="2026-09-04T20:32:04+07:00" level=info msg="send flush request"
time="2026-09-04T20:32:11+07:00" level=info msg="get cloud config"
"ok"
[20:32:20] 000081...: RUN: C:\TIKTOOL PRO V4\ios.exe lang --setlocale=ja_JP --setlang=ja --udid=00008101-000434C12120001E --nojson
[20:32:20] 000081...: time="2026-09-04T20:32:04+07:00" level=warning msg="go-ios agent is not running. You might need to start it with 'ios tunnel start' for ios17+. Use ENABLE_GO_IOS_AGENT=user for userspace tunnel or ENABLE_GO_IOS_AGENT=kernel for kernel tunnel for the experimental daemon mode."
time="2026-09-04T20:32:04+07:00" level=warning msg="failed to get tunnel info" udid=00008101-00152C1E21C2001E
time="2026-09-04T20:32:04+07:00" level=info msg="device is activated:true"
time="2026-09-04T20:32:04+07:00" level=info msg="send flush request"
time="2026-09-04T20:32:17+07:00" level=info msg="get cloud config"
"ok"
[20:32:20] 000081...: RUN: C:\TIKTOOL PRO V4\ios.exe lang --setlocale=ja_JP --setlang=ja --udid=00008101-00152C1E21C2001E --nojson
[20:32:23] 000081...: time="2026-09-04T20:32:04+07:00" level=warning msg="go-ios agent is not running. You might need to start it with 'ios tunnel start' for ios17+. Use ENABLE_GO_IOS_AGENT=user for userspace tunnel or ENABLE_GO_IOS_AGENT=kernel for kernel tunnel for the experimental daemon mode."
time="2026-09-04T20:32:04+07:00" level=warning msg="failed to get tunnel info" udid=00008101-000D59493C50801E
time="2026-09-04T20:32:04+07:00" level=info msg="device is activated:true"
time="2026-09-04T20:32:04+07:00" level=info msg="send flush request"
time="2026-09-04T20:32:14+07:00" level=info msg="get cloud config"
"ok"
[20:32:23] 000081...: RUN: C:\TIKTOOL PRO V4\ios.exe lang --setlocale=ja_JP --setlang=ja --udid=00008101-000D59493C50801E --nojson
[20:32:26] 000081...: time="2026-09-04T20:31:57+07:00" level=warning msg="go-ios agent is not running. You might need to start it with 'ios tunnel start' for ios17+. Use ENABLE_GO_IOS_AGENT=user for userspace tunnel or ENABLE_GO_IOS_AGENT=kernel for kernel tunnel for the experimental daemon mode."
time="2026-09-04T20:31:57+07:00" level=warning msg="failed to get tunnel info" udid=00008101-0011548002C1001E
time="2026-09-04T20:31:57+07:00" level=info msg="device is activated:true"
time="2026-09-04T20:31:58+07:00" level=info msg="send flush request"
time="2026-09-04T20:32:11+07:00" level=info msg="get cloud config"
"ok"
[20:32:26] 000081...: RUN: C:\TIKTOOL PRO V4\ios.exe lang --setlocale=ja_JP --setlang=ja --udid=00008101-0011548002C1001E --nojson
[20:32:31] 000081...: time="2026-09-04T20:32:05+07:00" level=warning msg="go-ios agent is not running. You might need to start it with 'ios tunnel start' for ios17+. Use ENABLE_GO_IOS_AGENT=user for userspace tunnel or ENABLE_GO_IOS_AGENT=kernel for kernel tunnel for the experimental daemon mode."
time="2026-09-04T20:32:05+07:00" level=warning msg="failed to get tunnel info" udid=00008101-001D05820EB8001E
time="2026-09-04T20:32:05+07:00" level=info msg="device is activated:true"
time="2026-09-04T20:32:05+07:00" level=info msg="send flush request"
time="2026-09-04T20:32:16+07:00" level=info msg="get cloud config"
"ok"
[20:32:31] 000081...: RUN: C:\TIKTOOL PRO V4\ios.exe lang --setlocale=ja_JP --setlang=ja --udid=00008101-001D05820EB8001E --nojson
[20:32:34] 000081...: time="2026-09-04T20:32:20+07:00" level=warning msg="go-ios agent is not running. You might need to start it with 'ios tunnel start' for ios17+. Use ENABLE_GO_IOS_AGENT=user for userspace tunnel or ENABLE_GO_IOS_AGENT=kernel for kernel tunnel for the experimental daemon mode."
time="2026-09-04T20:32:20+07:00" level=warning msg="failed to get tunnel info" udid=00008101-000434C12120001E
{"Language":"ja","Locale":"ja_JP","SupportedLocales":["sv_AX","en_CN","ro_RO","en_VG","es_VC","fr_MA","en_AL","es_TT","ar_SS","fr_VU","fr_CI","en_GS","en_BW","en_JM","es_BS","en_BD","en_MG","en_PT","en_HK","fr_GN","ru_UA","ar_LB","en_CO","en_KE","en_NR","fr_MU","en_FI","nl_BQ","en_WS","en_DG","ar_SA","en_RW","en_ZM","en_BE","en_ER","bn_BD","en_MH","nl_NL","pt_AO","el_CY","en_KY","es_CL","en_VI","es_VE","en_FJ","fr_MC","en_TZ","en_ID","es_TC","zh_TW","en_GU","es_GQ","en_GB","mr_IN","ko_CN","es_MX","en_ES","es_BB","es_PR","fr_GP","pt_GW","fi_FI","en_FK","en_NA","zh_CN","en_IE","en_LR","en_TH","ca_IT","ar_KM","en_BZ","en_JP","da_GL","te_IN","en_US","en_BG","de_CH","en_PW","ar_TN","ar_QA","fr_GQ","de_LI","cs_CZ","hu_HU","zh_HK","en_NU","es_VG","ta_IN","ar_EG","ro_MD","en_LS","fr_CM","ar_SD","en_GD","ar_IL","ar_LY","en_UA","fr_TD","pt_LU","es_PA","ta_SG","en_KI","es_CO","en_FM","fr_MF","tr_CY","ar_EH","en_LT","es_IC","en_DK","pt_ST","es_GT","fr_YT","en_GE","ms_BN","en_BI","he_IL","pt_TL","en_SS","es_KY","kk_KZ","en_CA","es_VI","zh-Hant_JP","ar_MR","fr_MG","en_AR","hr_HR","en_TK","fr_SN","ar_SY","en_GY","pt_CV","en_MM","es_ES","ar_AE","fr_DZ","en_001","zh-Hant_MY","en_PG","ca_ES","fr_RW","fr_GA","en_SA","fr_BE","hi_IN","en_AS","pt_MO","en_LV","ta_LK","en_DM","en_LC","en_GG","es_BZ","tr_TR","zh-Hans_MO","es_US","en_150","it_VA","it_CH","en_EE","fr_TG","es_EA","sv_FI","en_PH","en_CV","ms_SG","es_CR","en_SB","en_CC","fr_BF","en_NF","fr_RE","es_HN","en_AT","ar_MA","nl_BE","en_GH","es_GD","th_TH","pt_FR","en_ZA","en_MO","de_IT","es_003","es_PE","de_DE","en_SC","en_NZ","en_NG","en_AU","el_GR","en_GI","ar_001","en_BM","ar_IQ","en_MP","es_PY","fr_DJ","es_EC","en_US_POSIX","vi_VN","en_CX","en_KN","en_SD","en_FR","es_CA","kn_IN","en_IL","es_AR","en_TO","zh-Hans_HK","es_GY","bg_BG","fr_NC","en_BN","ta_MY","en_UG","en_HU","en_PK","uk_UA","en_SX","en_CY","en_SE","es_CU","sk_SK","fr_BI","fr_ML","en_IM","de_BE","fr_PF","es_DM","es_LC","en_ZW","fr_CA","pl_PL","pt_CH","zh-Hans_JP","ja_JP","en_JE","fr_LU","nl_SR","en_PL","es_PH","en_CZ","zh_MO","fr_GF","fr_BJ","en_IN","zh-Hans_MY","en_AE","en_RO","fr_NE","en_MS","es_419","it_IT","ar_TD","en_SZ","fr_WF","ru_MD","ml_IN","en_SG","es_CW","en_CH","es_SV","pt_BR","en_IO","bn_IN","en_TR","ar_PS","ar_KW","es_DO","en_GM","it_SM","ms_MY","es_UY","en_MT","es_BM","sl_SI","en_PN","es_HT","en_KR","en_SH","en_VU","es_KN","fr_BL","en_NL","ca_FR","en_AG","fr_KM","fr_SC","fr_CD","ko_KP","or_IN","en_BR","nb_SJ","en_MU","zh-Hant_CN","ru_RU","ar_DZ","fr_TN","en_SI","hr_BA","es_NI","en_VC","ar_ER","fr_HT","en_TT","ar_SO","ca_AD","fr_FR","da_DK","en_BS","en_MV","es_BO","nb_NO","nl_CW","de_LU","en_CK","ar_JO","pt_GQ","fr_MQ","zh_SG","ms_ID","en_AI","fr_CF","ko_KR","en_MW","en_UM","en_SK","en_CL","en_NO","fr_MR","en_TV","fr_SY","en_TC","fr_CG","nl_SX","en_MX","ar_YE","en_BB","ru_BY","de_AT","sv_SE","en_PR","ar_DJ","lt_LT","nl_AW","ar_OM","en_SL","en_CM","ru_KZ","es_BQ","ar_BH","ru_KG","id_ID","pt_MZ","fr_PM","en_TW","en_IT","pt_PT","es_AG","en_DE","fr_CH","gu_IN","en_GR","en_RU","en_MY","es_BR"],"SupportedLanguages":["ur","lt","ja","id","mr","ms","hi","es-419","es","pl","ca","ta","fr","en-IN","or","fr-CA","da","bg","te","kk-Cyrl","pt-BR","zh-Hant-HK","hr","gu","de","th","sk","ro","sl","nb","kk","en-GB","hu","zh-HK","bn","ar","it","kn","ko","uk","pa","ru","vi","zh-Hans","zh-Hant","en-AU","ml","pt-PT","tr","fi","en-US","el","cs","sv","nl","he","en","es-US"]}
[20:32:34] 000081...: Batch Activate hoàn tất thành công.
[20:32:36] 000081...: time="2026-09-04T20:32:26+07:00" level=warning msg="go-ios agent is not running. You might need to start it with 'ios tunnel start' for ios17+. Use ENABLE_GO_IOS_AGENT=user for userspace tunnel or ENABLE_GO_IOS_AGENT=kernel for kernel tunnel for the experimental daemon mode."
time="2026-09-04T20:32:26+07:00" level=warning msg="failed to get tunnel info" udid=00008101-0011548002C1001E
{"Language":"ja","Locale":"ja_JP","SupportedLocales":["sv_AX","en_CN","ro_RO","en_VG","es_VC","fr_MA","en_AL","es_TT","ar_SS","fr_VU","fr_CI","en_GS","en_BW","en_JM","es_BS","en_BD","en_MG","en_PT","en_HK","fr_GN","ru_UA","ar_LB","en_CO","en_KE","en_NR","fr_MU","en_FI","nl_BQ","en_WS","en_DG","ar_SA","en_RW","en_ZM","en_BE","en_ER","bn_BD","en_MH","nl_NL","pt_AO","el_CY","en_KY","es_CL","en_VI","en_FJ","es_VE","fr_MC","en_TZ","en_ID","es_TC","zh_TW","en_GU","es_GQ","en_GB","mr_IN","ko_CN","es_MX","en_ES","es_BB","es_PR","fr_GP","pt_GW","fi_FI","en_FK","en_NA","zh_CN","en_IE","en_LR","ca_IT","en_TH","ar_KM","en_BZ","en_JP","da_GL","te_IN","en_US","de_CH","ar_QA","en_PW","ar_TN","en_BG","fr_GQ","de_LI","cs_CZ","en_NU","zh_HK","hu_HU","es_VG","ta_IN","ar_EG","ro_MD","en_LS","fr_CM","ar_SD","en_GD","ar_IL","ar_LY","en_UA","fr_TD","pt_LU","es_PA","ta_SG","en_KI","es_CO","en_FM","fr_MF","ar_EH","tr_CY","en_LT","es_IC","en_DK","pt_ST","es_GT","fr_YT","en_GE","ms_BN","en_BI","he_IL","pt_TL","en_SS","es_KY","kk_KZ","en_CA","es_VI","zh-Hant_JP","fr_MG","ar_MR","en_AR","hr_HR","ar_SY","fr_SN","en_TK","en_GY","pt_CV","en_MM","fr_DZ","ar_AE","es_ES","en_001","zh-Hant_MY","ca_ES","en_PG","fr_RW","fr_GA","en_SA","fr_BE","hi_IN","en_AS","pt_MO","en_LV","ta_LK","en_DM","en_LC","en_GG","es_BZ","tr_TR","it_CH","zh-Hans_MO","es_US","en_150","fr_TG","en_EE","it_VA","en_PH","es_EA","es_HN","ms_SG","sv_FI","en_SB","fr_RE","en_CC","fr_BF","en_NF","es_CR","en_CV","en_AT","ar_MA","nl_BE","en_GH","es_GD","en_ZA","pt_FR","th_TH","en_MO","es_003","de_IT","es_PE","de_DE","en_SC","en_NZ","en_NG","en_AU","el_GR","en_GI","ar_001","en_BM","ar_IQ","en_MP","es_PY","fr_DJ","es_EC","vi_VN","en_US_POSIX","en_CX","en_KN","en_SD","en_FR","es_CA","kn_IN","en_IL","es_AR","en_TO","zh-Hans_HK","es_GY","bg_BG","fr_NC","ta_MY","en_BN","en_UG","uk_UA","en_PK","en_SX","en_HU","en_CY","en_SE","es_CU","sk_SK","fr_BI","fr_ML","de_BE","en_IM","fr_PF","es_DM","es_LC","en_ZW","fr_CA","pl_PL","pt_CH","nl_SR","ja_JP","en_JE","fr_LU","zh-Hans_JP","en_PL","es_PH","en_CZ","fr_GF","zh_MO","fr_BJ","en_IN","zh-Hans_MY","en_AE","en_RO","fr_NE","en_MS","es_419","it_IT","ar_TD","en_SZ","fr_WF","ru_MD","ml_IN","en_SG","es_CW","es_SV","en_CH","pt_BR","en_IO","bn_IN","ar_PS","en_TR","ar_KW","es_DO","en_GM","it_SM","ms_MY","sl_SI","en_MT","es_BM","es_UY","en_PN","es_HT","en_KR","en_SH","en_VU","es_KN","fr_BL","en_NL","ca_FR","en_AG","fr_KM","fr_SC","fr_CD","ko_KP","or_IN","nb_SJ","zh-Hant_CN","en_BR","ru_RU","en_MU","ar_DZ","fr_TN","en_SI","hr_BA","es_NI","ar_ER","en_VC","fr_HT","en_TT","ar_SO","ca_AD","fr_FR","da_DK","en_BS","nl_CW","es_BO","nb_NO","en_MV","de_LU","en_CK","ar_JO","pt_GQ","fr_MQ","zh_SG","ms_ID","en_AI","fr_CF","ko_KR","en_MW","en_UM","en_SK","en_CL","en_NO","fr_MR","en_TV","fr_SY","en_TC","fr_CG","nl_SX","en_MX","ar_YE","ru_BY","sv_SE","es_BQ","en_PR","de_AT","ar_DJ","lt_LT","ar_OM","en_SL","nl_AW","en_CM","ru_KZ","en_BB","ar_BH","ru_KG","pt_MZ","en_IT","en_TW","id_ID","fr_PM","es_AG","pt_PT","en_DE","en_GR","gu_IN","en_RU","fr_CH","en_MY","es_BR"],"SupportedLanguages":["ur","lt","ja","id","mr","ms","hi","es-419","es","pl","ca","ta","fr","en-IN","or","fr-CA","da","bg","te","kk-Cyrl","pt-BR","zh-Hant-HK","hr","gu","de","th","sk","ro","sl","nb","kk","en-GB","hu","zh-HK","bn","ar","it","kn","ko","uk","pa","ru","vi","zh-Hans","zh-Hant","en-AU","ml","pt-PT","tr","fi","en-US","el","cs","sv","nl","he","en","es-US"]}
[20:32:36] 000081...: Batch Activate hoàn tất thành công.
[20:32:42] 000081...: time="2026-09-04T20:32:14+07:00" level=warning msg="go-ios agent is not running. You might need to start it with 'ios tunnel start' for ios17+. Use ENABLE_GO_IOS_AGENT=user for userspace tunnel or ENABLE_GO_IOS_AGENT=kernel for kernel tunnel for the experimental daemon mode."
time="2026-09-04T20:32:14+07:00" level=warning msg="failed to get tunnel info" udid=00008101-000245012293001E
{"Language":"ja","Locale":"ja_JP","SupportedLocales":["sv_AX","en_CN","ro_RO","en_VG","es_VC","fr_MA","en_AL","es_TT","ar_SS","fr_VU","fr_CI","en_GS","en_BW","en_JM","es_BS","en_BD","en_MG","en_PT","en_HK","ar_LB","fr_GN","ru_UA","en_CO","en_KE","en_NR","fr_MU","en_FI","nl_BQ","en_WS","en_DG","ar_SA","en_RW","en_ZM","en_BE","bn_BD","en_MH","en_ER","nl_NL","pt_AO","el_CY","en_KY","es_CL","en_VI","en_FJ","es_VE","fr_MC","en_TZ","en_ID","es_TC","zh_TW","en_GU","es_GQ","ko_CN","en_GB","mr_IN","es_MX","en_ES","es_BB","es_PR","fr_GP","pt_GW","fi_FI","en_FK","en_NA","zh_CN","en_IE","en_LR","en_TH","ca_IT","ar_KM","en_BZ","de_CH","da_GL","te_IN","en_US","en_JP","en_BG","en_PW","ar_QA","ar_TN","fr_GQ","de_LI","cs_CZ","hu_HU","en_NU","zh_HK","es_VG","ta_IN","ar_EG","ro_MD","en_LS","fr_CM","ar_SD","en_GD","ar_IL","ar_LY","en_UA","fr_TD","pt_LU","es_PA","ta_SG","en_KI","es_CO","en_FM","fr_MF","ar_EH","tr_CY","en_LT","es_IC","en_DK","pt_ST","es_GT","fr_YT","en_GE","ms_BN","en_BI","he_IL","pt_TL","en_SS","es_KY","kk_KZ","en_CA","es_VI","ar_MR","fr_MG","zh-Hant_JP","hr_HR","en_AR","ar_SY","en_TK","fr_SN","en_GY","pt_CV","fr_DZ","es_ES","en_MM","ar_AE","en_001","en_PG","ca_ES","fr_RW","zh-Hant_MY","fr_GA","en_SA","fr_BE","hi_IN","en_AS","pt_MO","en_LV","ta_LK","en_DM","en_LC","en_GG","tr_TR","es_BZ","zh-Hans_MO","es_US","en_150","it_VA","it_CH","en_EE","fr_TG","en_PH","es_EA","es_HN","ms_SG","sv_FI","en_SB","fr_RE","en_CC","en_CV","en_NF","fr_BF","es_CR","en_AT","ar_MA","nl_BE","en_GH","es_GD","th_TH","pt_FR","en_ZA","en_MO","es_003","de_IT","es_PE","de_DE","en_NZ","en_SC","en_NG","en_AU","el_GR","en_GI","ar_001","en_BM","ar_IQ","en_MP","es_PY","fr_DJ","es_EC","en_US_POSIX","vi_VN","en_CX","en_KN","en_SD","en_FR","es_CA","kn_IN","en_IL","es_AR","en_TO","zh-Hans_HK","es_GY","bg_BG","fr_NC","en_BN","ta_MY","en_UG","en_HU","en_PK","en_SX","uk_UA","en_CY","es_CU","sk_SK","en_SE","fr_BI","fr_ML","de_BE","en_IM","fr_PF","es_DM","es_LC","en_ZW","fr_CA","pl_PL","zh-Hans_JP","nl_SR","ja_JP","en_JE","pt_CH","fr_LU","en_PL","zh_MO","en_CZ","fr_GF","es_PH","fr_BJ","en_IN","zh-Hans_MY","en_AE","fr_NE","en_RO","en_MS","es_419","it_IT","ar_TD","en_SZ","fr_WF","ru_MD","ml_IN","es_SV","en_SG","en_CH","es_CW","pt_BR","en_IO","bn_IN","ar_PS","en_TR","ar_KW","es_DO","en_GM","it_SM","ms_MY","es_UY","en_MT","es_BM","sl_SI","en_PN","es_HT","en_KR","en_SH","en_VU","es_KN","fr_BL","en_NL","ca_FR","en_AG","fr_KM","fr_SC","fr_CD","ko_KP","or_IN","zh-Hant_CN","en_BR","en_MU","ru_RU","fr_TN","ar_DZ","nb_SJ","en_SI","hr_BA","es_NI","en_VC","ar_ER","fr_HT","en_TT","ar_SO","ca_AD","fr_FR","da_DK","en_BS","nl_CW","es_BO","nb_NO","en_MV","de_LU","en_CK","ar_JO","pt_GQ","fr_MQ","zh_SG","ms_ID","en_AI","fr_CF","ko_KR","en_MW","en_UM","en_SK","en_CL","en_NO","fr_MR","en_TV","fr_SY","en_TC","fr_CG","nl_SX","es_BQ","en_MX","ru_BY","sv_SE","de_AT","en_BB","ar_YE","ar_DJ","lt_LT","nl_AW","ar_OM","en_SL","en_CM","en_PR","ru_KZ","ar_BH","ru_KG","en_IT","id_ID","en_TW","pt_MZ","fr_PM","es_AG","pt_PT","en_DE","fr_CH","en_GR","en_RU","gu_IN","en_MY","es_BR"],"SupportedLanguages":["ur","lt","ja","id","mr","ms","hi","es-419","es","pl","ca","ta","fr","en-IN","or","fr-CA","da","bg","te","kk-Cyrl","pt-BR","zh-Hant-HK","hr","gu","de","th","sk","ro","sl","nb","kk","en-GB","hu","zh-HK","bn","ar","it","kn","ko","uk","pa","ru","vi","zh-Hans","zh-Hant","en-AU","ml","pt-PT","tr","fi","en-US","el","cs","sv","nl","he","en","es-US"]}
[20:32:42] 000081...: Batch Activate hoàn tất thành công.
[20:32:43] 000081...: time="2026-09-04T20:32:15+07:00" level=warning msg="go-ios agent is not running. You might need to start it with 'ios tunnel start' for ios17+. Use ENABLE_GO_IOS_AGENT=user for userspace tunnel or ENABLE_GO_IOS_AGENT=kernel for kernel tunnel for the experimental daemon mode."
time="2026-09-04T20:32:15+07:00" level=warning msg="failed to get tunnel info" udid=00008101-000C604836FA001E
{"Language":"ja","Locale":"ja_JP","SupportedLocales":["sv_AX","en_CN","ro_RO","en_VG","es_VC","fr_MA","en_AL","es_TT","ar_SS","fr_VU","fr_CI","en_GS","en_BW","en_JM","es_BS","en_BD","en_MG","en_PT","ar_LB","fr_GN","ru_UA","en_HK","en_CO","en_KE","en_NR","fr_MU","en_FI","nl_BQ","en_WS","en_DG","ar_SA","en_RW","en_ZM","en_BE","en_ER","bn_BD","en_MH","nl_NL","pt_AO","el_CY","en_KY","es_CL","en_VI","en_FJ","es_VE","fr_MC","en_TZ","en_ID","es_TC","en_GU","zh_TW","es_GQ","en_GB","mr_IN","ko_CN","es_MX","en_ES","es_BB","es_PR","fr_GP","pt_GW","fi_FI","en_FK","en_NA","zh_CN","en_IE","en_LR","ca_IT","en_TH","ar_KM","en_BZ","de_CH","da_GL","en_JP","en_BG","te_IN","ar_QA","en_PW","ar_TN","en_US","fr_GQ","de_LI","cs_CZ","hu_HU","en_NU","zh_HK","es_VG","ta_IN","ar_EG","ro_MD","en_LS","fr_CM","ar_SD","en_GD","ar_IL","ar_LY","en_UA","fr_TD","pt_LU","es_PA","ta_SG","en_KI","es_CO","en_FM","fr_MF","ar_EH","tr_CY","en_LT","es_IC","en_DK","pt_ST","es_GT","en_GE","fr_YT","ms_BN","en_BI","he_IL","pt_TL","en_SS","es_KY","kk_KZ","en_CA","es_VI","zh-Hant_JP","fr_MG","ar_MR","en_AR","hr_HR","ar_SY","fr_SN","en_TK","en_GY","pt_CV","en_MM","fr_DZ","ar_AE","es_ES","en_001","zh-Hant_MY","en_PG","ca_ES","fr_RW","fr_GA","en_SA","fr_BE","hi_IN","en_AS","pt_MO","en_LV","ta_LK","en_DM","en_LC","en_GG","es_BZ","tr_TR","it_CH","zh-Hans_MO","en_150","it_VA","es_US","en_EE","fr_TG","en_PH","es_EA","sv_FI","en_CV","es_HN","es_CR","en_SB","fr_RE","fr_BF","en_NF","en_CC","ms_SG","en_AT","ar_MA","nl_BE","en_GH","es_GD","en_ZA","pt_FR","th_TH","en_MO","es_003","de_IT","es_PE","de_DE","en_NZ","en_SC","en_NG","en_AU","el_GR","en_GI","ar_001","en_BM","ar_IQ","en_MP","es_PY","fr_DJ","es_EC","vi_VN","en_US_POSIX","en_CX","en_KN","en_SD","en_FR","es_CA","kn_IN","en_IL","es_AR","en_TO","zh-Hans_HK","bg_BG","es_GY","fr_NC","ta_MY","en_BN","en_UG","en_HU","en_PK","uk_UA","en_SX","en_CY","en_SE","sk_SK","es_CU","fr_BI","fr_ML","de_BE","en_IM","fr_PF","es_DM","es_LC","en_ZW","fr_CA","pl_PL","pt_CH","nl_SR","ja_JP","en_JE","fr_LU","zh-Hans_JP","en_PL","es_PH","en_CZ","fr_GF","zh_MO","fr_BJ","en_IN","zh-Hans_MY","en_AE","fr_NE","en_RO","en_MS","es_419","it_IT","ar_TD","en_SZ","fr_WF","es_SV","ml_IN","en_SG","es_CW","en_CH","ru_MD","pt_BR","en_IO","bn_IN","en_TR","ar_PS","ar_KW","es_DO","en_GM","it_SM","ms_MY","sl_SI","en_MT","es_BM","es_UY","en_PN","es_HT","en_KR","en_SH","en_VU","es_KN","fr_BL","en_NL","ca_FR","en_AG","fr_KM","fr_SC","fr_CD","ko_KP","or_IN","nb_SJ","en_BR","en_MU","ru_RU","zh-Hant_CN","ar_DZ","fr_TN","en_SI","en_VC","es_NI","ar_ER","hr_BA","fr_HT","en_TT","ar_SO","ca_AD","fr_FR","da_DK","en_BS","nl_CW","es_BO","nb_NO","en_MV","de_LU","en_CK","ar_JO","pt_GQ","fr_MQ","zh_SG","ms_ID","en_AI","fr_CF","ko_KR","en_MW","en_UM","en_SK","en_CL","en_NO","fr_MR","en_TV","fr_SY","en_TC","fr_CG","nl_SX","es_BQ","ar_YE","ru_BY","sv_SE","en_BB","de_AT","en_PR","ar_DJ","lt_LT","nl_AW","ar_OM","en_SL","en_CM","ru_KZ","en_MX","ar_BH","ru_KG","en_IT","pt_MZ","fr_PM","en_TW","id_ID","es_AG","pt_PT","en_DE","fr_CH","gu_IN","en_RU","en_GR","en_MY","es_BR"],"SupportedLanguages":["ur","lt","ja","id","mr","ms","hi","es-419","es","pl","ca","ta","fr","en-IN","or","fr-CA","da","bg","te","kk-Cyrl","pt-BR","zh-Hant-HK","hr","gu","de","th","sk","ro","sl","nb","kk","en-GB","hu","zh-HK","bn","ar","it","kn","ko","uk","pa","ru","vi","zh-Hans","zh-Hant","en-AU","ml","pt-PT","tr","fi","en-US","el","cs","sv","nl","he","en","es-US"]}
[20:32:43] 000081...: Batch Activate hoàn tất thành công.
[20:32:50] 000081...: time="2026-09-04T20:32:19+07:00" level=warning msg="go-ios agent is not running. You might need to start it with 'ios tunnel start' for ios17+. Use ENABLE_GO_IOS_AGENT=user for userspace tunnel or ENABLE_GO_IOS_AGENT=kernel for kernel tunnel for the experimental daemon mode."
time="2026-09-04T20:32:19+07:00" level=warning msg="failed to get tunnel info" udid=00008101-00115DAA2663001E
{"Language":"ja","Locale":"ja_JP","SupportedLocales":["sv_AX","en_CN","ro_RO","en_VG","es_VC","fr_MA","en_AL","es_TT","ar_SS","fr_VU","en_GS","fr_CI","en_BW","en_JM","es_BS","en_BD","en_MG","en_PT","ar_LB","ru_UA","fr_GN","en_HK","en_CO","en_KE","en_NR","fr_MU","en_FI","nl_BQ","en_WS","en_DG","ar_SA","en_RW","en_ZM","en_BE","bn_BD","el_CY","en_MH","nl_NL","en_ER","pt_AO","en_KY","es_CL","en_VI","en_FJ","es_VE","fr_MC","en_TZ","en_ID","es_TC","zh_TW","en_GU","es_GQ","en_GB","ko_CN","mr_IN","es_MX","en_ES","es_BB","es_PR","fr_GP","pt_GW","fi_FI","en_FK","en_NA","zh_CN","en_IE","en_LR","ca_IT","en_TH","ar_KM","en_BZ","de_CH","da_GL","te_IN","en_JP","en_BG","en_US","ar_TN","en_PW","ar_QA","fr_GQ","de_LI","cs_CZ","hu_HU","en_NU","zh_HK","es_VG","ta_IN","ar_EG","ro_MD","en_LS","fr_CM","ar_SD","en_GD","ar_IL","ar_LY","en_UA","fr_TD","pt_LU","es_PA","ta_SG","en_KI","es_CO","en_FM","fr_MF","ar_EH","tr_CY","en_LT","es_IC","en_DK","pt_ST","es_GT","fr_YT","en_GE","ms_BN","en_BI","he_IL","pt_TL","en_SS","es_KY","kk_KZ","en_CA","es_VI","zh-Hant_JP","fr_MG","ar_MR","hr_HR","en_AR","en_TK","ar_SY","fr_SN","en_GY","pt_CV","en_MM","es_ES","ar_AE","fr_DZ","en_001","en_PG","ca_ES","fr_RW","zh-Hant_MY","fr_GA","en_SA","fr_BE","hi_IN","en_AS","pt_MO","en_LV","ta_LK","en_DM","en_LC","en_GG","es_BZ","tr_TR","it_CH","es_US","en_150","zh-Hans_MO","fr_TG","en_EE","it_VA","en_PH","es_HN","sv_FI","ms_SG","es_EA","en_SB","fr_RE","en_CC","fr_BF","en_NF","es_CR","en_CV","en_AT","ar_MA","nl_BE","en_GH","es_GD","th_TH","en_ZA","pt_FR","en_MO","es_003","de_IT","es_PE","de_DE","en_SC","en_NZ","en_NG","en_AU","el_GR","en_GI","ar_001","en_BM","ar_IQ","en_MP","es_PY","fr_DJ","es_EC","vi_VN","en_US_POSIX","en_CX","en_KN","en_SD","en_FR","es_CA","kn_IN","en_IL","es_AR","en_TO","zh-Hans_HK","es_GY","bg_BG","fr_NC","ta_MY","en_BN","en_UG","en_HU","en_PK","uk_UA","en_SX","en_CY","en_SE","es_CU","sk_SK","fr_BI","fr_ML","en_IM","de_BE","fr_PF","es_DM","es_LC","en_ZW","fr_CA","pl_PL","zh-Hans_JP","nl_SR","ja_JP","en_JE","fr_LU","pt_CH","en_PL","zh_MO","en_CZ","es_PH","fr_GF","fr_BJ","en_IN","zh-Hans_MY","en_AE","en_RO","fr_NE","en_MS","es_419","it_IT","ar_TD","en_SZ","fr_WF","ru_MD","ml_IN","es_CW","es_SV","en_CH","en_SG","pt_BR","en_IO","bn_IN","ar_PS","en_TR","ar_KW","es_DO","en_GM","it_SM","ms_MY","sl_SI","es_UY","en_MT","es_BM","en_PN","es_HT","en_KR","en_SH","en_VU","es_KN","fr_BL","en_NL","ca_FR","en_AG","fr_KM","fr_SC","fr_CD","ko_KP","or_IN","en_BR","nb_SJ","ru_RU","en_MU","fr_TN","ar_DZ","zh-Hant_CN","en_SI","hr_BA","es_NI","en_VC","ar_ER","fr_HT","en_TT","ar_SO","ca_AD","da_DK","fr_FR","en_BS","es_BO","nl_CW","nb_NO","en_MV","de_LU","en_CK","ar_JO","pt_GQ","fr_MQ","zh_SG","ms_ID","en_AI","fr_CF","ko_KR","en_MW","en_UM","en_SK","en_CL","en_NO","fr_MR","en_TV","fr_SY","en_TC","fr_CG","nl_SX","en_MX","ar_YE","ru_BY","sv_SE","en_BB","de_AT","en_PR","ar_DJ","es_BQ","nl_AW","ar_OM","en_SL","en_CM","ru_KZ","lt_LT","ar_BH","ru_KG","pt_MZ","id_ID","fr_PM","en_TW","en_IT","es_AG","pt_PT","en_DE","fr_CH","en_GR","en_RU","gu_IN","es_BR","en_MY"],"SupportedLanguages":["ur","lt","ja","id","mr","ms","hi","es-419","es","pl","ca","ta","fr","en-IN","or","fr-CA","da","bg","te","kk-Cyrl","pt-BR","zh-Hant-HK","hr","gu","de","th","sk","ro","sl","nb","kk","en-GB","hu","zh-HK","bn","ar","it","kn","ko","uk","pa","ru","vi","zh-Hans","zh-Hant","en-AU","ml","pt-PT","tr","fi","en-US","el","cs","sv","nl","he","en","es-US"]}
[20:32:50] 000081...: Batch Activate hoàn tất thành công.
[20:32:50] 000081...: time="2026-09-04T20:32:31+07:00" level=warning msg="go-ios agent is not running. You might need to start it with 'ios tunnel start' for ios17+. Use ENABLE_GO_IOS_AGENT=user for userspace tunnel or ENABLE_GO_IOS_AGENT=kernel for kernel tunnel for the experimental daemon mode."
time="2026-09-04T20:32:31+07:00" level=warning msg="failed to get tunnel info" udid=00008101-001D05820EB8001E
{"Language":"ja","Locale":"ja_JP","SupportedLocales":["sv_AX","en_CN","ro_RO","en_VG","es_VC","fr_MA","en_AL","es_TT","ar_SS","fr_VU","en_GS","fr_CI","en_BW","en_JM","es_BS","en_BD","en_MG","en_PT","en_HK","fr_GN","ar_LB","ru_UA","en_CO","en_KE","en_NR","fr_MU","en_FI","nl_BQ","en_WS","en_DG","ar_SA","en_RW","en_ZM","en_BE","en_ER","bn_BD","el_CY","nl_NL","en_MH","pt_AO","en_KY","es_CL","en_VI","en_FJ","es_VE","fr_MC","en_TZ","en_ID","es_TC","zh_TW","en_GU","es_GQ","en_GB","mr_IN","ko_CN","es_MX","en_ES","es_BB","es_PR","fr_GP","pt_GW","fi_FI","en_FK","en_NA","zh_CN","en_IE","en_LR","en_TH","ca_IT","ar_KM","en_BZ","en_JP","da_GL","te_IN","en_US","en_BG","ar_QA","ar_TN","en_PW","de_CH","fr_GQ","de_LI","cs_CZ","hu_HU","zh_HK","en_NU","es_VG","ta_IN","ar_EG","ro_MD","en_LS","fr_CM","ar_SD","en_GD","ar_IL","ar_LY","en_UA","fr_TD","pt_LU","es_PA","ta_SG","en_KI","es_CO","en_FM","fr_MF","tr_CY","ar_EH","en_LT","es_IC","en_DK","pt_ST","es_GT","en_GE","fr_YT","ms_BN","en_BI","he_IL","pt_TL","en_SS","es_KY","kk_KZ","en_CA","es_VI","zh-Hant_JP","fr_MG","ar_MR","hr_HR","en_AR","en_TK","fr_SN","ar_SY","en_GY","pt_CV","en_MM","fr_DZ","ar_AE","es_ES","en_001","zh-Hant_MY","en_PG","ca_ES","fr_RW","fr_GA","en_SA","fr_BE","hi_IN","en_AS","pt_MO","en_LV","ta_LK","en_DM","en_LC","en_GG","es_BZ","tr_TR","it_CH","es_US","en_150","it_VA","fr_TG","en_EE","zh-Hans_MO","en_PH","es_HN","sv_FI","en_CV","ms_SG","es_CR","en_SB","en_CC","fr_BF","en_NF","fr_RE","es_EA","en_AT","ar_MA","nl_BE","en_GH","es_GD","th_TH","pt_FR","en_ZA","en_MO","de_IT","es_003","es_PE","de_DE","en_SC","en_NZ","en_NG","en_AU","el_GR","en_GI","ar_001","en_BM","ar_IQ","en_MP","es_PY","fr_DJ","es_EC","vi_VN","en_US_POSIX","en_CX","en_KN","en_SD","en_FR","es_CA","kn_IN","en_IL","es_AR","en_TO","zh-Hans_HK","es_GY","bg_BG","fr_NC","ta_MY","en_BN","en_UG","en_HU","en_PK","en_SX","uk_UA","en_CY","es_CU","sk_SK","en_SE","fr_BI","fr_ML","en_IM","de_BE","fr_PF","es_DM","es_LC","en_ZW","fr_CA","pl_PL","pt_CH","nl_SR","ja_JP","zh-Hans_JP","fr_LU","en_JE","en_PL","zh_MO","en_CZ","fr_GF","es_PH","fr_BJ","en_IN","zh-Hans_MY","en_AE","fr_NE","en_RO","en_MS","es_419","it_IT","ar_TD","en_SZ","fr_WF","ru_MD","es_SV","en_SG","es_CW","en_CH","ml_IN","pt_BR","en_IO","bn_IN","en_TR","ar_PS","ar_KW","es_DO","en_GM","it_SM","ms_MY","sl_SI","es_UY","es_BM","en_MT","en_PN","es_HT","en_KR","en_SH","en_VU","es_KN","fr_BL","en_NL","ca_FR","en_AG","fr_KM","fr_SC","fr_CD","ko_KP","or_IN","nb_SJ","en_BR","en_MU","zh-Hant_CN","ru_RU","ar_DZ","fr_TN","en_SI","en_VC","es_NI","ar_ER","hr_BA","fr_HT","en_TT","ar_SO","ca_AD","da_DK","fr_FR","en_BS","nl_CW","en_MV","nb_NO","es_BO","de_LU","pt_GQ","ar_JO","en_CK","fr_MQ","zh_SG","ms_ID","en_AI","fr_CF","ko_KR","en_MW","en_UM","en_SK","en_CL","en_NO","fr_MR","en_TV","fr_SY","en_TC","fr_CG","nl_SX","es_BQ","ar_YE","ru_BY","en_BB","de_AT","en_PR","en_MX","ar_DJ","lt_LT","nl_AW","ar_OM","en_SL","en_CM","ru_KZ","sv_SE","ar_BH","ru_KG","en_IT","id_ID","pt_MZ","fr_PM","en_TW","es_AG","pt_PT","en_DE","fr_CH","en_GR","en_RU","gu_IN","es_BR","en_MY"],"SupportedLanguages":["ur","lt","ja","id","mr","ms","hi","es-419","es","pl","ca","ta","fr","en-IN","or","fr-CA","da","bg","te","kk-Cyrl","pt-BR","zh-Hant-HK","hr","gu","de","th","sk","ro","sl","nb","kk","en-GB","hu","zh-HK","bn","ar","it","kn","ko","uk","pa","ru","vi","zh-Hans","zh-Hant","en-AU","ml","pt-PT","tr","fi","en-US","el","cs","sv","nl","he","en","es-US"]}
[20:32:50] 000081...: Batch Activate hoàn tất thành công.
[20:32:52] 000081...: time="2026-09-04T20:32:19+07:00" level=warning msg="go-ios agent is not running. You might need to start it with 'ios tunnel start' for ios17+. Use ENABLE_GO_IOS_AGENT=user for userspace tunnel or ENABLE_GO_IOS_AGENT=kernel for kernel tunnel for the experimental daemon mode."
time="2026-09-04T20:32:19+07:00" level=warning msg="failed to get tunnel info" udid=00008101-000D6D113A89001E
{"Language":"ja","Locale":"ja_JP","SupportedLocales":["sv_AX","en_CN","ro_RO","en_VG","es_VC","fr_MA","en_AL","es_TT","ar_SS","fr_VU","fr_CI","en_GS","en_BW","en_JM","es_BS","en_BD","en_MG","en_PT","en_HK","ar_LB","fr_GN","ru_UA","en_CO","en_KE","en_NR","fr_MU","en_FI","nl_BQ","en_WS","en_DG","ar_SA","en_RW","en_ZM","en_BE","en_ER","bn_BD","el_CY","pt_AO","en_MH","nl_NL","en_KY","es_CL","en_VI","en_FJ","es_VE","fr_MC","en_TZ","en_ID","es_TC","zh_TW","en_GU","es_GQ","ko_CN","mr_IN","en_GB","es_MX","en_ES","es_BB","es_PR","fr_GP","pt_GW","fi_FI","en_FK","en_NA","zh_CN","en_IE","en_LR","en_TH","ca_IT","ar_KM","en_BZ","en_JP","da_GL","de_CH","en_BG","en_US","ar_QA","en_PW","ar_TN","te_IN","fr_GQ","de_LI","cs_CZ","en_NU","zh_HK","hu_HU","es_VG","ta_IN","ar_EG","ro_MD","en_LS","fr_CM","ar_SD","en_GD","ar_IL","ar_LY","en_UA","fr_TD","pt_LU","es_PA","ta_SG","en_KI","es_CO","en_FM","fr_MF","tr_CY","ar_EH","en_LT","es_IC","en_DK","pt_ST","es_GT","fr_YT","en_GE","ms_BN","en_BI","he_IL","pt_TL","en_SS","es_KY","kk_KZ","en_CA","es_VI","zh-Hant_JP","fr_MG","ar_MR","en_AR","hr_HR","ar_SY","en_TK","fr_SN","en_GY","pt_CV","en_MM","es_ES","fr_DZ","ar_AE","zh-Hant_MY","en_PG","en_001","fr_RW","ca_ES","fr_GA","en_SA","fr_BE","hi_IN","en_AS","pt_MO","en_LV","ta_LK","en_DM","en_LC","en_GG","tr_TR","es_BZ","it_CH","zh-Hans_MO","es_US","it_VA","fr_TG","en_EE","en_150","es_EA","sv_FI","es_HN","en_CV","ms_SG","en_SB","fr_RE","en_CC","fr_BF","en_NF","en_PH","es_CR","en_AT","ar_MA","nl_BE","en_GH","es_GD","en_ZA","pt_FR","th_TH","en_MO","es_003","de_IT","es_PE","de_DE","en_SC","en_NZ","en_NG","en_AU","el_GR","en_GI","ar_001","en_BM","ar_IQ","en_MP","es_PY","fr_DJ","es_EC","vi_VN","en_US_POSIX","en_CX","en_KN","en_SD","en_FR","es_CA","kn_IN","en_IL","es_AR","en_TO","zh-Hans_HK","es_GY","bg_BG","fr_NC","ta_MY","en_BN","en_UG","en_HU","en_PK","uk_UA","en_SX","en_CY","en_SE","es_CU","sk_SK","fr_BI","fr_ML","de_BE","en_IM","fr_PF","es_DM","es_LC","en_ZW","fr_CA","pl_PL","zh-Hans_JP","pt_CH","ja_JP","en_JE","fr_LU","nl_SR","en_PL","zh_MO","en_CZ","fr_GF","es_PH","fr_BJ","en_IN","zh-Hans_MY","en_AE","fr_NE","en_RO","en_MS","es_419","it_IT","ar_TD","en_SZ","fr_WF","ru_MD","ml_IN","en_SG","es_CW","en_CH","es_SV","pt_BR","en_IO","bn_IN","ar_PS","en_TR","ar_KW","es_DO","en_GM","it_SM","ms_MY","es_UY","en_MT","es_BM","sl_SI","en_PN","es_HT","en_KR","en_SH","en_VU","es_KN","fr_BL","en_NL","ca_FR","en_AG","fr_KM","fr_SC","fr_CD","ko_KP","or_IN","nb_SJ","zh-Hant_CN","en_MU","en_BR","ru_RU","ar_DZ","fr_TN","en_SI","en_VC","es_NI","ar_ER","hr_BA","fr_HT","en_TT","ar_SO","ca_AD","fr_FR","da_DK","en_BS","es_BO","en_MV","nb_NO","nl_CW","de_LU","en_CK","ar_JO","pt_GQ","fr_MQ","zh_SG","ms_ID","en_AI","fr_CF","ko_KR","en_MW","en_UM","en_SK","en_CL","en_NO","fr_MR","en_TV","fr_SY","en_TC","fr_CG","nl_SX","es_BQ","en_MX","ru_BY","sv_SE","en_BB","en_PR","de_AT","ar_DJ","lt_LT","nl_AW","en_SL","ar_OM","en_CM","ru_KZ","ar_YE","ar_BH","ru_KG","en_IT","id_ID","fr_PM","en_TW","pt_MZ","es_AG","pt_PT","en_DE","fr_CH","en_GR","en_RU","gu_IN","en_MY","es_BR"],"SupportedLanguages":["ur","lt","ja","id","mr","ms","hi","es-419","es","pl","ca","ta","fr","en-IN","or","fr-CA","da","bg","te","kk-Cyrl","pt-BR","zh-Hant-HK","hr","gu","de","th","sk","ro","sl","nb","kk","en-GB","hu","zh-HK","bn","ar","it","kn","ko","uk","pa","ru","vi","zh-Hans","zh-Hant","en-AU","ml","pt-PT","tr","fi","en-US","el","cs","sv","nl","he","en","es-US"]}
[20:32:52] 000081...: Batch Activate hoàn tất thành công.
[20:32:58] 000081...: time="2026-09-04T20:32:19+07:00" level=warning msg="go-ios agent is not running. You might need to start it with 'ios tunnel start' for ios17+. Use ENABLE_GO_IOS_AGENT=user for userspace tunnel or ENABLE_GO_IOS_AGENT=kernel for kernel tunnel for the experimental daemon mode."
time="2026-09-04T20:32:19+07:00" level=warning msg="failed to get tunnel info" udid=00008101-00195C1036E8001E
{"Language":"ja","Locale":"ja_JP","SupportedLocales":["sv_AX","en_CN","ro_RO","en_VG","es_VC","fr_MA","en_AL","es_TT","ar_SS","fr_VU","fr_CI","en_GS","en_BW","en_JM","es_BS","en_BD","en_MG","en_PT","en_HK","ar_LB","fr_GN","ru_UA","en_CO","en_KE","en_NR","fr_MU","en_FI","nl_BQ","en_WS","en_DG","ar_SA","en_RW","en_ZM","en_BE","bn_BD","el_CY","en_MH","nl_NL","en_ER","pt_AO","en_KY","es_CL","en_VI","en_FJ","es_VE","fr_MC","en_TZ","en_ID","es_TC","zh_TW","en_GU","es_GQ","en_GB","ko_CN","mr_IN","es_MX","en_ES","es_BB","es_PR","fr_GP","pt_GW","fi_FI","en_FK","en_NA","zh_CN","en_IE","en_LR","en_TH","ca_IT","ar_KM","en_BZ","de_CH","en_JP","en_US","en_BG","te_IN","ar_QA","en_PW","da_GL","ar_TN","fr_GQ","de_LI","cs_CZ","hu_HU","zh_HK","en_NU","es_VG","ta_IN","ar_EG","ro_MD","en_LS","fr_CM","ar_SD","en_GD","ar_IL","ar_LY","en_UA","fr_TD","pt_LU","es_PA","ta_SG","en_KI","es_CO","en_FM","fr_MF","ar_EH","tr_CY","en_LT","es_IC","en_DK","pt_ST","es_GT","en_GE","fr_YT","ms_BN","en_BI","he_IL","pt_TL","en_SS","es_KY","kk_KZ","en_CA","es_VI","zh-Hant_JP","ar_MR","fr_MG","hr_HR","en_AR","en_TK","ar_SY","fr_SN","en_GY","pt_CV","en_MM","es_ES","ar_AE","fr_DZ","en_001","en_PG","ca_ES","zh-Hant_MY","fr_RW","fr_GA","en_SA","fr_BE","hi_IN","en_AS","pt_MO","en_LV","ta_LK","en_DM","en_LC","en_GG","es_BZ","tr_TR","it_CH","zh-Hans_MO","en_150","es_US","fr_TG","en_EE","it_VA","en_PH","sv_FI","es_EA","en_CV","ms_SG","es_CR","fr_RE","en_CC","fr_BF","en_NF","en_SB","es_HN","en_AT","ar_MA","nl_BE","en_GH","th_TH","en_ZA","es_GD","pt_FR","en_MO","es_003","de_IT","es_PE","de_DE","en_SC","en_NZ","en_NG","en_AU","el_GR","en_GI","ar_001","en_BM","ar_IQ","en_MP","es_PY","fr_DJ","es_EC","en_US_POSIX","vi_VN","en_CX","en_KN","en_SD","en_FR","es_CA","kn_IN","en_IL","es_AR","en_TO","zh-Hans_HK","es_GY","bg_BG","fr_NC","ta_MY","en_BN","en_UG","en_HU","uk_UA","en_SX","en_PK","en_CY","en_SE","es_CU","sk_SK","fr_BI","fr_ML","de_BE","en_IM","fr_PF","es_DM","es_LC","en_ZW","fr_CA","pl_PL","pt_CH","nl_SR","ja_JP","zh-Hans_JP","fr_LU","en_JE","en_PL","zh_MO","en_CZ","es_PH","fr_GF","fr_BJ","en_IN","zh-Hans_MY","en_AE","en_RO","fr_NE","en_MS","es_419","it_IT","ar_TD","en_SZ","fr_WF","ru_MD","es_SV","en_SG","es_CW","en_CH","ml_IN","pt_BR","en_IO","ar_PS","en_TR","bn_IN","ar_KW","es_DO","en_GM","it_SM","ms_MY","sl_SI","en_MT","es_UY","es_BM","en_PN","es_HT","en_KR","en_SH","es_KN","en_VU","fr_BL","en_NL","ca_FR","en_AG","fr_KM","fr_SC","fr_CD","ko_KP","or_IN","nb_SJ","zh-Hant_CN","en_MU","en_BR","fr_TN","ar_DZ","ru_RU","en_SI","hr_BA","en_VC","ar_ER","es_NI","fr_HT","en_TT","ar_SO","ca_AD","fr_FR","da_DK","en_BS","nl_CW","en_MV","nb_NO","es_BO","de_LU","en_CK","pt_GQ","ar_JO","fr_MQ","zh_SG","ms_ID","en_AI","fr_CF","ko_KR","en_MW","en_UM","en_SK","en_CL","en_NO","fr_MR","en_TV","fr_SY","en_TC","fr_CG","nl_SX","es_BQ","en_MX","ru_BY","en_BB","de_AT","en_PR","sv_SE","ar_DJ","lt_LT","ar_OM","en_SL","nl_AW","en_CM","ru_KZ","ar_YE","ar_BH","ru_KG","id_ID","pt_MZ","fr_PM","en_TW","en_IT","es_AG","pt_PT","en_DE","en_GR","gu_IN","en_RU","fr_CH","en_MY","es_BR"],"SupportedLanguages":["ur","lt","ja","id","mr","ms","hi","es-419","es","pl","ca","ta","fr","en-IN","or","fr-CA","da","bg","te","kk-Cyrl","pt-BR","zh-Hant-HK","hr","gu","de","th","sk","ro","sl","nb","kk","en-GB","hu","zh-HK","bn","ar","it","kn","ko","uk","pa","ru","vi","zh-Hans","zh-Hant","en-AU","ml","pt-PT","tr","fi","en-US","el","cs","sv","nl","he","en","es-US"]}
[20:32:58] 000081...: Batch Activate hoàn tất thành công.
[20:34:20] 000081...: time="2026-09-04T20:32:21+07:00" level=warning msg="go-ios agent is not running. You might need to start it with 'ios tunnel start' for ios17+. Use ENABLE_GO_IOS_AGENT=user for userspace tunnel or ENABLE_GO_IOS_AGENT=kernel for kernel tunnel for the experimental daemon mode."
time="2026-09-04T20:32:21+07:00" level=warning msg="failed to get tunnel info" udid=00008101-00152C1E21C2001E
Command timed out
[20:34:20] 000081...: Đặt ngôn ngữ sau Activate thất bại!
[20:34:22] 000081...: Đã ngắt kết nối.
[20:34:22] 000081...: Đã ngắt kết nối.
[20:34:23] 000081...: Đã ngắt kết nối.
[20:34:23] 000081...: time="2026-09-04T20:32:23+07:00" level=warning msg="go-ios agent is not running. You might need to start it with 'ios tunnel start' for ios17+. Use ENABLE_GO_IOS_AGENT=user for userspace tunnel or ENABLE_GO_IOS_AGENT=kernel for kernel tunnel for the experimental daemon mode."
time="2026-09-04T20:32:23+07:00" level=warning msg="failed to get tunnel info" udid=00008101-000D59493C50801E
Command timed out
[20:34:23] 000081...: Đặt ngôn ngữ sau Activate thất bại!
[20:34:23] 000081...: Đã ngắt kết nối.
[20:34:23] 000081...: Đã ngắt kết nối.
[20:34:23] 000081...: Đã ngắt kết nối.
[20:34:24] 000081...: Đã ngắt kết nối.
[20:34:24] 000081...: Đã ngắt kết nối.
[20:34:24] 000081...: Đã ngắt kết nối.
[20:34:25] 000081...: Đã ngắt kết nối.
[20:34:40] 000081...: Kết nối: iPhone • iOS 26.6.1
[20:34:41] 000081...: Kết nối: iPhone • iOS 26.6.1
[20:34:43] 000081...: Kết nối: iPhone • iOS 26.6.1
[20:34:44] 000081...: Kết nối: iPhone • iOS 26.6.1
[20:34:46] 000081...: Kết nối: iPhone • iOS 26.6.1
[20:34:48] 000081...: Kết nối: iPhone • iOS 26.6.1
[20:34:49] 000081...: Kết nối: iPhone • iOS 26.6.1
[20:34:50] 000081...: Kết nối: iPhone • iOS 26.6.1
[20:34:52] 000081...: Kết nối: iPhone • iOS 26.6.1
[20:34:53] 000081...: Kết nối: iPhone • iOS 26.6.1
[20:35:06] SYSTEM...: Restore chuyển kho: B ➜ A | 29 bản backup | 10 máy ghép nối
[20:35:08] 000081...: SUCCESS: Validated pairing with device 00008101-000508C23CE0001E
[20:35:08] 000081...: Đang tạo bản staging riêng; backup gốc chỉ được đọc...
[20:35:08] 000081...: SUCCESS: Validated pairing with device 00008101-000E10A41E78001E
[20:35:08] 000081...: Đang tạo bản staging riêng; backup gốc chỉ được đọc...
[20:35:08] 000081...: SUCCESS: Validated pairing with device 00008101-000124C011A3001E
[20:35:08] 000081...: Đang tạo bản staging riêng; backup gốc chỉ được đọc...
[20:35:09] 000081...: SUCCESS: Validated pairing with device 00008101-000E41E036E8001E
[20:35:09] 000081...: Đang tạo bản staging riêng; backup gốc chỉ được đọc...
[20:35:09] 000081...: SUCCESS: Validated pairing with device 00008101-000C55A12E91003A
[20:35:09] 000081...: Đang tạo bản staging riêng; backup gốc chỉ được đọc...
[20:35:09] 000081...: SUCCESS: Validated pairing with device 00008101-000D08DA1180001E
[20:35:09] 000081...: Đang tạo bản staging riêng; backup gốc chỉ được đọc...
[20:35:09] 000081...: SUCCESS: Validated pairing with device 00008101-000B05581468001E
[20:35:09] 000081...: Đang tạo bản staging riêng; backup gốc chỉ được đọc...
[20:35:09] 000081...: SUCCESS: Validated pairing with device 00008101-000101C61E44001E
[20:35:09] 000081...: Đang tạo bản staging riêng; backup gốc chỉ được đọc...
[20:35:09] 000081...: SUCCESS: Validated pairing with device 00008101-000C0D0C3C86001E
[20:35:09] 000081...: Đang tạo bản staging riêng; backup gốc chỉ được đọc...
[20:35:09] 000081...: SUCCESS: Validated pairing with device 00008101-00012CE20202001E
[20:35:09] 000081...: Đang tạo bản staging riêng; backup gốc chỉ được đọc...
[20:35:28] 000081...: [=                                                 ]   1% Finished
[20:35:28] 000081...: [=                                                 ]   1% Finished
[20:35:28] 000081...: [=                                                 ]   1% Finished
[20:35:28] 000081...: [=                                                 ]   1% Finished
[20:35:28] 000081...: [=                                                 ]   1% Finished
[20:35:28] 000081...: [=                                                 ]   1% Finished
[20:35:29] 000081...: [=                                                 ]   1% Finished
[20:35:29] 000081...: [===                                               ]   6% Finished
[20:35:29] 000081...: [=                                                 ]   1% Finished
[20:35:29] 000081...: [=                                                 ]   1% Finished
[20:35:29] 000081...: [=                                                 ]   1% Finished
[20:35:30] 000081...: [======                                            ]  11% Finished
[20:35:30] 000081...: [====                                              ]   6% Finished
[20:35:30] 000081...: [====                                              ]   7% Finished
[20:35:30] 000081...: [====                                              ]   7% Finished
[20:35:31] 000081...: [====                                              ]   7% Finished
[20:35:31] 000081...: [====                                              ]   6% Finished
[20:35:31] 000081...: [==                                                ]   3% Finished
[20:35:31] 000081...: [====                                              ]   6% Finished
[20:35:31] 000081...: [======                                            ]  11% Finished
[20:35:31] 000081...: [====                                              ]   6% Finished
[20:35:31] 000081...: [======                                            ]  11% Finished
[20:35:31] 000081...: [====                                              ]   6% Finished
[20:35:33] 000081...: [======                                            ]  11% Finished
[20:35:33] 000081...: [======                                            ]  11% Finished
[20:35:33] 000081...: [==========                                        ]  18% Finished
[20:35:33] 000081...: [======                                            ]  11% Finished
[20:35:34] 000081...: [==========                                        ]  19% Finished
[20:35:34] 000081...: [======                                            ]  11% Finished
[20:35:34] 000081...: [=========                                         ]  18% Finished
[20:35:34] 000081...: [========                                          ]  16% Finished
[20:35:36] 000081...: [=========                                         ]  18% Finished
[20:35:36] 000081...: [==========                                        ]  19% Finished
[20:35:36] 000081...: [=========                                         ]  17% Finished
[20:35:36] 000081...: [============                                      ]  23% Finished
[20:35:37] 000081...: [============                                      ]  23% Finished
[20:35:37] 000081...: [=========                                         ]  18% Finished
[20:35:37] 000081...: [============                                      ]  23% Finished
[20:35:37] 000081...: [=========                                         ]  18% Finished
[20:35:38] 000081...: [=========                                         ]  17% Finished
[20:35:38] 000081...: [============                                      ]  22% Finished
[20:35:39] 000081...: [====================                              ]  39% Finished
[20:35:40] 000081...: [============                                      ]  23% Finished
[20:35:40] 000081...: [===================                               ]  38% Finished
[20:35:41] 000081...: [===================                               ]  37% Finished
[20:35:42] 000081...: [=======================                           ]  44% Finished
[20:35:42] 000081...: [====================                              ]  39% Finished
[20:35:42] 000081...: [===================                               ]  38% Finished
[20:35:43] 000081...: [======================                            ]  43% Finished
[20:35:43] 000081...: [======================                            ]  42% Finished
[20:35:43] 000081...: [======================                            ]  44% Finished
[20:35:43] 000081...: [===================                               ]  37% Finished
[20:35:44] 000081...: [====================                              ]  38% Finished
[20:35:44] 000081...: [====================                              ]  38% Finished
[20:35:44] 000081...: [====================                              ]  39% Finished
[20:35:44] 000081...: [===================                               ]  37% Finished
[20:35:44] 000081...: [======================                            ]  44% Finished
[20:35:45] 000081...: [======================                            ]  42% Finished
[20:35:45] 000081...: [=======================                           ]  44% Finished
[20:35:45] 000081...: [======================                            ]  43% Finished
[20:35:45] 000081...: [=====================                             ]  42% Finished
[20:35:45] 000081...: [=======================                           ]  45% Finished
[20:35:46] 000081...: [=========================                         ]  49% Finished
[20:35:46] 000081...: [============================                      ]  54% Finished
[20:35:46] 000081...: [=========================                         ]  48% Finished
[20:35:46] 000081...: [==============================                    ]  59% Finished
[20:35:47] 000081...: [========================                          ]  47% Finished
[20:35:47] 000081...: [============================                      ]  55% Finished
[20:35:47] 000081...: [=========================                         ]  50% Finished
[20:35:48] 000081...: [===============================                   ]  60% Finished
[20:35:48] 000081...: [============================                      ]  55% Finished
[20:35:48] 000081...: [==========================                        ]  52% Finished
[20:35:48] 000081...: [================================                  ]  64% Finished
[20:35:48] 000081...: [========================================          ]  78% Finished
[20:35:48] 000081...: [==============================                    ]  60% Finished
[20:35:48] 000081...: [==========================                        ]  51% Finished
[20:35:49] 000081...: [=============================                     ]  57% Finished
[20:35:49] 000081...: [========================                          ]  47% Finished
[20:35:49] 000081...: [============================                      ]  56% Finished
[20:35:49] 000081...: [================================                  ]  62% Finished
[20:35:49] 000081...: [========================                          ]  48% Finished
[20:35:50] 000081...: [==========================                        ]  52% Finished
[20:35:50] 000081...: [===========================                       ]  53% Finished
[20:35:50] 000081...: [===========================                       ]  53% Finished
[20:35:50] 000081...: [===============================                   ]  61% Finished
[20:35:50] 000081...: [=========================                         ]  49% Finished
[20:35:50] 000081...: [===========================                       ]  52% Finished
[20:35:51] 000081...: [=============================                     ]  58% Finished
[20:35:51] 000081...: [=============================                     ]  57% Finished
[20:35:51] 000081...: [=============================                     ]  58% Finished
[20:35:51] 000081...: [============================                      ]  54% Finished
[20:35:51] 000081...: [========================================          ]  79% Finished
[20:35:51] 000081...: [===========================================       ]  84% Finished
[20:35:51] 000081...: [=============================                     ]  57% Finished
[20:35:51] 000081...: [================================                  ]  63% Finished
[20:35:52] 000081...: [================================                  ]  62% Finished
[20:35:52] 000081...: [==============================                    ]  59% Finished
[20:35:52] 000081...: [======================================            ]  75% Finished
[20:35:53] 000081...: [=======================================           ]  78% Finished
[20:35:53] 000081...: [===============================================   ]  93% Finished
[20:35:53] 000081...: [==================================================]  98% Finished
[20:35:54] 000081...: [========================================          ]  78% Finished
[20:35:54] 000081...: [==========================================        ]  84% Finished
[20:35:55] 000081...: [==========================================        ]  83% Finished
[20:35:56] 000081...: [================================================  ]  94% Finished
[20:35:56] 000081...: [======================================            ]  74% Finished
[20:35:56] 000081...: [======================================            ]  74% Finished
[20:35:57] 000081...: [========================================          ]  79% Finished
[20:35:57] 000081...: [================================                  ]  63% Finished
[20:35:57] 000081...: [========================================          ]  78% Finished
[20:35:57] 000081...: [=======================================           ]  78% Finished
[20:35:57] 000081...: [==========================================        ]  83% Finished
[20:35:57] 000081...: [===============================================   ]  93% Finished
[20:35:57] 000081...: [=========================================         ]  81% Finished
[20:35:57] 000081...: [============================================      ]  86% Finished
[20:35:58] 000081...: [===========================================       ]  85% Finished
[20:35:58] 000081...: [==========================================        ]  83% Finished
[20:35:58] 000081...: [================================================  ]  94% Finished
[20:35:59] 000081...: [========================================          ]  79% Finished
[20:35:59] 000081...: [===========================================       ]  85% Finished
[20:35:59] 000081...: [===============================================   ]  94% Finished
[20:35:59] 000081...: [==================================================]  99% Finished
[20:35:59] 000081...: [========================================          ]  79% Finished
[20:35:59] 000081...: [===========================================       ]  84% Finished
[20:36:00] 000081...: [===============================================   ]  94% Finished
[20:36:00] 000081...: [==========================================        ]  84% Finished
[20:36:00] 000081...: [===============================================   ]  93% Finished
[20:36:01] 000081...: [================================================  ]  94% Finished
[20:36:01] 000081...: [================================================= ]  98% Finished
[20:36:01] 000081...: [==================================================] 100% Finished
[20:36:01] 000081...: [===============================================   ]  94% Finished
[20:36:01] 000081...: [===============================================   ]  94% Finished
[20:36:02] 000081...: [==================================================]  99% Finished
[20:36:07] 000081...: [==================================================] 100% Finished
[20:36:07] 000081...: [==================================================] 100% Finished
[20:36:07] 000081...: Restore Successful.
[20:36:07] 000081...: Khôi phục dữ liệu Restore hoàn tất thành công.
[20:36:09] 000081...: Đã chuyển kho thành công: B ➔ Kho đối diện:
286_iPhone_trnbotrc6833
[20:36:09] 000081...: ✓ Đã chuyển iPhone thứ 21 qua Kho đối diện thành công!
[20:36:09] 000081...: ⚡ Auto Activate sau Restore: đang chờ thiết bị reboot...
[20:36:09] 000081...: ⏳ Restore hoàn tất. Bắt đầu đếm ngược (80s) cho iPhone khởi động hoàn toàn...
[20:36:10] 000081...: [==================================================]  99% Finished
[20:36:10] 000081...: [==================================================] 100% Finished
[20:36:10] 000081...: Restore Successful.
[20:36:10] 000081...: Khôi phục dữ liệu Restore hoàn tất thành công.
[20:36:12] 000081...: [==================================================] 100% Finished
[20:36:12] 000081...: [==================================================] 100% Finished
[20:36:12] 000081...: Restore Successful.
[20:36:12] 000081...: Khôi phục dữ liệu Restore hoàn tất thành công.
[20:36:12] 000081...: [==================================================]  99% Finished
[20:36:12] 000081...: [==================================================] 100% Finished
[20:36:12] 000081...: Restore Successful.
[20:36:12] 000081...: Khôi phục dữ liệu Restore hoàn tất thành công.
[20:36:12] 000081...: [==================================================] 100% Finished
[20:36:12] 000081...: Restore Successful.
[20:36:12] 000081...: Khôi phục dữ liệu Restore hoàn tất thành công.
[20:36:13] 000081...: Đã chuyển kho thành công: B ➔ Kho đối diện:
281_iPhone_vntuyttrang822
[20:36:13] 000081...: ✓ Đã chuyển iPhone thứ 22 qua Kho đối diện thành công!
[20:36:13] 000081...: ⚡ Auto Activate sau Restore: đang chờ thiết bị reboot...
[20:36:13] 000081...: ⏳ Restore hoàn tất. Bắt đầu đếm ngược (80s) cho iPhone khởi động hoàn toàn...
[20:36:14] 000081...: [==================================================] 100% Finished
[20:36:14] 000081...: Restore Successful.
[20:36:14] 000081...: Khôi phục dữ liệu Restore hoàn tất thành công.
[20:36:14] 000081...: [==================================================] 100% Finished
[20:36:14] 000081...: [==================================================] 100% Finished
[20:36:14] 000081...: Restore Successful.
[20:36:14] 000081...: Khôi phục dữ liệu Restore hoàn tất thành công.
[20:36:15] 000081...: [==================================================]  99% Finished
[20:36:15] 000081...: [==================================================] 100% Finished
[20:36:15] 000081...: Restore Successful.
[20:36:15] 000081...: Khôi phục dữ liệu Restore hoàn tất thành công.
[20:36:15] 000081...: [==================================================]  99% Finished
[20:36:15] 000081...: [==================================================] 100% Finished
[20:36:15] 000081...: Restore Successful.
[20:36:15] 000081...: Khôi phục dữ liệu Restore hoàn tất thành công.
[20:36:15] 000081...: [==================================================] 100% Finished
[20:36:15] 000081...: Restore Successful.
[20:36:15] 000081...: Khôi phục dữ liệu Restore hoàn tất thành công.
[20:36:17] 000081...: Đã ngắt kết nối.
[20:36:17] 000081...: Đã chuyển kho thành công: B ➔ Kho đối diện:
291_iPhone_ngcmquyn081
[20:36:17] 000081...: ✓ Đã chuyển iPhone thứ 23 qua Kho đối diện thành công!
[20:36:17] 000081...: ⚡ Auto Activate sau Restore: đang chờ thiết bị reboot...
[20:36:17] 000081...: ⏳ Restore hoàn tất. Bắt đầu đếm ngược (80s) cho iPhone khởi động hoàn toàn...
[20:36:17] 000081...: Đã chuyển kho thành công: B ➔ Kho đối diện:
287_iPhone_nguynlananh741
[20:36:17] 000081...: ✓ Đã chuyển iPhone thứ 24 qua Kho đối diện thành công!
[20:36:17] 000081...: ⚡ Auto Activate sau Restore: đang chờ thiết bị reboot...
[20:36:17] 000081...: ⏳ Restore hoàn tất. Bắt đầu đếm ngược (80s) cho iPhone khởi động hoàn toàn...
[20:36:18] 000081...: Đã chuyển kho thành công: B ➔ Kho đối diện:
289_iPhone_dngthihng4616
[20:36:18] 000081...: ✓ Đã chuyển iPhone thứ 25 qua Kho đối diện thành công!
[20:36:18] 000081...: ⚡ Auto Activate sau Restore: đang chờ thiết bị reboot...
[20:36:18] 000081...: ⏳ Restore hoàn tất. Bắt đầu đếm ngược (80s) cho iPhone khởi động hoàn toàn...
[20:36:20] 000081...: Đã ngắt kết nối.
[20:36:21] 000081...: Đã ngắt kết nối.
[20:36:22] 000081...: Đã ngắt kết nối.
[20:36:22] 000081...: Đã chuyển kho thành công: B ➔ Kho đối diện:
285_iPhone_dngthyoanh449
[20:36:22] 000081...: ✓ Đã chuyển iPhone thứ 26 qua Kho đối diện thành công!
[20:36:22] 000081...: ⚡ Auto Activate sau Restore: đang chờ thiết bị reboot...
[20:36:22] 000081...: ⏳ Restore hoàn tất. Bắt đầu đếm ngược (80s) cho iPhone khởi động hoàn toàn...
[20:36:22] 000081...: Đã chuyển kho thành công: B ➔ Kho đối diện:
284_iPhone_vnhlungc64
[20:36:22] 000081...: ✓ Đã chuyển iPhone thứ 27 qua Kho đối diện thành công!
[20:36:22] 000081...: ⚡ Auto Activate sau Restore: đang chờ thiết bị reboot...
[20:36:22] 000081...: ⏳ Restore hoàn tất. Bắt đầu đếm ngược (80s) cho iPhone khởi động hoàn toàn...
[20:36:22] 000081...: Đã chuyển kho thành công: B ➔ Kho đối diện:
288_iPhone_hunhhuyntrm5
[20:36:22] 000081...: ✓ Đã chuyển iPhone thứ 27 qua Kho đối diện thành công!
[20:36:22] 000081...: ⚡ Auto Activate sau Restore: đang chờ thiết bị reboot...
[20:36:22] 000081...: ⏳ Restore hoàn tất. Bắt đầu đếm ngược (80s) cho iPhone khởi động hoàn toàn...
[20:36:22] 000081...: Đã chuyển kho thành công: B ➔ Kho đối diện:
283_iPhone_nguyni9990
[20:36:22] 000081...: ✓ Đã chuyển iPhone thứ 27 qua Kho đối diện thành công!
[20:36:22] 000081...: ⚡ Auto Activate sau Restore: đang chờ thiết bị reboot...
[20:36:22] 000081...: ⏳ Restore hoàn tất. Bắt đầu đếm ngược (80s) cho iPhone khởi động hoàn toàn...
[20:36:22] 000081...: Đã chuyển kho thành công: B ➔ Kho đối diện:
290_iPhone_nngcanh427
[20:36:22] 000081...: ✓ Đã chuyển iPhone thứ 27 qua Kho đối diện thành công!
[20:36:22] 000081...: ⚡ Auto Activate sau Restore: đang chờ thiết bị reboot...
[20:36:22] 000081...: ⏳ Restore hoàn tất. Bắt đầu đếm ngược (80s) cho iPhone khởi động hoàn toàn...
[20:36:23] 000081...: Đã ngắt kết nối.
[20:36:24] 000081...: Đã ngắt kết nối.
[20:36:24] 000081...: Đã ngắt kết nối.
[20:36:24] 000081...: Đã ngắt kết nối.
[20:36:25] 000081...: Đã ngắt kết nối.
[20:36:29] 000081...: ⏳ Đang chờ iPhone khởi động lại: còn 60s...
[20:36:33] 000081...: Đã ngắt kết nối.
[20:36:33] 000081...: ⏳ Đang chờ iPhone khởi động lại: còn 60s...
[20:36:37] 000081...: ⏳ Đang chờ iPhone khởi động lại: còn 60s...
[20:36:37] 000081...: ⏳ Đang chờ iPhone khởi động lại: còn 60s...
[20:36:38] 000081...: ⏳ Đang chờ iPhone khởi động lại: còn 60s...
[20:36:38] 000081...: Kết nối: iPhone (Not Trust) • iOS ?
[20:36:39] 000081...: Đã xác nhận Trust: iPhone • iOS 26.6.1
[20:36:42] 000081...: ⏳ Đang chờ iPhone khởi động lại: còn 60s...
[20:36:42] 000081...: ⏳ Đang chờ iPhone khởi động lại: còn 60s...
[20:36:42] 000081...: Kết nối: iPhone • iOS 26.6.1
[20:36:42] 000081...: ⏳ Đang chờ iPhone khởi động lại: còn 60s...
[20:36:42] 000081...: ⏳ Đang chờ iPhone khởi động lại: còn 60s...
[20:36:42] 000081...: ⏳ Đang chờ iPhone khởi động lại: còn 60s...
[20:36:43] 000081...: Kết nối: iPhone • iOS 26.6.1
[20:36:44] 000081...: Kết nối: iPhone • iOS 26.6.1
[20:36:44] 000081...: Kết nối: iPhone • iOS 26.6.1
[20:36:49] 000081...: ⏳ Đang chờ iPhone khởi động lại: còn 40s...
[20:36:49] 000081...: Kết nối: iPhone • iOS 26.6.1
[20:36:53] 000081...: ⏳ Đang chờ iPhone khởi động lại: còn 40s...
[20:36:55] 000081...: Kết nối: iPhone • iOS 26.6.1
[20:36:55] 000081...: Kết nối: iPhone • iOS 26.6.1
[20:36:55] 000081...: Kết nối: iPhone • iOS 26.6.1
[20:36:57] 000081...: ⏳ Đang chờ iPhone khởi động lại: còn 40s...
[20:36:57] 000081...: ⏳ Đang chờ iPhone khởi động lại: còn 40s...
[20:36:58] 000081...: ⏳ Đang chờ iPhone khởi động lại: còn 40s...
[20:36:59] 000081...: Kết nối: iPhone • iOS 26.6.1
[20:37:02] 000081...: ⏳ Đang chờ iPhone khởi động lại: còn 40s...
[20:37:02] 000081...: ⏳ Đang chờ iPhone khởi động lại: còn 40s...
[20:37:02] 000081...: ⏳ Đang chờ iPhone khởi động lại: còn 40s...
[20:37:02] 000081...: ⏳ Đang chờ iPhone khởi động lại: còn 40s...
[20:37:02] 000081...: ⏳ Đang chờ iPhone khởi động lại: còn 40s...
[20:37:09] 000081...: ⏳ Đang chờ iPhone khởi động lại: còn 20s...
[20:37:13] 000081...: ⏳ Đang chờ iPhone khởi động lại: còn 20s...
[20:37:17] 000081...: ⏳ Đang chờ iPhone khởi động lại: còn 20s...
[20:37:17] 000081...: ⏳ Đang chờ iPhone khởi động lại: còn 20s...
[20:37:18] 000081...: ⏳ Đang chờ iPhone khởi động lại: còn 20s...
[20:37:22] 000081...: ⏳ Đang chờ iPhone khởi động lại: còn 20s...
[20:37:22] 000081...: ⏳ Đang chờ iPhone khởi động lại: còn 20s...
[20:37:22] 000081...: ⏳ Đang chờ iPhone khởi động lại: còn 20s...
[20:37:22] 000081...: ⏳ Đang chờ iPhone khởi động lại: còn 20s...
[20:37:22] 000081...: ⏳ Đang chờ iPhone khởi động lại: còn 20s...
[20:37:29] 000081...: ⌛ Đã hết 80 giây chờ! Đang kiểm tra kết nối thiết bị...
[20:37:32] 000081...: ✅ iPhone đã khởi động xong & kết nối ổn định ➔ Bắt đầu Batch Activate...
[20:37:32] 000081...: RUN: C:\TIKTOOL PRO V4\ideviceactivation.exe activate -u 00008101-000C55A12E91003A -b
[20:37:33] 000081...: ⌛ Đã hết 80 giây chờ! Đang kiểm tra kết nối thiết bị...
[20:37:36] 000081...: ✅ iPhone đã khởi động xong & kết nối ổn định ➔ Bắt đầu Batch Activate...
[20:37:36] 000081...: RUN: C:\TIKTOOL PRO V4\ideviceactivation.exe activate -u 00008101-000508C23CE0001E -b
[20:37:37] 000081...: ⌛ Đã hết 80 giây chờ! Đang kiểm tra kết nối thiết bị...
[20:37:37] 000081...: ⌛ Đã hết 80 giây chờ! Đang kiểm tra kết nối thiết bị...
[20:37:37] 000081...: NOTE: This device appears to be already activated. The server might report an error 'Device Unknown' instead of acknowledging the activation.
Activation server reports that device is already activated.
[20:37:37] 000081...: RUN: C:\TIKTOOL PRO V4\ios.exe prepare --skip-all --udid=00008101-000C55A12E91003A --nojson
[20:37:38] 000081...: ⌛ Đã hết 80 giây chờ! Đang kiểm tra kết nối thiết bị...
[20:37:40] 000081...: ✅ iPhone đã khởi động xong & kết nối ổn định ➔ Bắt đầu Batch Activate...
[20:37:40] 000081...: RUN: C:\TIKTOOL PRO V4\ideviceactivation.exe activate -u 00008101-00012CE20202001E -b
[20:37:40] 000081...: ✅ iPhone đã khởi động xong & kết nối ổn định ➔ Bắt đầu Batch Activate...
[20:37:40] 000081...: RUN: C:\TIKTOOL PRO V4\ideviceactivation.exe activate -u 00008101-000D08DA1180001E -b
[20:37:41] 000081...: ✅ iPhone đã khởi động xong & kết nối ổn định ➔ Bắt đầu Batch Activate...
[20:37:41] 000081...: RUN: C:\TIKTOOL PRO V4\ideviceactivation.exe activate -u 00008101-000C0D0C3C86001E -b
[20:37:41] 000081...: NOTE: This device appears to be already activated. The server might report an error 'Device Unknown' instead of acknowledging the activation.
Activation server reports that device is already activated.
[20:37:41] 000081...: RUN: C:\TIKTOOL PRO V4\ios.exe prepare --skip-all --udid=00008101-000508C23CE0001E --nojson
[20:37:42] 000081...: ⌛ Đã hết 80 giây chờ! Đang kiểm tra kết nối thiết bị...
[20:37:42] 000081...: ⌛ Đã hết 80 giây chờ! Đang kiểm tra kết nối thiết bị...
[20:37:42] 000081...: ⌛ Đã hết 80 giây chờ! Đang kiểm tra kết nối thiết bị...
[20:37:42] 000081...: ⌛ Đã hết 80 giây chờ! Đang kiểm tra kết nối thiết bị...
[20:37:42] 000081...: ⌛ Đã hết 80 giây chờ! Đang kiểm tra kết nối thiết bị...
[20:37:45] 000081...: ✅ iPhone đã khởi động xong & kết nối ổn định ➔ Bắt đầu Batch Activate...
[20:37:45] 000081...: RUN: C:\TIKTOOL PRO V4\ideviceactivation.exe activate -u 00008101-000E41E036E8001E -b
[20:37:45] 000081...: ✅ iPhone đã khởi động xong & kết nối ổn định ➔ Bắt đầu Batch Activate...
[20:37:45] 000081...: RUN: C:\TIKTOOL PRO V4\ideviceactivation.exe activate -u 00008101-000124C011A3001E -b
[20:37:45] 000081...: NOTE: This device appears to be already activated. The server might report an error 'Device Unknown' instead of acknowledging the activation.
Activation server reports that device is already activated.
[20:37:45] 000081...: RUN: C:\TIKTOOL PRO V4\ios.exe prepare --skip-all --udid=00008101-000D08DA1180001E --nojson
[20:37:45] 000081...: ✅ iPhone đã khởi động xong & kết nối ổn định ➔ Bắt đầu Batch Activate...
[20:37:45] 000081...: RUN: C:\TIKTOOL PRO V4\ideviceactivation.exe activate -u 00008101-000B05581468001E -b
[20:37:45] 000081...: ✅ iPhone đã khởi động xong & kết nối ổn định ➔ Bắt đầu Batch Activate...
[20:37:45] 000081...: RUN: C:\TIKTOOL PRO V4\ideviceactivation.exe activate -u 00008101-000E10A41E78001E -b
[20:37:45] 000081...: ✅ iPhone đã khởi động xong & kết nối ổn định ➔ Bắt đầu Batch Activate...
[20:37:45] 000081...: RUN: C:\TIKTOOL PRO V4\ideviceactivation.exe activate -u 00008101-000101C61E44001E -b
[20:37:45] 000081...: NOTE: This device appears to be already activated. The server might report an error 'Device Unknown' instead of acknowledging the activation.
Activation server reports that device is already activated.
[20:37:45] 000081...: RUN: C:\TIKTOOL PRO V4\ios.exe prepare --skip-all --udid=00008101-00012CE20202001E --nojson
[20:37:46] 000081...: NOTE: This device appears to be already activated. The server might report an error 'Device Unknown' instead of acknowledging the activation.
Activation server reports that device is already activated.
[20:37:46] 000081...: RUN: C:\TIKTOOL PRO V4\ios.exe prepare --skip-all --udid=00008101-000C0D0C3C86001E --nojson
[20:37:50] 000081...: NOTE: This device appears to be already activated. The server might report an error 'Device Unknown' instead of acknowledging the activation.
Activation server reports that device is already activated.
[20:37:50] 000081...: RUN: C:\TIKTOOL PRO V4\ios.exe prepare --skip-all --udid=00008101-000E41E036E8001E --nojson
[20:37:50] 000081...: NOTE: This device appears to be already activated. The server might report an error 'Device Unknown' instead of acknowledging the activation.
Activation server reports that device is already activated.
[20:37:50] 000081...: RUN: C:\TIKTOOL PRO V4\ios.exe prepare --skip-all --udid=00008101-000124C011A3001E --nojson
[20:37:51] 000081...: NOTE: This device appears to be already activated. The server might report an error 'Device Unknown' instead of acknowledging the activation.
Activation server reports that device is already activated.
[20:37:51] 000081...: RUN: C:\TIKTOOL PRO V4\ios.exe prepare --skip-all --udid=00008101-000B05581468001E --nojson
[20:37:51] 000081...: NOTE: This device appears to be already activated. The server might report an error 'Device Unknown' instead of acknowledging the activation.
Activation server reports that device is already activated.
[20:37:51] 000081...: RUN: C:\TIKTOOL PRO V4\ios.exe prepare --skip-all --udid=00008101-000E10A41E78001E --nojson
[20:37:51] 000081...: NOTE: This device appears to be already activated. The server might report an error 'Device Unknown' instead of acknowledging the activation.
Activation server reports that device is already activated.
[20:37:51] 000081...: RUN: C:\TIKTOOL PRO V4\ios.exe prepare --skip-all --udid=00008101-000101C61E44001E --nojson
[20:37:58] 000081...: time="2026-09-04T20:37:46+07:00" level=warning msg="go-ios agent is not running. You might need to start it with 'ios tunnel start' for ios17+. Use ENABLE_GO_IOS_AGENT=user for userspace tunnel or ENABLE_GO_IOS_AGENT=kernel for kernel tunnel for the experimental daemon mode."
time="2026-09-04T20:37:46+07:00" level=warning msg="failed to get tunnel info" udid=00008101-000C0D0C3C86001E
time="2026-09-04T20:37:46+07:00" level=info msg="device is activated:true"
time="2026-09-04T20:37:46+07:00" level=info msg="send flush request"
time="2026-09-04T20:37:55+07:00" level=info msg="get cloud config"
"ok"
[20:37:58] 000081...: RUN: C:\TIKTOOL PRO V4\ios.exe lang --setlocale=ja_JP --setlang=ja --udid=00008101-000C0D0C3C86001E --nojson
[20:37:58] 000081...: time="2026-09-04T20:37:41+07:00" level=warning msg="go-ios agent is not running. You might need to start it with 'ios tunnel start' for ios17+. Use ENABLE_GO_IOS_AGENT=user for userspace tunnel or ENABLE_GO_IOS_AGENT=kernel for kernel tunnel for the experimental daemon mode."
time="2026-09-04T20:37:41+07:00" level=warning msg="failed to get tunnel info" udid=00008101-000508C23CE0001E
time="2026-09-04T20:37:41+07:00" level=info msg="device is activated:true"
time="2026-09-04T20:37:41+07:00" level=info msg="send flush request"
time="2026-09-04T20:37:53+07:00" level=info msg="get cloud config"
"ok"
[20:37:58] 000081...: RUN: C:\TIKTOOL PRO V4\ios.exe lang --setlocale=ja_JP --setlang=ja --udid=00008101-000508C23CE0001E --nojson
[20:38:01] 000081...: time="2026-09-04T20:37:46+07:00" level=warning msg="go-ios agent is not running. You might need to start it with 'ios tunnel start' for ios17+. Use ENABLE_GO_IOS_AGENT=user for userspace tunnel or ENABLE_GO_IOS_AGENT=kernel for kernel tunnel for the experimental daemon mode."
time="2026-09-04T20:37:46+07:00" level=warning msg="failed to get tunnel info" udid=00008101-00012CE20202001E
time="2026-09-04T20:37:46+07:00" level=info msg="device is activated:true"
time="2026-09-04T20:37:46+07:00" level=info msg="send flush request"
time="2026-09-04T20:37:55+07:00" level=info msg="get cloud config"
"ok"
[20:38:01] 000081...: RUN: C:\TIKTOOL PRO V4\ios.exe lang --setlocale=ja_JP --setlang=ja --udid=00008101-00012CE20202001E --nojson
[20:38:02] 000081...: time="2026-09-04T20:37:38+07:00" level=warning msg="go-ios agent is not running. You might need to start it with 'ios tunnel start' for ios17+. Use ENABLE_GO_IOS_AGENT=user for userspace tunnel or ENABLE_GO_IOS_AGENT=kernel for kernel tunnel for the experimental daemon mode."
time="2026-09-04T20:37:38+07:00" level=warning msg="failed to get tunnel info" udid=00008101-000C55A12E91003A
time="2026-09-04T20:37:38+07:00" level=info msg="device is activated:true"
time="2026-09-04T20:37:38+07:00" level=info msg="send flush request"
time="2026-09-04T20:37:52+07:00" level=info msg="get cloud config"
"ok"
[20:38:02] 000081...: RUN: C:\TIKTOOL PRO V4\ios.exe lang --setlocale=ja_JP --setlang=ja --udid=00008101-000C55A12E91003A --nojson
[20:38:04] 000081...: time="2026-09-04T20:37:51+07:00" level=warning msg="go-ios agent is not running. You might need to start it with 'ios tunnel start' for ios17+. Use ENABLE_GO_IOS_AGENT=user for userspace tunnel or ENABLE_GO_IOS_AGENT=kernel for kernel tunnel for the experimental daemon mode."
time="2026-09-04T20:37:51+07:00" level=warning msg="failed to get tunnel info" udid=00008101-000E10A41E78001E
time="2026-09-04T20:37:51+07:00" level=info msg="device is activated:true"
time="2026-09-04T20:37:51+07:00" level=info msg="send flush request"
time="2026-09-04T20:38:00+07:00" level=info msg="get cloud config"
"ok"
[20:38:04] 000081...: RUN: C:\TIKTOOL PRO V4\ios.exe lang --setlocale=ja_JP --setlang=ja --udid=00008101-000E10A41E78001E --nojson
[20:38:08] 000081...: time="2026-09-04T20:37:59+07:00" level=warning msg="go-ios agent is not running. You might need to start it with 'ios tunnel start' for ios17+. Use ENABLE_GO_IOS_AGENT=user for userspace tunnel or ENABLE_GO_IOS_AGENT=kernel for kernel tunnel for the experimental daemon mode."
time="2026-09-04T20:37:59+07:00" level=warning msg="failed to get tunnel info" udid=00008101-000508C23CE0001E
{"Language":"ja","Locale":"ja_JP","SupportedLocales":["sv_AX","en_CN","ro_RO","en_VG","es_VC","fr_MA","en_AL","es_TT","ar_SS","fr_VU","fr_CI","en_GS","en_BW","en_JM","es_BS","en_BD","en_MG","en_PT","en_HK","fr_GN","ru_UA","ar_LB","en_CO","en_KE","en_NR","fr_MU","en_FI","nl_BQ","en_WS","en_DG","ar_SA","en_RW","en_ZM","en_BE","en_ER","el_CY","bn_BD","nl_NL","pt_AO","en_MH","en_KY","es_CL","en_VI","en_FJ","es_VE","fr_MC","en_TZ","en_ID","es_TC","en_GU","zh_TW","es_GQ","en_GB","mr_IN","ko_CN","es_MX","en_ES","es_BB","es_PR","fr_GP","pt_GW","fi_FI","en_FK","en_NA","zh_CN","en_IE","en_LR","en_TH","ca_IT","ar_KM","en_BZ","de_CH","da_GL","en_US","en_BG","te_IN","en_JP","ar_TN","en_PW","ar_QA","fr_GQ","de_LI","cs_CZ","hu_HU","zh_HK","en_NU","es_VG","ta_IN","ar_EG","ro_MD","en_LS","fr_CM","ar_SD","en_GD","ar_IL","ar_LY","en_UA","fr_TD","pt_LU","es_PA","ta_SG","en_KI","es_CO","en_FM","fr_MF","tr_CY","ar_EH","en_LT","es_IC","en_DK","pt_ST","es_GT","fr_YT","en_GE","ms_BN","en_BI","he_IL","pt_TL","en_SS","es_KY","kk_KZ","en_CA","es_VI","ar_MR","fr_MG","zh-Hant_JP","hr_HR","en_AR","en_TK","fr_SN","ar_SY","en_GY","pt_CV","fr_DZ","es_ES","en_MM","ar_AE","en_001","zh-Hant_MY","en_PG","fr_RW","ca_ES","fr_GA","en_SA","fr_BE","hi_IN","en_AS","pt_MO","en_LV","ta_LK","en_DM","en_LC","en_GG","es_BZ","tr_TR","it_CH","es_US","en_150","it_VA","fr_TG","en_EE","zh-Hans_MO","en_PH","es_EA","sv_FI","en_CV","ms_SG","en_SB","fr_RE","en_CC","fr_BF","en_NF","es_HN","es_CR","en_AT","ar_MA","nl_BE","en_GH","es_GD","th_TH","pt_FR","en_ZA","en_MO","es_003","de_IT","es_PE","de_DE","en_SC","en_NZ","en_NG","en_AU","el_GR","en_GI","ar_001","en_BM","ar_IQ","en_MP","es_PY","fr_DJ","es_EC","vi_VN","en_US_POSIX","en_CX","en_KN","en_SD","en_FR","es_CA","kn_IN","en_IL","es_AR","en_TO","zh-Hans_HK","es_GY","bg_BG","fr_NC","ta_MY","en_BN","en_UG","en_HU","en_PK","uk_UA","en_SX","en_CY","en_SE","es_CU","sk_SK","fr_BI","fr_ML","en_IM","de_BE","fr_PF","es_DM","es_LC","en_ZW","fr_CA","pl_PL","zh-Hans_JP","nl_SR","ja_JP","en_JE","fr_LU","pt_CH","en_PL","es_PH","en_CZ","fr_GF","zh_MO","fr_BJ","en_IN","zh-Hans_MY","en_AE","en_RO","fr_NE","en_MS","es_419","it_IT","ar_TD","en_SZ","fr_WF","ru_MD","ml_IN","en_SG","es_SV","en_CH","es_CW","pt_BR","en_IO","bn_IN","en_TR","ar_PS","ar_KW","es_DO","en_GM","it_SM","ms_MY","es_UY","en_MT","es_BM","sl_SI","en_PN","es_HT","en_KR","en_SH","es_KN","en_VU","fr_BL","en_NL","ca_FR","en_AG","fr_KM","fr_SC","fr_CD","ko_KP","or_IN","nb_SJ","zh-Hant_CN","en_MU","ru_RU","fr_TN","ar_DZ","en_BR","en_SI","hr_BA","es_NI","ar_ER","en_VC","fr_HT","en_TT","ar_SO","ca_AD","fr_FR","da_DK","en_BS","nl_CW","en_MV","nb_NO","es_BO","de_LU","en_CK","ar_JO","pt_GQ","fr_MQ","zh_SG","ms_ID","en_AI","fr_CF","ko_KR","en_MW","en_UM","en_SK","en_CL","en_NO","fr_MR","en_TV","fr_SY","en_TC","fr_CG","nl_SX","es_BQ","ar_YE","en_BB","sv_SE","de_AT","en_PR","en_MX","ar_DJ","lt_LT","nl_AW","ar_OM","en_SL","en_CM","ru_KZ","ru_BY","ar_BH","ru_KG","en_IT","id_ID","pt_MZ","en_TW","fr_PM","es_AG","pt_PT","en_DE","en_GR","gu_IN","fr_CH","en_RU","en_MY","es_BR"],"SupportedLanguages":["ur","lt","ja","id","mr","ms","hi","es-419","es","pl","ca","ta","fr","en-IN","or","fr-CA","da","bg","te","kk-Cyrl","pt-BR","zh-Hant-HK","hr","gu","de","th","sk","ro","sl","nb","kk","en-GB","hu","zh-HK","bn","ar","it","kn","ko","uk","pa","ru","vi","zh-Hans","zh-Hant","en-AU","ml","pt-PT","tr","fi","en-US","el","cs","sv","nl","he","en","es-US"]}
[20:38:08] 000081...: Batch Activate hoàn tất thành công.
[20:38:09] 000081...: time="2026-09-04T20:37:51+07:00" level=warning msg="go-ios agent is not running. You might need to start it with 'ios tunnel start' for ios17+. Use ENABLE_GO_IOS_AGENT=user for userspace tunnel or ENABLE_GO_IOS_AGENT=kernel for kernel tunnel for the experimental daemon mode."
time="2026-09-04T20:37:51+07:00" level=warning msg="failed to get tunnel info" udid=00008101-000B05581468001E
time="2026-09-04T20:37:51+07:00" level=info msg="device is activated:true"
time="2026-09-04T20:37:51+07:00" level=info msg="send flush request"
time="2026-09-04T20:38:00+07:00" level=info msg="get cloud config"
"ok"
[20:38:09] 000081...: RUN: C:\TIKTOOL PRO V4\ios.exe lang --setlocale=ja_JP --setlang=ja --udid=00008101-000B05581468001E --nojson
[20:38:10] 000081...: time="2026-09-04T20:37:51+07:00" level=warning msg="go-ios agent is not running. You might need to start it with 'ios tunnel start' for ios17+. Use ENABLE_GO_IOS_AGENT=user for userspace tunnel or ENABLE_GO_IOS_AGENT=kernel for kernel tunnel for the experimental daemon mode."
time="2026-09-04T20:37:51+07:00" level=warning msg="failed to get tunnel info" udid=00008101-000101C61E44001E
time="2026-09-04T20:37:51+07:00" level=info msg="device is activated:true"
time="2026-09-04T20:37:51+07:00" level=info msg="send flush request"
time="2026-09-04T20:38:07+07:00" level=info msg="get cloud config"
"ok"
[20:38:10] 000081...: RUN: C:\TIKTOOL PRO V4\ios.exe lang --setlocale=ja_JP --setlang=ja --udid=00008101-000101C61E44001E --nojson
[20:38:11] 000081...: time="2026-09-04T20:37:50+07:00" level=warning msg="go-ios agent is not running. You might need to start it with 'ios tunnel start' for ios17+. Use ENABLE_GO_IOS_AGENT=user for userspace tunnel or ENABLE_GO_IOS_AGENT=kernel for kernel tunnel for the experimental daemon mode."
time="2026-09-04T20:37:50+07:00" level=warning msg="failed to get tunnel info" udid=00008101-000E41E036E8001E
time="2026-09-04T20:37:50+07:00" level=info msg="device is activated:true"
time="2026-09-04T20:37:50+07:00" level=info msg="send flush request"
time="2026-09-04T20:38:00+07:00" level=info msg="get cloud config"
"ok"
[20:38:11] 000081...: RUN: C:\TIKTOOL PRO V4\ios.exe lang --setlocale=ja_JP --setlang=ja --udid=00008101-000E41E036E8001E --nojson
[20:38:13] 000081...: time="2026-09-04T20:37:58+07:00" level=warning msg="go-ios agent is not running. You might need to start it with 'ios tunnel start' for ios17+. Use ENABLE_GO_IOS_AGENT=user for userspace tunnel or ENABLE_GO_IOS_AGENT=kernel for kernel tunnel for the experimental daemon mode."
time="2026-09-04T20:37:58+07:00" level=warning msg="failed to get tunnel info" udid=00008101-000C0D0C3C86001E
{"Language":"ja","Locale":"ja_JP","SupportedLocales":["sv_AX","en_CN","ro_RO","en_VG","es_VC","fr_MA","en_AL","es_TT","ar_SS","fr_VU","fr_CI","en_GS","en_BW","en_JM","es_BS","en_BD","en_MG","en_PT","en_HK","ar_LB","fr_GN","ru_UA","en_CO","en_KE","en_NR","fr_MU","en_FI","nl_BQ","en_WS","en_DG","ar_SA","en_RW","en_ZM","en_BE","en_ER","bn_BD","en_MH","nl_NL","pt_AO","el_CY","en_KY","es_CL","en_VI","en_FJ","es_VE","fr_MC","en_TZ","en_ID","es_TC","zh_TW","en_GU","es_GQ","en_GB","ko_CN","mr_IN","es_MX","en_ES","es_BB","es_PR","fr_GP","pt_GW","fi_FI","en_FK","en_NA","zh_CN","en_IE","ca_IT","en_TH","en_LR","ar_KM","en_BZ","en_JP","da_GL","te_IN","en_US","de_CH","ar_QA","en_PW","ar_TN","en_BG","fr_GQ","de_LI","cs_CZ","hu_HU","zh_HK","en_NU","es_VG","ta_IN","ar_EG","ro_MD","en_LS","fr_CM","ar_SD","en_GD","ar_IL","ar_LY","en_UA","fr_TD","pt_LU","es_PA","ta_SG","en_KI","es_CO","en_FM","fr_MF","tr_CY","ar_EH","en_LT","es_IC","en_DK","pt_ST","es_GT","en_GE","fr_YT","ms_BN","en_BI","he_IL","pt_TL","en_SS","es_KY","kk_KZ","en_CA","es_VI","ar_MR","fr_MG","zh-Hant_JP","hr_HR","en_AR","en_TK","ar_SY","fr_SN","en_GY","pt_CV","en_MM","es_ES","ar_AE","fr_DZ","en_001","en_PG","ca_ES","zh-Hant_MY","fr_RW","fr_GA","en_SA","fr_BE","hi_IN","en_AS","pt_MO","en_LV","ta_LK","en_DM","en_LC","en_GG","es_BZ","tr_TR","it_CH","es_US","en_150","it_VA","fr_TG","en_EE","zh-Hans_MO","en_PH","es_HN","sv_FI","ms_SG","en_CV","es_CR","fr_RE","en_CC","en_SB","en_NF","fr_BF","es_EA","en_AT","ar_MA","nl_BE","en_GH","es_GD","th_TH","pt_FR","en_ZA","en_MO","de_IT","es_003","es_PE","de_DE","en_SC","en_NZ","en_NG","en_AU","el_GR","en_GI","ar_001","en_BM","ar_IQ","en_MP","es_PY","fr_DJ","es_EC","en_US_POSIX","vi_VN","en_CX","en_KN","en_SD","en_FR","es_CA","kn_IN","en_IL","es_AR","en_TO","zh-Hans_HK","es_GY","bg_BG","fr_NC","ta_MY","en_BN","en_UG","en_HU","en_PK","en_SX","uk_UA","en_CY","en_SE","es_CU","sk_SK","fr_BI","fr_ML","de_BE","en_IM","fr_PF","es_DM","es_LC","en_ZW","fr_CA","pl_PL","zh-Hans_JP","nl_SR","ja_JP","en_JE","pt_CH","fr_LU","en_PL","zh_MO","en_CZ","fr_GF","es_PH","fr_BJ","en_IN","zh-Hans_MY","en_AE","en_RO","fr_NE","en_MS","es_419","it_IT","ar_TD","en_SZ","fr_WF","ru_MD","ml_IN","en_SG","es_CW","en_CH","es_SV","pt_BR","en_IO","ar_PS","en_TR","bn_IN","ar_KW","es_DO","en_GM","it_SM","ms_MY","sl_SI","es_UY","en_MT","es_BM","en_PN","es_HT","en_KR","en_SH","en_VU","es_KN","fr_BL","en_NL","ca_FR","en_AG","fr_KM","fr_SC","fr_CD","ko_KP","or_IN","zh-Hant_CN","en_BR","en_MU","ru_RU","fr_TN","ar_DZ","nb_SJ","en_SI","hr_BA","es_NI","ar_ER","en_VC","fr_HT","en_TT","ar_SO","ca_AD","fr_FR","da_DK","en_BS","en_MV","es_BO","nb_NO","nl_CW","de_LU","pt_GQ","ar_JO","en_CK","fr_MQ","zh_SG","ms_ID","en_AI","fr_CF","ko_KR","en_MW","en_UM","en_SK","en_CL","en_NO","fr_MR","en_TV","fr_SY","en_TC","fr_CG","nl_SX","es_BQ","en_MX","ru_BY","sv_SE","en_BB","en_PR","de_AT","ar_DJ","lt_LT","ar_OM","nl_AW","ar_YE","en_SL","ru_KZ","en_CM","ar_BH","ru_KG","en_IT","id_ID","pt_MZ","fr_PM","en_TW","es_AG","pt_PT","en_DE","fr_CH","en_GR","gu_IN","en_RU","es_BR","en_MY"],"SupportedLanguages":["ur","lt","ja","id","mr","ms","hi","es-419","es","pl","ca","ta","fr","en-IN","or","fr-CA","da","bg","te","kk-Cyrl","pt-BR","zh-Hant-HK","hr","gu","de","th","sk","ro","sl","nb","kk","en-GB","hu","zh-HK","bn","ar","it","kn","ko","uk","pa","ru","vi","zh-Hans","zh-Hant","en-AU","ml","pt-PT","tr","fi","en-US","el","cs","sv","nl","he","en","es-US"]}
[20:38:13] 000081...: Batch Activate hoàn tất thành công.
[20:38:17] 000081...: time="2026-09-04T20:37:50+07:00" level=warning msg="go-ios agent is not running. You might need to start it with 'ios tunnel start' for ios17+. Use ENABLE_GO_IOS_AGENT=user for userspace tunnel or ENABLE_GO_IOS_AGENT=kernel for kernel tunnel for the experimental daemon mode."
time="2026-09-04T20:37:50+07:00" level=warning msg="failed to get tunnel info" udid=00008101-000124C011A3001E
time="2026-09-04T20:37:51+07:00" level=info msg="device is activated:true"
time="2026-09-04T20:37:51+07:00" level=info msg="send flush request"
time="2026-09-04T20:38:03+07:00" level=info msg="get cloud config"
"ok"
[20:38:17] 000081...: RUN: C:\TIKTOOL PRO V4\ios.exe lang --setlocale=ja_JP --setlang=ja --udid=00008101-000124C011A3001E --nojson
[20:38:19] 000081...: time="2026-09-04T20:37:45+07:00" level=warning msg="go-ios agent is not running. You might need to start it with 'ios tunnel start' for ios17+. Use ENABLE_GO_IOS_AGENT=user for userspace tunnel or ENABLE_GO_IOS_AGENT=kernel for kernel tunnel for the experimental daemon mode."
time="2026-09-04T20:37:45+07:00" level=warning msg="failed to get tunnel info" udid=00008101-000D08DA1180001E
time="2026-09-04T20:37:45+07:00" level=info msg="device is activated:true"
time="2026-09-04T20:37:46+07:00" level=info msg="send flush request"
time="2026-09-04T20:38:02+07:00" level=info msg="get cloud config"
"ok"
[20:38:19] 000081...: RUN: C:\TIKTOOL PRO V4\ios.exe lang --setlocale=ja_JP --setlang=ja --udid=00008101-000D08DA1180001E --nojson
[20:38:20] 000081...: time="2026-09-04T20:38:04+07:00" level=warning msg="go-ios agent is not running. You might need to start it with 'ios tunnel start' for ios17+. Use ENABLE_GO_IOS_AGENT=user for userspace tunnel or ENABLE_GO_IOS_AGENT=kernel for kernel tunnel for the experimental daemon mode."
time="2026-09-04T20:38:04+07:00" level=warning msg="failed to get tunnel info" udid=00008101-000E10A41E78001E
{"Language":"ja","Locale":"ja_JP","SupportedLocales":["sv_AX","en_CN","ro_RO","en_VG","es_VC","fr_MA","en_AL","es_TT","ar_SS","fr_VU","fr_CI","en_GS","en_BW","en_JM","es_BS","en_BD","en_MG","en_PT","ar_LB","en_HK","fr_GN","ru_UA","en_CO","en_KE","en_NR","fr_MU","en_FI","nl_BQ","en_WS","en_DG","ar_SA","en_RW","en_ZM","en_BE","en_ER","bn_BD","el_CY","nl_NL","pt_AO","en_MH","en_KY","es_CL","en_VI","en_FJ","es_VE","fr_MC","en_TZ","en_ID","es_TC","zh_TW","en_GU","es_GQ","en_GB","ko_CN","mr_IN","es_MX","en_ES","es_BB","es_PR","fr_GP","pt_GW","fi_FI","en_FK","en_NA","zh_CN","en_IE","en_LR","en_TH","ca_IT","ar_KM","en_BZ","en_JP","da_GL","te_IN","en_US","de_CH","ar_QA","en_PW","ar_TN","en_BG","fr_GQ","de_LI","cs_CZ","hu_HU","zh_HK","en_NU","es_VG","ta_IN","ar_EG","ro_MD","en_LS","fr_CM","ar_SD","en_GD","ar_IL","ar_LY","en_UA","fr_TD","pt_LU","es_PA","ta_SG","en_KI","es_CO","en_FM","fr_MF","tr_CY","ar_EH","en_LT","es_IC","en_DK","pt_ST","es_GT","fr_YT","en_GE","ms_BN","en_BI","he_IL","pt_TL","en_SS","es_KY","kk_KZ","en_CA","es_VI","zh-Hant_JP","fr_MG","ar_MR","hr_HR","en_AR","ar_SY","fr_SN","en_TK","en_GY","pt_CV","en_MM","es_ES","ar_AE","fr_DZ","ca_ES","en_PG","zh-Hant_MY","fr_RW","en_001","fr_GA","en_SA","fr_BE","hi_IN","en_AS","pt_MO","en_LV","ta_LK","en_DM","en_LC","en_GG","tr_TR","es_BZ","it_CH","es_US","zh-Hans_MO","it_VA","fr_TG","en_EE","en_150","es_EA","es_HN","sv_FI","en_CV","ms_SG","es_CR","en_SB","en_CC","fr_BF","en_NF","fr_RE","en_PH","en_AT","ar_MA","nl_BE","en_GH","es_GD","th_TH","pt_FR","en_ZA","en_MO","de_IT","es_003","es_PE","de_DE","en_NZ","en_SC","en_NG","en_AU","el_GR","en_GI","ar_001","en_BM","ar_IQ","en_MP","es_PY","fr_DJ","es_EC","vi_VN","en_US_POSIX","en_CX","en_KN","en_SD","en_FR","es_CA","kn_IN","en_IL","es_AR","en_TO","zh-Hans_HK","bg_BG","es_GY","fr_NC","ta_MY","en_BN","en_UG","uk_UA","en_PK","en_SX","en_HU","en_CY","en_SE","sk_SK","es_CU","fr_BI","fr_ML","en_IM","de_BE","fr_PF","es_DM","es_LC","en_ZW","fr_CA","pl_PL","pt_CH","nl_SR","ja_JP","en_JE","zh-Hans_JP","fr_LU","en_PL","es_PH","zh_MO","fr_GF","en_CZ","fr_BJ","en_IN","zh-Hans_MY","en_AE","fr_NE","en_RO","en_MS","es_419","it_IT","ar_TD","en_SZ","fr_WF","ru_MD","ml_IN","en_SG","es_CW","en_CH","es_SV","pt_BR","en_IO","ar_PS","en_TR","bn_IN","ar_KW","es_DO","en_GM","it_SM","ms_MY","sl_SI","es_UY","en_MT","es_BM","en_PN","es_HT","en_KR","en_SH","en_VU","es_KN","fr_BL","en_NL","ca_FR","en_AG","fr_KM","fr_SC","fr_CD","ko_KP","or_IN","nb_SJ","en_BR","en_MU","zh-Hant_CN","fr_TN","ar_DZ","ru_RU","en_SI","hr_BA","en_VC","es_NI","ar_ER","fr_HT","en_TT","ar_SO","ca_AD","fr_FR","da_DK","en_BS","nl_CW","en_MV","es_BO","nb_NO","de_LU","en_CK","pt_GQ","ar_JO","fr_MQ","zh_SG","ms_ID","en_AI","fr_CF","ko_KR","en_MW","en_UM","en_SK","en_CL","en_NO","fr_MR","en_TV","fr_SY","en_TC","fr_CG","nl_SX","es_BQ","ar_YE","ru_BY","sv_SE","en_BB","en_PR","de_AT","ar_DJ","lt_LT","nl_AW","ar_OM","en_SL","en_CM","ru_KZ","en_MX","ar_BH","ru_KG","en_IT","id_ID","pt_MZ","fr_PM","en_TW","es_AG","pt_PT","en_DE","fr_CH","en_GR","gu_IN","en_RU","en_MY","es_BR"],"SupportedLanguages":["ur","lt","ja","id","mr","ms","hi","es-419","es","pl","ca","ta","fr","en-IN","or","fr-CA","da","bg","te","kk-Cyrl","pt-BR","zh-Hant-HK","hr","gu","de","th","sk","ro","sl","nb","kk","en-GB","hu","zh-HK","bn","ar","it","kn","ko","uk","pa","ru","vi","zh-Hans","zh-Hant","en-AU","ml","pt-PT","tr","fi","en-US","el","cs","sv","nl","he","en","es-US"]}
[20:38:20] 000081...: Batch Activate hoàn tất thành công.
[20:38:20] 000081...: time="2026-09-04T20:38:02+07:00" level=warning msg="go-ios agent is not running. You might need to start it with 'ios tunnel start' for ios17+. Use ENABLE_GO_IOS_AGENT=user for userspace tunnel or ENABLE_GO_IOS_AGENT=kernel for kernel tunnel for the experimental daemon mode."
time="2026-09-04T20:38:02+07:00" level=warning msg="failed to get tunnel info" udid=00008101-000C55A12E91003A
{"Language":"ja","Locale":"ja_JP","SupportedLocales":["sv_AX","en_CN","ro_RO","en_VG","es_VC","fr_MA","en_AL","es_TT","ar_SS","fr_VU","fr_CI","en_GS","en_BW","en_JM","es_BS","en_BD","en_MG","en_PT","ar_LB","ru_UA","en_HK","fr_GN","en_CO","en_KE","en_NR","fr_MU","en_FI","nl_BQ","en_WS","en_DG","ar_SA","en_RW","en_ZM","en_BE","en_ER","en_MH","el_CY","nl_NL","pt_AO","bn_BD","en_KY","es_CL","en_VI","en_FJ","es_VE","fr_MC","en_TZ","en_ID","es_TC","zh_TW","en_GU","es_GQ","en_GB","mr_IN","ko_CN","es_MX","en_ES","es_BB","es_PR","fr_GP","pt_GW","fi_FI","en_FK","en_NA","zh_CN","en_IE","en_LR","en_TH","ca_IT","ar_KM","en_BZ","de_CH","da_GL","te_IN","en_US","en_JP","ar_QA","en_PW","en_BG","ar_TN","fr_GQ","de_LI","cs_CZ","hu_HU","zh_HK","en_NU","es_VG","ta_IN","ar_EG","ro_MD","en_LS","fr_CM","ar_SD","en_GD","ar_IL","ar_LY","en_UA","fr_TD","pt_LU","es_PA","ta_SG","en_KI","es_CO","en_FM","fr_MF","tr_CY","ar_EH","en_LT","es_IC","en_DK","pt_ST","es_GT","en_GE","fr_YT","ms_BN","en_BI","he_IL","pt_TL","en_SS","es_KY","kk_KZ","en_CA","es_VI","zh-Hant_JP","ar_MR","fr_MG","hr_HR","en_AR","ar_SY","fr_SN","en_TK","en_GY","pt_CV","en_MM","es_ES","ar_AE","fr_DZ","zh-Hant_MY","ca_ES","en_001","fr_RW","en_PG","fr_GA","en_SA","fr_BE","hi_IN","en_AS","pt_MO","en_LV","ta_LK","en_DM","en_LC","en_GG","es_BZ","tr_TR","it_CH","zh-Hans_MO","en_150","es_US","it_VA","en_EE","fr_TG","en_PH","es_EA","es_HN","en_CV","sv_FI","es_CR","fr_RE","en_CC","fr_BF","en_NF","ms_SG","en_SB","en_AT","ar_MA","nl_BE","en_GH","es_GD","th_TH","en_ZA","pt_FR","en_MO","es_003","de_IT","es_PE","de_DE","en_NZ","en_SC","en_NG","en_AU","el_GR","en_GI","ar_001","en_BM","ar_IQ","en_MP","es_PY","fr_DJ","es_EC","vi_VN","en_US_POSIX","en_CX","en_KN","en_SD","en_FR","es_CA","kn_IN","en_IL","es_AR","en_TO","zh-Hans_HK","es_GY","bg_BG","fr_NC","en_BN","ta_MY","en_UG","en_HU","en_PK","uk_UA","en_SX","en_CY","en_SE","sk_SK","es_CU","fr_BI","fr_ML","de_BE","en_IM","fr_PF","es_DM","es_LC","en_ZW","fr_CA","pl_PL","pt_CH","nl_SR","ja_JP","zh-Hans_JP","fr_LU","en_JE","en_PL","es_PH","zh_MO","en_CZ","fr_GF","fr_BJ","en_IN","zh-Hans_MY","en_AE","fr_NE","en_RO","en_MS","es_419","it_IT","ar_TD","en_SZ","fr_WF","es_SV","ml_IN","es_CW","en_SG","ru_MD","en_CH","pt_BR","en_IO","bn_IN","ar_PS","en_TR","ar_KW","es_DO","en_GM","it_SM","ms_MY","sl_SI","es_BM","en_MT","es_UY","en_PN","es_HT","en_KR","en_SH","en_VU","es_KN","fr_BL","en_NL","ca_FR","en_AG","fr_KM","fr_SC","fr_CD","ko_KP","or_IN","nb_SJ","zh-Hant_CN","en_BR","ru_RU","fr_TN","ar_DZ","en_MU","en_SI","hr_BA","es_NI","ar_ER","en_VC","fr_HT","en_TT","ar_SO","ca_AD","da_DK","fr_FR","en_BS","nl_CW","en_MV","nb_NO","es_BO","de_LU","pt_GQ","ar_JO","en_CK","fr_MQ","zh_SG","ms_ID","en_AI","fr_CF","ko_KR","en_MW","en_UM","en_SK","en_CL","en_NO","fr_MR","en_TV","fr_SY","en_TC","fr_CG","nl_SX","es_BQ","en_MX","en_BB","sv_SE","de_AT","en_PR","ru_BY","ar_DJ","lt_LT","nl_AW","ar_OM","en_SL","en_CM","ru_KZ","ar_YE","ar_BH","ru_KG","pt_MZ","en_IT","en_TW","id_ID","fr_PM","es_AG","pt_PT","en_DE","en_GR","gu_IN","en_RU","fr_CH","en_MY","es_BR"],"SupportedLanguages":["ur","lt","ja","id","mr","ms","hi","es-419","es","pl","ca","ta","fr","en-IN","or","fr-CA","da","bg","te","kk-Cyrl","pt-BR","zh-Hant-HK","hr","gu","de","th","sk","ro","sl","nb","kk","en-GB","hu","zh-HK","bn","ar","it","kn","ko","uk","pa","ru","vi","zh-Hans","zh-Hant","en-AU","ml","pt-PT","tr","fi","en-US","el","cs","sv","nl","he","en","es-US"]}
[20:38:20] 000081...: Batch Activate hoàn tất thành công.
[20:38:21] 000081...: time="2026-09-04T20:38:01+07:00" level=warning msg="go-ios agent is not running. You might need to start it with 'ios tunnel start' for ios17+. Use ENABLE_GO_IOS_AGENT=user for userspace tunnel or ENABLE_GO_IOS_AGENT=kernel for kernel tunnel for the experimental daemon mode."
time="2026-09-04T20:38:01+07:00" level=warning msg="failed to get tunnel info" udid=00008101-00012CE20202001E
{"Language":"ja","Locale":"ja_JP","SupportedLocales":["sv_AX","en_CN","ro_RO","en_VG","es_VC","fr_MA","en_AL","es_TT","ar_SS","fr_VU","fr_CI","en_GS","en_BW","en_JM","es_BS","en_BD","en_MG","en_PT","ar_LB","ru_UA","en_HK","fr_GN","en_CO","en_KE","en_NR","fr_MU","en_FI","nl_BQ","en_WS","en_DG","ar_SA","en_RW","en_ZM","en_BE","en_ER","bn_BD","el_CY","nl_NL","pt_AO","en_MH","en_KY","es_CL","en_VI","es_VE","en_FJ","fr_MC","en_TZ","en_ID","es_TC","en_GU","zh_TW","es_GQ","ko_CN","mr_IN","en_GB","es_MX","en_ES","es_BB","es_PR","fr_GP","pt_GW","fi_FI","en_FK","en_NA","zh_CN","en_IE","ca_IT","en_LR","en_TH","ar_KM","en_BZ","de_CH","da_GL","en_JP","en_BG","te_IN","en_US","en_PW","ar_TN","ar_QA","fr_GQ","de_LI","cs_CZ","hu_HU","zh_HK","en_NU","es_VG","ta_IN","ar_EG","ro_MD","en_LS","fr_CM","ar_SD","en_GD","ar_IL","ar_LY","en_UA","fr_TD","pt_LU","es_PA","ta_SG","en_KI","es_CO","en_FM","fr_MF","tr_CY","ar_EH","en_LT","es_IC","en_DK","pt_ST","es_GT","fr_YT","en_GE","ms_BN","en_BI","he_IL","pt_TL","en_SS","es_KY","kk_KZ","en_CA","es_VI","ar_MR","fr_MG","zh-Hant_JP","en_AR","hr_HR","ar_SY","fr_SN","en_TK","en_GY","pt_CV","en_MM","es_ES","ar_AE","fr_DZ","en_001","zh-Hant_MY","en_PG","fr_RW","ca_ES","fr_GA","en_SA","fr_BE","hi_IN","en_AS","pt_MO","en_LV","ta_LK","en_DM","en_LC","en_GG","tr_TR","es_BZ","it_CH","zh-Hans_MO","en_150","es_US","fr_TG","en_EE","it_VA","en_PH","es_EA","sv_FI","en_CV","ms_SG","es_CR","en_SB","en_CC","fr_BF","fr_RE","en_NF","es_HN","en_AT","ar_MA","nl_BE","en_GH","es_GD","th_TH","pt_FR","en_ZA","en_MO","es_003","de_IT","es_PE","de_DE","en_SC","en_NZ","en_NG","en_AU","el_GR","en_GI","ar_001","en_BM","ar_IQ","en_MP","es_PY","fr_DJ","es_EC","en_US_POSIX","vi_VN","en_CX","en_KN","en_SD","en_FR","es_CA","kn_IN","en_IL","es_AR","en_TO","zh-Hans_HK","es_GY","bg_BG","fr_NC","ta_MY","en_BN","en_UG","en_HU","en_PK","en_SX","uk_UA","en_CY","es_CU","en_SE","sk_SK","fr_BI","fr_ML","de_BE","en_IM","fr_PF","es_DM","es_LC","en_ZW","fr_CA","pl_PL","pt_CH","nl_SR","ja_JP","en_JE","fr_LU","zh-Hans_JP","en_PL","zh_MO","es_PH","fr_GF","en_CZ","fr_BJ","en_IN","zh-Hans_MY","en_AE","en_RO","fr_NE","en_MS","es_419","it_IT","ar_TD","en_SZ","fr_WF","ru_MD","es_SV","en_SG","es_CW","en_CH","ml_IN","pt_BR","en_IO","bn_IN","ar_PS","en_TR","ar_KW","es_DO","en_GM","it_SM","ms_MY","sl_SI","es_UY","es_BM","en_MT","en_PN","es_HT","en_KR","en_SH","en_VU","es_KN","fr_BL","en_NL","ca_FR","en_AG","fr_KM","fr_SC","fr_CD","ko_KP","or_IN","nb_SJ","zh-Hant_CN","en_MU","ru_RU","fr_TN","ar_DZ","en_BR","en_SI","en_VC","es_NI","ar_ER","hr_BA","fr_HT","en_TT","ar_SO","ca_AD","da_DK","fr_FR","en_BS","en_MV","es_BO","nb_NO","nl_CW","de_LU","en_CK","ar_JO","pt_GQ","fr_MQ","zh_SG","ms_ID","en_AI","fr_CF","ko_KR","en_MW","en_UM","en_SK","en_CL","en_NO","fr_MR","en_TV","fr_SY","en_TC","fr_CG","nl_SX","es_BQ","en_MX","ru_BY","sv_SE","en_BB","ar_YE","de_AT","ar_DJ","lt_LT","ar_OM","en_SL","nl_AW","en_PR","ru_KZ","en_CM","ar_BH","ru_KG","en_IT","pt_MZ","fr_PM","en_TW","id_ID","pt_PT","es_AG","en_DE","fr_CH","en_GR","en_RU","gu_IN","es_BR","en_MY"],"SupportedLanguages":["ur","lt","ja","id","mr","ms","hi","es-419","es","pl","ca","ta","fr","en-IN","or","fr-CA","da","bg","te","kk-Cyrl","pt-BR","zh-Hant-HK","hr","gu","de","th","sk","ro","sl","nb","kk","en-GB","hu","zh-HK","bn","ar","it","kn","ko","uk","pa","ru","vi","zh-Hans","zh-Hant","en-AU","ml","pt-PT","tr","fi","en-US","el","cs","sv","nl","he","en","es-US"]}
[20:38:21] 000081...: Batch Activate hoàn tất thành công.
[20:38:24] 000081...: time="2026-09-04T20:38:10+07:00" level=warning msg="go-ios agent is not running. You might need to start it with 'ios tunnel start' for ios17+. Use ENABLE_GO_IOS_AGENT=user for userspace tunnel or ENABLE_GO_IOS_AGENT=kernel for kernel tunnel for the experimental daemon mode."
time="2026-09-04T20:38:10+07:00" level=warning msg="failed to get tunnel info" udid=00008101-000101C61E44001E
{"Language":"ja","Locale":"ja_JP","SupportedLocales":["sv_AX","en_CN","ro_RO","en_VG","es_VC","fr_MA","en_AL","es_TT","ar_SS","fr_VU","fr_CI","en_GS","en_BW","en_JM","es_BS","en_BD","en_MG","en_PT","en_HK","fr_GN","ru_UA","ar_LB","en_CO","en_KE","en_NR","fr_MU","en_FI","nl_BQ","en_WS","en_DG","ar_SA","en_RW","en_ZM","en_BE","en_ER","en_MH","el_CY","nl_NL","pt_AO","bn_BD","en_KY","es_CL","en_VI","es_VE","en_FJ","fr_MC","en_TZ","en_ID","es_TC","en_GU","zh_TW","es_GQ","en_GB","mr_IN","ko_CN","es_MX","en_ES","es_BB","es_PR","fr_GP","pt_GW","fi_FI","en_FK","en_NA","zh_CN","en_IE","ca_IT","en_LR","en_TH","ar_KM","en_BZ","de_CH","da_GL","te_IN","en_JP","en_BG","ar_QA","ar_TN","en_US","en_PW","fr_GQ","de_LI","cs_CZ","hu_HU","zh_HK","en_NU","es_VG","ta_IN","ar_EG","ro_MD","en_LS","fr_CM","ar_SD","en_GD","ar_IL","ar_LY","en_UA","fr_TD","pt_LU","es_PA","ta_SG","en_KI","es_CO","en_FM","fr_MF","tr_CY","ar_EH","en_LT","es_IC","en_DK","pt_ST","es_GT","fr_YT","en_GE","ms_BN","en_BI","he_IL","pt_TL","en_SS","es_KY","kk_KZ","en_CA","es_VI","ar_MR","zh-Hant_JP","fr_MG","en_AR","hr_HR","en_TK","fr_SN","ar_SY","en_GY","pt_CV","en_MM","es_ES","fr_DZ","ar_AE","en_001","zh-Hant_MY","en_PG","fr_RW","ca_ES","fr_GA","en_SA","fr_BE","hi_IN","en_AS","pt_MO","en_LV","ta_LK","en_DM","en_LC","en_GG","es_BZ","tr_TR","it_CH","zh-Hans_MO","en_150","it_VA","fr_TG","en_EE","es_US","es_EA","es_HN","sv_FI","en_CV","ms_SG","en_PH","fr_RE","en_CC","fr_BF","en_NF","en_SB","es_CR","en_AT","ar_MA","nl_BE","en_GH","th_TH","en_ZA","pt_FR","es_GD","en_MO","es_003","de_IT","es_PE","de_DE","en_NZ","en_SC","en_NG","en_AU","el_GR","en_GI","ar_001","en_BM","ar_IQ","en_MP","es_PY","fr_DJ","es_EC","vi_VN","en_US_POSIX","en_CX","en_KN","en_SD","en_FR","es_CA","kn_IN","en_IL","es_AR","en_TO","zh-Hans_HK","bg_BG","es_GY","fr_NC","ta_MY","en_BN","en_UG","en_HU","en_PK","uk_UA","en_SX","en_CY","es_CU","en_SE","sk_SK","fr_BI","fr_ML","de_BE","en_IM","fr_PF","es_DM","es_LC","en_ZW","fr_CA","pl_PL","pt_CH","nl_SR","en_JE","zh-Hans_JP","fr_LU","ja_JP","en_PL","es_PH","zh_MO","en_CZ","fr_GF","fr_BJ","en_IN","zh-Hans_MY","en_AE","fr_NE","en_RO","en_MS","es_419","it_IT","ar_TD","en_SZ","fr_WF","es_SV","ml_IN","en_SG","es_CW","en_CH","ru_MD","pt_BR","en_IO","bn_IN","ar_PS","en_TR","ar_KW","es_DO","en_GM","it_SM","ms_MY","sl_SI","es_UY","en_MT","es_BM","en_PN","es_HT","en_KR","en_SH","en_VU","es_KN","fr_BL","en_NL","ca_FR","en_AG","fr_KM","fr_SC","fr_CD","ko_KP","or_IN","nb_SJ","zh-Hant_CN","en_MU","en_BR","fr_TN","ru_RU","ar_DZ","en_SI","en_VC","es_NI","hr_BA","ar_ER","fr_HT","en_TT","ar_SO","ca_AD","fr_FR","da_DK","en_BS","en_MV","es_BO","nl_CW","nb_NO","de_LU","pt_GQ","ar_JO","en_CK","fr_MQ","zh_SG","ms_ID","en_AI","fr_CF","ko_KR","en_MW","en_UM","en_SK","en_CL","en_NO","fr_MR","en_TV","fr_SY","en_TC","fr_CG","nl_SX","es_BQ","ar_YE","en_BB","sv_SE","ru_BY","en_MX","en_PR","ar_DJ","lt_LT","ar_OM","en_SL","nl_AW","en_CM","ru_KZ","de_AT","ar_BH","ru_KG","en_IT","pt_MZ","fr_PM","id_ID","en_TW","pt_PT","es_AG","en_DE","fr_CH","en_GR","en_RU","gu_IN","en_MY","es_BR"],"SupportedLanguages":["ur","lt","ja","id","mr","ms","hi","es-419","es","pl","ca","ta","fr","en-IN","or","fr-CA","da","bg","te","kk-Cyrl","pt-BR","zh-Hant-HK","hr","gu","de","th","sk","ro","sl","nb","kk","en-GB","hu","zh-HK","bn","ar","it","kn","ko","uk","pa","ru","vi","zh-Hans","zh-Hant","en-AU","ml","pt-PT","tr","fi","en-US","el","cs","sv","nl","he","en","es-US"]}
[20:38:24] 000081...: Batch Activate hoàn tất thành công.
[20:38:38] 000081...: time="2026-09-04T20:38:19+07:00" level=warning msg="go-ios agent is not running. You might need to start it with 'ios tunnel start' for ios17+. Use ENABLE_GO_IOS_AGENT=user for userspace tunnel or ENABLE_GO_IOS_AGENT=kernel for kernel tunnel for the experimental daemon mode."
time="2026-09-04T20:38:19+07:00" level=warning msg="failed to get tunnel info" udid=00008101-000D08DA1180001E
{"Language":"ja","Locale":"ja_JP","SupportedLocales":["sv_AX","en_CN","ro_RO","en_VG","es_VC","fr_MA","en_AL","es_TT","ar_SS","fr_VU","en_GS","fr_CI","en_BW","en_JM","es_BS","en_BD","en_MG","en_PT","en_HK","ar_LB","fr_GN","ru_UA","en_CO","en_KE","en_NR","fr_MU","en_FI","nl_BQ","en_WS","en_DG","ar_SA","en_RW","en_ZM","en_BE","bn_BD","en_MH","el_CY","nl_NL","pt_AO","en_ER","en_KY","es_CL","en_VI","en_FJ","es_VE","fr_MC","en_TZ","en_ID","es_TC","en_GU","zh_TW","es_GQ","en_GB","mr_IN","ko_CN","es_MX","en_ES","es_BB","es_PR","fr_GP","pt_GW","fi_FI","en_FK","en_NA","zh_CN","en_IE","ca_IT","en_TH","en_LR","ar_KM","en_BZ","de_CH","da_GL","te_IN","en_US","en_JP","ar_QA","ar_TN","en_PW","en_BG","fr_GQ","de_LI","cs_CZ","hu_HU","en_NU","zh_HK","es_VG","ta_IN","ar_EG","ro_MD","en_LS","fr_CM","ar_SD","en_GD","ar_IL","ar_LY","en_UA","fr_TD","pt_LU","es_PA","ta_SG","en_KI","es_CO","en_FM","fr_MF","ar_EH","tr_CY","en_LT","es_IC","en_DK","pt_ST","es_GT","fr_YT","en_GE","ms_BN","en_BI","he_IL","pt_TL","en_SS","es_KY","kk_KZ","en_CA","es_VI","zh-Hant_JP","fr_MG","ar_MR","hr_HR","en_AR","ar_SY","fr_SN","en_TK","en_GY","pt_CV","en_MM","es_ES","ar_AE","fr_DZ","en_001","en_PG","ca_ES","fr_RW","zh-Hant_MY","fr_GA","en_SA","fr_BE","hi_IN","en_AS","pt_MO","en_LV","ta_LK","en_DM","en_LC","en_GG","tr_TR","es_BZ","zh-Hans_MO","es_US","en_150","it_VA","fr_TG","en_EE","it_CH","en_PH","es_EA","es_HN","sv_FI","ms_SG","en_SB","en_CV","en_CC","es_CR","fr_RE","fr_BF","en_NF","en_AT","ar_MA","nl_BE","en_GH","es_GD","en_ZA","pt_FR","th_TH","en_MO","es_003","de_IT","es_PE","de_DE","en_NZ","en_SC","en_NG","en_AU","el_GR","en_GI","ar_001","en_BM","ar_IQ","en_MP","es_PY","fr_DJ","es_EC","vi_VN","en_US_POSIX","en_CX","en_KN","en_SD","en_FR","es_CA","kn_IN","en_IL","es_AR","en_TO","zh-Hans_HK","bg_BG","es_GY","fr_NC","en_BN","ta_MY","en_UG","en_HU","en_PK","en_SX","uk_UA","en_CY","en_SE","es_CU","sk_SK","fr_BI","fr_ML","en_IM","de_BE","fr_PF","es_DM","es_LC","en_ZW","fr_CA","pl_PL","zh-Hans_JP","nl_SR","en_JE","ja_JP","fr_LU","pt_CH","en_PL","es_PH","en_CZ","fr_GF","zh_MO","fr_BJ","en_IN","zh-Hans_MY","en_AE","fr_NE","en_RO","en_MS","es_419","it_IT","ar_TD","en_SZ","fr_WF","ru_MD","ml_IN","en_SG","es_CW","en_CH","es_SV","pt_BR","en_IO","ar_PS","en_TR","bn_IN","ar_KW","es_DO","en_GM","it_SM","ms_MY","sl_SI","es_UY","en_MT","es_BM","en_PN","es_HT","en_KR","en_SH","en_VU","es_KN","fr_BL","en_NL","ca_FR","en_AG","fr_KM","fr_SC","fr_CD","ko_KP","or_IN","en_BR","nb_SJ","ru_RU","en_MU","fr_TN","ar_DZ","zh-Hant_CN","en_SI","hr_BA","es_NI","en_VC","ar_ER","fr_HT","en_TT","ar_SO","ca_AD","fr_FR","da_DK","en_BS","nl_CW","en_MV","nb_NO","es_BO","de_LU","pt_GQ","ar_JO","en_CK","fr_MQ","zh_SG","ms_ID","en_AI","fr_CF","ko_KR","en_MW","en_UM","en_SK","en_CL","en_NO","fr_MR","en_TV","fr_SY","en_TC","fr_CG","nl_SX","es_BQ","ar_YE","ru_BY","sv_SE","en_BB","de_AT","en_PR","en_MX","lt_LT","ar_OM","en_SL","nl_AW","en_CM","ru_KZ","ar_DJ","ar_BH","ru_KG","en_IT","id_ID","fr_PM","pt_MZ","en_TW","es_AG","pt_PT","en_DE","en_GR","gu_IN","en_RU","fr_CH","es_BR","en_MY"],"SupportedLanguages":["ur","lt","ja","id","mr","ms","hi","es-419","es","pl","ca","ta","fr","en-IN","or","fr-CA","da","bg","te","kk-Cyrl","pt-BR","zh-Hant-HK","hr","gu","de","th","sk","ro","sl","nb","kk","en-GB","hu","zh-HK","bn","ar","it","kn","ko","uk","pa","ru","vi","zh-Hans","zh-Hant","en-AU","ml","pt-PT","tr","fi","en-US","el","cs","sv","nl","he","en","es-US"]}
[20:38:38] 000081...: Batch Activate hoàn tất thành công.
[20:38:39] 000081...: time="2026-09-04T20:38:09+07:00" level=warning msg="go-ios agent is not running. You might need to start it with 'ios tunnel start' for ios17+. Use ENABLE_GO_IOS_AGENT=user for userspace tunnel or ENABLE_GO_IOS_AGENT=kernel for kernel tunnel for the experimental daemon mode."
time="2026-09-04T20:38:09+07:00" level=warning msg="failed to get tunnel info" udid=00008101-000B05581468001E
{"Language":"ja","Locale":"ja_JP","SupportedLocales":["sv_AX","en_CN","ro_RO","en_VG","es_VC","fr_MA","en_AL","es_TT","ar_SS","fr_VU","fr_CI","en_GS","en_BW","en_JM","es_BS","en_BD","en_MG","en_PT","en_HK","ar_LB","fr_GN","ru_UA","en_CO","en_KE","en_NR","fr_MU","en_FI","nl_BQ","en_WS","en_DG","ar_SA","en_RW","en_ZM","en_BE","en_ER","en_MH","el_CY","nl_NL","pt_AO","bn_BD","en_KY","es_CL","en_VI","en_FJ","es_VE","fr_MC","en_TZ","en_ID","es_TC","zh_TW","en_GU","es_GQ","ko_CN","mr_IN","en_GB","es_MX","en_ES","es_BB","es_PR","fr_GP","pt_GW","fi_FI","en_FK","en_NA","zh_CN","en_IE","en_LR","en_TH","ca_IT","ar_KM","en_BZ","de_CH","da_GL","te_IN","en_US","en_JP","en_BG","en_PW","ar_TN","ar_QA","fr_GQ","de_LI","cs_CZ","hu_HU","en_NU","zh_HK","es_VG","ta_IN","ar_EG","ro_MD","en_LS","fr_CM","ar_SD","en_GD","ar_IL","ar_LY","en_UA","fr_TD","pt_LU","es_PA","ta_SG","en_KI","es_CO","en_FM","fr_MF","ar_EH","tr_CY","en_LT","es_IC","en_DK","pt_ST","es_GT","en_GE","fr_YT","ms_BN","en_BI","he_IL","pt_TL","en_SS","es_KY","kk_KZ","en_CA","es_VI","ar_MR","zh-Hant_JP","fr_MG","hr_HR","en_AR","en_TK","ar_SY","fr_SN","en_GY","pt_CV","fr_DZ","es_ES","ar_AE","en_MM","en_001","zh-Hant_MY","en_PG","fr_RW","ca_ES","fr_GA","en_SA","fr_BE","hi_IN","en_AS","pt_MO","en_LV","ta_LK","en_DM","en_LC","en_GG","es_BZ","tr_TR","it_CH","es_US","zh-Hans_MO","it_VA","fr_TG","en_EE","en_150","en_PH","es_EA","es_HN","ms_SG","sv_FI","en_SB","fr_RE","en_CV","es_CR","en_NF","en_CC","fr_BF","en_AT","ar_MA","nl_BE","en_GH","es_GD","en_ZA","pt_FR","th_TH","en_MO","es_003","de_IT","es_PE","de_DE","en_NZ","en_SC","en_NG","en_AU","el_GR","en_GI","ar_001","en_BM","ar_IQ","en_MP","es_PY","fr_DJ","es_EC","vi_VN","en_US_POSIX","en_CX","en_KN","en_SD","en_FR","es_CA","kn_IN","en_IL","es_AR","en_TO","zh-Hans_HK","bg_BG","es_GY","fr_NC","en_BN","ta_MY","en_UG","en_HU","en_PK","uk_UA","en_SX","en_CY","es_CU","sk_SK","en_SE","fr_BI","fr_ML","de_BE","en_IM","fr_PF","es_DM","es_LC","en_ZW","fr_CA","pl_PL","pt_CH","zh-Hans_JP","en_JE","ja_JP","fr_LU","nl_SR","en_PL","zh_MO","en_CZ","fr_GF","es_PH","fr_BJ","en_IN","zh-Hans_MY","en_AE","en_RO","fr_NE","en_MS","es_419","it_IT","ar_TD","en_SZ","fr_WF","ru_MD","ml_IN","en_SG","es_CW","en_CH","es_SV","pt_BR","en_IO","bn_IN","ar_PS","en_TR","ar_KW","es_DO","en_GM","it_SM","ms_MY","es_UY","en_MT","sl_SI","es_BM","en_PN","es_HT","en_KR","en_SH","en_VU","es_KN","fr_BL","en_NL","ca_FR","en_AG","fr_KM","fr_SC","fr_CD","ko_KP","or_IN","zh-Hant_CN","en_BR","en_MU","ru_RU","fr_TN","ar_DZ","nb_SJ","en_SI","hr_BA","es_NI","ar_ER","en_VC","fr_HT","en_TT","ar_SO","ca_AD","da_DK","fr_FR","en_BS","nl_CW","es_BO","nb_NO","en_MV","de_LU","en_CK","pt_GQ","ar_JO","fr_MQ","zh_SG","ms_ID","en_AI","fr_CF","ko_KR","en_MW","en_UM","en_SK","en_CL","en_NO","fr_MR","en_TV","fr_SY","en_TC","fr_CG","nl_SX","es_BQ","ar_YE","ru_BY","en_BB","de_AT","en_PR","sv_SE","ar_DJ","lt_LT","ar_OM","en_MX","en_SL","en_CM","ru_KZ","nl_AW","ar_BH","ru_KG","en_IT","id_ID","pt_MZ","fr_PM","en_TW","pt_PT","es_AG","en_DE","gu_IN","en_GR","en_RU","fr_CH","es_BR","en_MY"],"SupportedLanguages":["ur","lt","ja","id","mr","ms","hi","es-419","es","pl","ca","ta","fr","en-IN","or","fr-CA","da","bg","te","kk-Cyrl","pt-BR","zh-Hant-HK","hr","gu","de","th","sk","ro","sl","nb","kk","en-GB","hu","zh-HK","bn","ar","it","kn","ko","uk","pa","ru","vi","zh-Hans","zh-Hant","en-AU","ml","pt-PT","tr","fi","en-US","el","cs","sv","nl","he","en","es-US"]}
[20:38:39] 000081...: Batch Activate hoàn tất thành công.
[20:38:47] 000081...: time="2026-09-04T20:38:17+07:00" level=warning msg="go-ios agent is not running. You might need to start it with 'ios tunnel start' for ios17+. Use ENABLE_GO_IOS_AGENT=user for userspace tunnel or ENABLE_GO_IOS_AGENT=kernel for kernel tunnel for the experimental daemon mode."
time="2026-09-04T20:38:17+07:00" level=warning msg="failed to get tunnel info" udid=00008101-000124C011A3001E
{"Language":"ja","Locale":"ja_JP","SupportedLocales":["sv_AX","en_CN","ro_RO","en_VG","es_VC","fr_MA","en_AL","es_TT","ar_SS","fr_VU","fr_CI","en_GS","en_BW","en_JM","es_BS","en_BD","en_MG","en_PT","ar_LB","ru_UA","fr_GN","en_HK","en_CO","en_KE","en_NR","fr_MU","en_FI","nl_BQ","en_WS","en_DG","ar_SA","en_RW","en_ZM","en_BE","en_ER","bn_BD","en_MH","nl_NL","pt_AO","el_CY","en_KY","es_CL","en_VI","en_FJ","es_VE","fr_MC","en_TZ","en_ID","es_TC","zh_TW","en_GU","es_GQ","en_GB","mr_IN","ko_CN","es_MX","en_ES","es_BB","es_PR","fr_GP","pt_GW","fi_FI","en_FK","en_NA","zh_CN","en_IE","en_LR","en_TH","ca_IT","ar_KM","en_BZ","en_JP","de_CH","te_IN","en_US","en_BG","ar_QA","en_PW","da_GL","ar_TN","fr_GQ","de_LI","cs_CZ","hu_HU","zh_HK","en_NU","es_VG","ta_IN","ar_EG","ro_MD","en_LS","fr_CM","ar_SD","en_GD","ar_IL","ar_LY","en_UA","fr_TD","pt_LU","es_PA","ta_SG","en_KI","es_CO","en_FM","fr_MF","ar_EH","tr_CY","en_LT","es_IC","en_DK","pt_ST","es_GT","fr_YT","en_GE","ms_BN","en_BI","he_IL","pt_TL","en_SS","es_KY","kk_KZ","en_CA","es_VI","zh-Hant_JP","fr_MG","ar_MR","hr_HR","en_AR","ar_SY","fr_SN","en_TK","en_GY","pt_CV","en_MM","fr_DZ","ar_AE","es_ES","en_001","ca_ES","zh-Hant_MY","fr_RW","en_PG","fr_GA","en_SA","fr_BE","hi_IN","en_AS","pt_MO","en_LV","ta_LK","en_DM","en_LC","en_GG","es_BZ","tr_TR","it_CH","es_US","en_150","it_VA","fr_TG","en_EE","zh-Hans_MO","es_EA","es_HN","sv_FI","ms_SG","en_CV","es_CR","fr_RE","en_CC","en_SB","en_NF","fr_BF","en_PH","en_AT","ar_MA","nl_BE","en_GH","es_GD","th_TH","en_ZA","pt_FR","en_MO","es_003","de_IT","es_PE","de_DE","en_SC","en_NZ","en_NG","en_AU","el_GR","en_GI","ar_001","en_BM","ar_IQ","en_MP","es_PY","fr_DJ","es_EC","vi_VN","en_US_POSIX","en_CX","en_KN","en_SD","en_FR","es_CA","kn_IN","en_IL","es_AR","en_TO","zh-Hans_HK","es_GY","bg_BG","fr_NC","ta_MY","en_BN","en_UG","en_HU","en_PK","uk_UA","en_SX","en_CY","en_SE","es_CU","sk_SK","fr_BI","fr_ML","en_IM","de_BE","fr_PF","es_DM","es_LC","en_ZW","fr_CA","pl_PL","zh-Hans_JP","nl_SR","ja_JP","en_JE","fr_LU","pt_CH","en_PL","es_PH","zh_MO","fr_GF","en_CZ","fr_BJ","en_IN","zh-Hans_MY","en_AE","fr_NE","en_RO","en_MS","es_419","it_IT","ar_TD","en_SZ","fr_WF","ru_MD","ml_IN","es_CW","en_SG","en_CH","es_SV","pt_BR","en_IO","bn_IN","en_TR","ar_PS","ar_KW","es_DO","en_GM","it_SM","ms_MY","es_UY","en_MT","es_BM","sl_SI","en_PN","es_HT","en_KR","en_SH","es_KN","en_VU","fr_BL","en_NL","ca_FR","en_AG","fr_KM","fr_SC","fr_CD","ko_KP","or_IN","nb_SJ","zh-Hant_CN","en_MU","ru_RU","fr_TN","ar_DZ","en_BR","en_SI","hr_BA","en_VC","ar_ER","es_NI","fr_HT","en_TT","ar_SO","ca_AD","da_DK","fr_FR","en_BS","nl_CW","en_MV","es_BO","nb_NO","de_LU","pt_GQ","ar_JO","en_CK","fr_MQ","zh_SG","ms_ID","en_AI","fr_CF","ko_KR","en_MW","en_UM","en_SK","en_CL","en_NO","fr_MR","en_TV","fr_SY","en_TC","fr_CG","nl_SX","en_MX","ar_YE","ru_BY","sv_SE","en_BB","de_AT","en_PR","ar_DJ","lt_LT","ar_OM","en_SL","nl_AW","en_CM","ru_KZ","es_BQ","ar_BH","ru_KG","en_IT","pt_MZ","fr_PM","en_TW","id_ID","pt_PT","es_AG","en_DE","fr_CH","en_GR","en_RU","gu_IN","en_MY","es_BR"],"SupportedLanguages":["ur","lt","ja","id","mr","ms","hi","es-419","es","pl","ca","ta","fr","en-IN","or","fr-CA","da","bg","te","kk-Cyrl","pt-BR","zh-Hant-HK","hr","gu","de","th","sk","ro","sl","nb","kk","en-GB","hu","zh-HK","bn","ar","it","kn","ko","uk","pa","ru","vi","zh-Hans","zh-Hant","en-AU","ml","pt-PT","tr","fi","en-US","el","cs","sv","nl","he","en","es-US"]}
[20:38:47] 000081...: Batch Activate hoàn tất thành công.
[20:38:47] 000081...: time="2026-09-04T20:38:11+07:00" level=warning msg="go-ios agent is not running. You might need to start it with 'ios tunnel start' for ios17+. Use ENABLE_GO_IOS_AGENT=user for userspace tunnel or ENABLE_GO_IOS_AGENT=kernel for kernel tunnel for the experimental daemon mode."
time="2026-09-04T20:38:11+07:00" level=warning msg="failed to get tunnel info" udid=00008101-000E41E036E8001E
{"Language":"ja","Locale":"ja_JP","SupportedLocales":["sv_AX","en_CN","ro_RO","en_VG","es_VC","fr_MA","en_AL","es_TT","ar_SS","fr_VU","en_GS","fr_CI","en_BW","en_JM","es_BS","en_BD","en_MG","en_PT","ar_LB","ru_UA","fr_GN","en_HK","en_CO","en_KE","en_NR","fr_MU","en_FI","nl_BQ","en_WS","en_DG","ar_SA","en_RW","en_ZM","en_BE","el_CY","en_MH","bn_BD","nl_NL","pt_AO","en_ER","en_KY","es_CL","en_VI","en_FJ","es_VE","fr_MC","en_TZ","en_ID","es_TC","en_GU","zh_TW","es_GQ","ko_CN","mr_IN","en_GB","es_MX","en_ES","es_BB","es_PR","fr_GP","pt_GW","fi_FI","en_FK","en_NA","zh_CN","en_IE","en_LR","en_TH","ca_IT","ar_KM","en_BZ","de_CH","en_JP","te_IN","en_BG","da_GL","ar_QA","en_PW","en_US","ar_TN","fr_GQ","de_LI","cs_CZ","hu_HU","zh_HK","en_NU","es_VG","ta_IN","ar_EG","ro_MD","en_LS","fr_CM","ar_SD","en_GD","ar_IL","ar_LY","en_UA","fr_TD","pt_LU","es_PA","ta_SG","en_KI","es_CO","en_FM","fr_MF","ar_EH","tr_CY","en_LT","es_IC","en_DK","pt_ST","es_GT","fr_YT","en_GE","ms_BN","en_BI","he_IL","pt_TL","en_SS","es_KY","kk_KZ","en_CA","es_VI","zh-Hant_JP","fr_MG","ar_MR","hr_HR","en_AR","ar_SY","fr_SN","en_TK","en_GY","pt_CV","en_MM","es_ES","ar_AE","fr_DZ","en_001","zh-Hant_MY","en_PG","fr_RW","ca_ES","fr_GA","en_SA","fr_BE","hi_IN","en_AS","pt_MO","en_LV","ta_LK","en_DM","en_LC","en_GG","tr_TR","es_BZ","it_CH","zh-Hans_MO","en_150","it_VA","fr_TG","en_EE","es_US","en_PH","es_HN","sv_FI","en_CV","ms_SG","en_SB","fr_RE","en_CC","fr_BF","es_CR","en_NF","es_EA","en_AT","ar_MA","nl_BE","en_GH","th_TH","en_ZA","pt_FR","es_GD","en_MO","es_003","de_IT","es_PE","de_DE","en_SC","en_NZ","en_NG","en_AU","el_GR","en_GI","ar_001","en_BM","ar_IQ","en_MP","es_PY","fr_DJ","es_EC","vi_VN","en_US_POSIX","en_CX","en_KN","en_SD","en_FR","es_CA","kn_IN","en_IL","es_AR","en_TO","zh-Hans_HK","es_GY","bg_BG","fr_NC","ta_MY","en_BN","en_UG","en_HU","en_PK","en_SX","uk_UA","en_CY","es_CU","en_SE","sk_SK","fr_BI","fr_ML","de_BE","en_IM","fr_PF","es_DM","es_LC","en_ZW","fr_CA","pl_PL","pt_CH","zh-Hans_JP","ja_JP","nl_SR","fr_LU","en_JE","en_PL","es_PH","en_CZ","fr_GF","zh_MO","fr_BJ","en_IN","zh-Hans_MY","en_AE","fr_NE","en_RO","en_MS","es_419","it_IT","ar_TD","en_SZ","fr_WF","ru_MD","es_SV","en_SG","ml_IN","en_CH","es_CW","pt_BR","en_IO","bn_IN","ar_PS","en_TR","ar_KW","es_DO","en_GM","it_SM","ms_MY","es_UY","en_MT","sl_SI","es_BM","en_PN","es_HT","en_KR","en_SH","en_VU","es_KN","fr_BL","en_NL","ca_FR","en_AG","fr_KM","fr_SC","fr_CD","ko_KP","or_IN","nb_SJ","zh-Hant_CN","en_MU","ru_RU","fr_TN","ar_DZ","en_BR","en_SI","hr_BA","es_NI","ar_ER","en_VC","fr_HT","en_TT","ar_SO","ca_AD","da_DK","fr_FR","en_BS","en_MV","nl_CW","nb_NO","es_BO","de_LU","pt_GQ","ar_JO","en_CK","fr_MQ","zh_SG","ms_ID","en_AI","fr_CF","ko_KR","en_MW","en_UM","en_SK","en_CL","en_NO","fr_MR","en_TV","fr_SY","en_TC","fr_CG","nl_SX","en_MX","ar_YE","en_BB","es_BQ","de_AT","en_PR","sv_SE","ar_DJ","lt_LT","nl_AW","en_SL","ar_OM","en_CM","ru_KZ","ru_BY","ar_BH","ru_KG","en_IT","id_ID","pt_MZ","fr_PM","en_TW","es_AG","pt_PT","en_DE","gu_IN","fr_CH","en_RU","en_GR","es_BR","en_MY"],"SupportedLanguages":["ur","lt","ja","id","mr","ms","hi","es-419","es","pl","ca","ta","fr","en-IN","or","fr-CA","da","bg","te","kk-Cyrl","pt-BR","zh-Hant-HK","hr","gu","de","th","sk","ro","sl","nb","kk","en-GB","hu","zh-HK","bn","ar","it","kn","ko","uk","pa","ru","vi","zh-Hans","zh-Hant","en-AU","ml","pt-PT","tr","fi","en-US","el","cs","sv","nl","he","en","es-US"]}
[20:38:47] 000081...: Batch Activate hoàn tất thành công.
[20:39:39] 000081...: Đã ngắt kết nối.
[20:39:40] 000081...: Đã ngắt kết nối.
[20:39:40] 000081...: Đã ngắt kết nối.
[20:39:41] 000081...: Đã ngắt kết nối.
[20:39:41] 000081...: Đã ngắt kết nối.
[20:39:42] 000081...: Đã ngắt kết nối.
[20:39:42] 000081...: Đã ngắt kết nối.
[20:39:42] 000081...: Đã ngắt kết nối.
[20:39:43] 000081...: Đã ngắt kết nối.
[20:39:43] 000081...: Đã ngắt kết nối.
[20:40:02] 000081...: Kết nối: iPhone • iOS 26.6.1
[20:40:04] 000081...: Kết nối: iPhone • iOS 26.6.1
[20:40:04] 000081...: Kết nối: iPhone • iOS 26.6.1
[20:40:06] 000081...: Kết nối: iPhone • iOS 26.6.1
[20:40:07] 000081...: Kết nối: iPhone • iOS 26.6.1
[20:40:08] 000081...: Kết nối: iPhone • iOS 26.6.1
[20:40:09] 000081...: Kết nối: iPhone • iOS 26.6.1
[20:40:10] 000081...: Kết nối: iPhone • iOS 26.6.1
[20:40:11] 000081...: Kết nối: iPhone • iOS 26.6.1
[20:40:13] 000081...: Kết nối: iPhone • iOS 26.6.1
[20:40:32] SYSTEM...: Restore chuyển kho: B ➜ A | 19 bản backup | 10 máy ghép nối
[20:40:34] 000081...: SUCCESS: Validated pairing with device 00008101-0011548002C1001E
[20:40:34] 000081...: Đang tạo bản staging riêng; backup gốc chỉ được đọc...
[20:40:34] 000081...: SUCCESS: Validated pairing with device 00008101-00152C1E21C2001E
[20:40:34] 000081...: Đang tạo bản staging riêng; backup gốc chỉ được đọc...
[20:40:34] 000081...: SUCCESS: Validated pairing with device 00008101-00195C1036E8001E
[20:40:34] 000081...: Đang tạo bản staging riêng; backup gốc chỉ được đọc...
[20:40:34] 000081...: SUCCESS: Validated pairing with device 00008101-000D6D113A89001E
[20:40:34] 000081...: Đang tạo bản staging riêng; backup gốc chỉ được đọc...
[20:40:34] 000081...: SUCCESS: Validated pairing with device 00008101-00115DAA2663001E
[20:40:34] 000081...: Đang tạo bản staging riêng; backup gốc chỉ được đọc...
[20:40:34] 000081...: SUCCESS: Validated pairing with device 00008101-000C604836FA001E
[20:40:34] 000081...: Đang tạo bản staging riêng; backup gốc chỉ được đọc...
[20:40:34] 000081...: SUCCESS: Validated pairing with device 00008101-000D59493C50801E
[20:40:34] 000081...: Đang tạo bản staging riêng; backup gốc chỉ được đọc...
[20:40:34] 000081...: SUCCESS: Validated pairing with device 00008101-000245012293001E
[20:40:34] 000081...: Đang tạo bản staging riêng; backup gốc chỉ được đọc...
[20:40:34] 000081...: SUCCESS: Validated pairing with device 00008101-000434C12120001E
[20:40:34] 000081...: Đang tạo bản staging riêng; backup gốc chỉ được đọc...
[20:40:34] 000081...: SUCCESS: Validated pairing with device 00008101-001D05820EB8001E
[20:40:34] 000081...: Đang tạo bản staging riêng; backup gốc chỉ được đọc...
[20:40:52] 000081...: [=                                                 ]   1% Finished
[20:40:53] 000081...: [=                                                 ]   1% Finished
[20:40:53] 000081...: [=                                                 ]   1% Finished
[20:40:53] 000081...: [=                                                 ]   1% Finished
[20:40:53] 000081...: [=                                                 ]   1% Finished
[20:40:53] 000081...: [====                                              ]   7% Finished
[20:40:53] 000081...: [=                                                 ]   1% Finished
[20:40:54] 000081...: [=                                                 ]   1% Finished
[20:40:54] 000081...: [====                                              ]   7% Finished
[20:40:54] 000081...: [=                                                 ]   1% Finished
[20:40:54] 000081...: [====                                              ]   7% Finished
[20:40:54] 000081...: [===                                               ]   6% Finished
[20:40:54] 000081...: [==                                                ]   3% Finished
[20:40:55] 000081...: [=                                                 ]   1% Finished
[20:40:55] 000081...: [===                                               ]   6% Finished
[20:40:55] 000081...: [=                                                 ]   1% Finished
[20:40:55] 000081...: [===                                               ]   6% Finished
[20:40:56] 000081...: [======                                            ]  11% Finished
[20:40:56] 000081...: [====                                              ]   6% Finished
[20:40:57] 000081...: [======                                            ]  11% Finished
[20:40:57] 000081...: [=========                                         ]  17% Finished
[20:40:57] 000081...: [============                                      ]  23% Finished
[20:40:57] 000081...: [=========                                         ]  17% Finished
[20:40:57] 000081...: [====                                              ]   6% Finished
[20:40:58] 000081...: [======                                            ]  11% Finished
[20:40:58] 000081...: [==                                                ]   3% Finished
[20:40:58] 000081...: [==========                                        ]  19% Finished
[20:40:59] 000081...: [======                                            ]  11% Finished
[20:40:59] 000081...: [======                                            ]  11% Finished
[20:41:00] 000081...: [=========                                         ]  16% Finished
[20:41:00] 000081...: [===========                                       ]  22% Finished
[20:41:01] 000081...: [==========                                        ]  18% Finished
[20:41:01] 000081...: [======                                            ]  11% Finished
[20:41:02] 000081...: [======                                            ]  11% Finished
[20:41:02] 000081...: [==========                                        ]  19% Finished
[20:41:02] 000081...: [===================                               ]  38% Finished
[20:41:02] 000081...: [===================                               ]  38% Finished
[20:41:03] 000081...: [==========                                        ]  18% Finished
[20:41:03] 000081...: [============                                      ]  23% Finished
[20:41:03] 000081...: [==========                                        ]  18% Finished
[20:41:03] 000081...: [============                                      ]  23% Finished
[20:41:03] 000081...: [============                                      ]  23% Finished
[20:41:03] 000081...: [====================                              ]  39% Finished
[20:41:04] 000081...: [====================                              ]  38% Finished
[20:41:04] 000081...: [==========                                        ]  18% Finished
[20:41:05] 000081...: [=======================                           ]  44% Finished
[20:41:05] 000081...: [=========                                         ]  18% Finished
[20:41:05] 000081...: [============                                      ]  23% Finished
[20:41:05] 000081...: [======================                            ]  43% Finished
[20:41:06] 000081...: [=======================                           ]  45% Finished
[20:41:06] 000081...: [======================                            ]  44% Finished
[20:41:06] 000081...: [========================                          ]  48% Finished
[20:41:06] 000081...: [====================                              ]  38% Finished
[20:41:07] 000081...: [======================                            ]  43% Finished
[20:41:08] 000081...: [===================                               ]  38% Finished
[20:41:08] 000081...: [============                                      ]  23% Finished
[20:41:08] 000081...: [====================                              ]  39% Finished
[20:41:08] 000081...: [===================                               ]  37% Finished
[20:41:08] 000081...: [====================                              ]  38% Finished
[20:41:08] 000081...: [====================                              ]  38% Finished
[20:41:09] 000081...: [======================                            ]  43% Finished
[20:41:09] 000081...: [=======================                           ]  45% Finished
[20:41:09] 000081...: [=========================                         ]  50% Finished
[20:41:09] 000081...: [======================                            ]  44% Finished
[20:41:09] 000081...: [======================                            ]  43% Finished
[20:41:09] 000081...: [======================                            ]  43% Finished
[20:41:09] 000081...: [========================                          ]  48% Finished
[20:41:10] 000081...: [============================                      ]  55% Finished
[20:41:10] 000081...: [==========================                        ]  50% Finished
[20:41:10] 000081...: [===========================                       ]  54% Finished
[20:41:10] 000081...: [=========================                         ]  49% Finished
[20:41:10] 000081...: [============================                      ]  55% Finished
[20:41:10] 000081...: [==============================                    ]  60% Finished
[20:41:10] 000081...: [==============================                    ]  59% Finished
[20:41:10] 000081...: [===========================                       ]  54% Finished
[20:41:11] 000081...: [===============================                   ]  60% Finished
[20:41:11] 000081...: [==============================                    ]  59% Finished
[20:41:12] 000081...: [=========================                         ]  48% Finished
[20:41:12] 000081...: [======================================            ]  74% Finished
[20:41:12] 000081...: [==========================                        ]  50% Finished
[20:41:13] 000081...: [============================                      ]  55% Finished
[20:41:13] 000081...: [========================================          ]  79% Finished
[20:41:13] 000081...: [=================================                 ]  65% Finished
[20:41:13] 000081...: [========================================          ]  78% Finished
[20:41:14] 000081...: [========================================          ]  79% Finished
[20:41:14] 000081...: [===========================                       ]  52% Finished
[20:41:14] 000081...: [=======================================           ]  77% Finished
[20:41:14] 000081...: [==========================================        ]  84% Finished
[20:41:14] 000081...: [==========================                        ]  50% Finished
[20:41:14] 000081...: [==========================================        ]  83% Finished
[20:41:14] 000081...: [=============================                     ]  57% Finished
[20:41:14] 000081...: [========================                          ]  48% Finished
[20:41:15] 000081...: [==========================                        ]  52% Finished
[20:41:15] 000081...: [==========================================        ]  84% Finished
[20:41:15] 000081...: [============================                      ]  55% Finished
[20:41:15] 000081...: [===========================                       ]  53% Finished
[20:41:15] 000081...: [===========================                       ]  54% Finished
[20:41:15] 000081...: [=============================                     ]  57% Finished
[20:41:15] 000081...: [===============================                   ]  62% Finished
[20:41:15] 000081...: [==========================================        ]  82% Finished
[20:41:16] 000081...: [==============================                    ]  58% Finished
[20:41:16] 000081...: [===============================                   ]  60% Finished
[20:41:16] 000081...: [==============================                    ]  59% Finished
[20:41:16] 000081...: [================================                  ]  62% Finished
[20:41:16] 000081...: [==============================                    ]  60% Finished
[20:41:16] 000081...: [================================                  ]  63% Finished
[20:41:16] 000081...: [================================                  ]  64% Finished
[20:41:16] 000081...: [======================================            ]  74% Finished
[20:41:17] 000081...: [===============================================   ]  93% Finished
[20:41:18] 000081...: [===============================================   ]  94% Finished
[20:41:18] 000081...: [===============================================   ]  94% Finished
[20:41:19] 000081...: [==================================================]  98% Finished
[20:41:19] 000081...: [==================================================] 100% Finished
[20:41:19] 000081...: [===============================================   ]  93% Finished
[20:41:20] 000081...: [=======================================           ]  77% Finished
[20:41:20] 000081...: [========================================          ]  78% Finished
[20:41:20] 000081...: [======================================            ]  75% Finished
[20:41:20] 000081...: [==================================================]  99% Finished
[20:41:21] 000081...: [==================================================]  98% Finished
[20:41:21] 000081...: [=======================================           ]  78% Finished
[20:41:21] 000081...: [========================================          ]  79% Finished
[20:41:21] 000081...: [========================================          ]  78% Finished
[20:41:21] 000081...: [===============================================   ]  94% Finished
[20:41:21] 000081...: [==========================================        ]  84% Finished
[20:41:21] 000081...: [==========================================        ]  83% Finished
[20:41:22] 000081...: [========================================          ]  80% Finished
[20:41:22] 000081...: [==========================================        ]  82% Finished
[20:41:23] 000081...: [==========================================        ]  83% Finished
[20:41:24] 000081...: [================================================  ]  96% Finished
[20:41:24] 000081...: [===============================================   ]  94% Finished
[20:41:24] 000081...: [================================================= ]  96% Finished
[20:41:24] 000081...: [===========================================       ]  85% Finished
[20:41:24] 000081...: [===============================================   ]  94% Finished
[20:41:24] 000081...: [==================================================]  99% Finished
[20:41:24] 000081...: [===============================================   ]  94% Finished
[20:41:25] 000081...: [==================================================]  99% Finished
[20:41:31] 000081...: [==================================================] 100% Finished
[20:41:31] 000081...: Restore Successful.
[20:41:31] 000081...: Khôi phục dữ liệu Restore hoàn tất thành công.
[20:41:32] 000081...: [==================================================] 100% Finished
[20:41:32] 000081...: Restore Successful.
[20:41:32] 000081...: Khôi phục dữ liệu Restore hoàn tất thành công.
[20:41:33] 000081...: [==================================================] 100% Finished
[20:41:33] 000081...: Restore Successful.
[20:41:33] 000081...: Khôi phục dữ liệu Restore hoàn tất thành công.
[20:41:33] 000081...: Đã chuyển kho thành công: B ➔ Kho đối diện:
299_iPhone_phannhdung530
[20:41:33] 000081...: ✓ Đã chuyển iPhone thứ 31 qua Kho đối diện thành công!
[20:41:33] 000081...: ⚡ Auto Activate sau Restore: đang chờ thiết bị reboot...
[20:41:33] 000081...: ⏳ Restore hoàn tất. Bắt đầu đếm ngược (80s) cho iPhone khởi động hoàn toàn...
[20:41:34] 000081...: [==================================================] 100% Finished
[20:41:34] 000081...: [==================================================] 100% Finished
[20:41:34] 000081...: Restore Successful.
[20:41:34] 000081...: Khôi phục dữ liệu Restore hoàn tất thành công.
[20:41:34] 000081...: Đã chuyển kho thành công: B ➔ Kho đối diện:
295_iPhone_quchchimai885
[20:41:34] 000081...: ✓ Đã chuyển iPhone thứ 32 qua Kho đối diện thành công!
[20:41:34] 000081...: ⚡ Auto Activate sau Restore: đang chờ thiết bị reboot...
[20:41:34] 000081...: ⏳ Restore hoàn tất. Bắt đầu đếm ngược (80s) cho iPhone khởi động hoàn toàn...
[20:41:35] 000081...: [==================================================] 100% Finished
[20:41:35] 000081...: Restore Successful.
[20:41:35] 000081...: Khôi phục dữ liệu Restore hoàn tất thành công.
[20:41:36] 000081...: Đã chuyển kho thành công: B ➔ Kho đối diện:
292_iPhone_trnththo8292
[20:41:36] 000081...: ✓ Đã chuyển iPhone thứ 33 qua Kho đối diện thành công!
[20:41:36] 000081...: ⚡ Auto Activate sau Restore: đang chờ thiết bị reboot...
[20:41:36] 000081...: ⏳ Restore hoàn tất. Bắt đầu đếm ngược (80s) cho iPhone khởi động hoàn toàn...
[20:41:37] 000081...: Đã chuyển kho thành công: B ➔ Kho đối diện:
300_iPhone_lgiahng305
[20:41:37] 000081...: ✓ Đã chuyển iPhone thứ 34 qua Kho đối diện thành công!
[20:41:37] 000081...: ⚡ Auto Activate sau Restore: đang chờ thiết bị reboot...
[20:41:37] 000081...: ⏳ Restore hoàn tất. Bắt đầu đếm ngược (80s) cho iPhone khởi động hoàn toàn...
[20:41:37] 000081...: [==================================================] 100% Finished
[20:41:37] 000081...: [==================================================] 100% Finished
[20:41:37] 000081...: Restore Successful.
[20:41:37] 000081...: Khôi phục dữ liệu Restore hoàn tất thành công.
[20:41:38] 000081...: [==================================================] 100% Finished
[20:41:38] 000081...: [==================================================] 100% Finished
[20:41:38] 000081...: Restore Successful.
[20:41:38] 000081...: Khôi phục dữ liệu Restore hoàn tất thành công.
[20:41:38] 000081...: [==================================================]  99% Finished
[20:41:38] 000081...: [==================================================] 100% Finished
[20:41:38] 000081...: Restore Successful.
[20:41:38] 000081...: Khôi phục dữ liệu Restore hoàn tất thành công.
[20:41:38] 000081...: Đã chuyển kho thành công: B ➔ Kho đối diện:
297_iPhone_lthyvn4454
[20:41:38] 000081...: ✓ Đã chuyển iPhone thứ 35 qua Kho đối diện thành công!
[20:41:38] 000081...: ⚡ Auto Activate sau Restore: đang chờ thiết bị reboot...
[20:41:38] 000081...: ⏳ Restore hoàn tất. Bắt đầu đếm ngược (80s) cho iPhone khởi động hoàn toàn...
[20:41:38] 000081...: [==================================================] 100% Finished
[20:41:38] 000081...: Restore Successful.
[20:41:38] 000081...: Khôi phục dữ liệu Restore hoàn tất thành công.
[20:41:38] 000081...: [==================================================] 100% Finished
[20:41:38] 000081...: Restore Successful.
[20:41:38] 000081...: Khôi phục dữ liệu Restore hoàn tất thành công.
[20:41:41] 000081...: Đã chuyển kho thành công: B ➔ Kho đối diện:
296_iPhone_phmthunguyt759
[20:41:41] 000081...: ✓ Đã chuyển iPhone thứ 36 qua Kho đối diện thành công!
[20:41:41] 000081...: ⚡ Auto Activate sau Restore: đang chờ thiết bị reboot...
[20:41:41] 000081...: ⏳ Restore hoàn tất. Bắt đầu đếm ngược (80s) cho iPhone khởi động hoàn toàn...
[20:41:41] 000081...: Đã ngắt kết nối.
[20:41:42] 000081...: Đã chuyển kho thành công: B ➔ Kho đối diện:
294_iPhone_phmdipanh312
[20:41:42] 000081...: ✓ Đã chuyển iPhone thứ 37 qua Kho đối diện thành công!
[20:41:42] 000081...: ⚡ Auto Activate sau Restore: đang chờ thiết bị reboot...
[20:41:42] 000081...: ⏳ Restore hoàn tất. Bắt đầu đếm ngược (80s) cho iPhone khởi động hoàn toàn...
[20:41:43] 000081...: Đã chuyển kho thành công: B ➔ Kho đối diện:
293_iPhone_onthngnh894
[20:41:43] 000081...: ✓ Đã chuyển iPhone thứ 38 qua Kho đối diện thành công!
[20:41:43] 000081...: ⚡ Auto Activate sau Restore: đang chờ thiết bị reboot...
[20:41:43] 000081...: ⏳ Restore hoàn tất. Bắt đầu đếm ngược (80s) cho iPhone khởi động hoàn toàn...
[20:41:43] 000081...: Đã chuyển kho thành công: B ➔ Kho đối diện:
298_iPhone_mckimtuyn260
[20:41:43] 000081...: ✓ Đã chuyển iPhone thứ 39 qua Kho đối diện thành công!
[20:41:43] 000081...: ⚡ Auto Activate sau Restore: đang chờ thiết bị reboot...
[20:41:43] 000081...: ⏳ Restore hoàn tất. Bắt đầu đếm ngược (80s) cho iPhone khởi động hoàn toàn...
[20:41:43] 000081...: Đã chuyển kho thành công: B ➔ Kho đối diện:
301_iPhone_nguynphnghin7843
[20:41:43] 000081...: ✓ Đã chuyển iPhone thứ 39 qua Kho đối diện thành công!
[20:41:43] 000081...: ⚡ Auto Activate sau Restore: đang chờ thiết bị reboot...
[20:41:43] 000081...: ⏳ Restore hoàn tất. Bắt đầu đếm ngược (80s) cho iPhone khởi động hoàn toàn...
[20:41:43] 000081...: Đã ngắt kết nối.
[20:41:44] 000081...: Đã ngắt kết nối.
[20:41:45] 000081...: Đã ngắt kết nối.
[20:41:47] 000081...: Đã ngắt kết nối.
[20:41:47] 000081...: Đã ngắt kết nối.
[20:41:48] 000081...: Đã ngắt kết nối.
[20:41:48] 000081...: Đã ngắt kết nối.
[20:41:48] 000081...: Đã ngắt kết nối.
[20:41:50] 000081...: Đã ngắt kết nối.
[20:41:53] 000081...: ⏳ Đang chờ iPhone khởi động lại: còn 60s...
[20:41:54] 000081...: ⏳ Đang chờ iPhone khởi động lại: còn 60s...
[20:41:56] 000081...: ⏳ Đang chờ iPhone khởi động lại: còn 60s...
[20:41:57] 000081...: ⏳ Đang chờ iPhone khởi động lại: còn 60s...
[20:41:58] 000081...: ⏳ Đang chờ iPhone khởi động lại: còn 60s...
[20:42:01] 000081...: ⏳ Đang chờ iPhone khởi động lại: còn 60s...
[20:42:02] 000081...: ⏳ Đang chờ iPhone khởi động lại: còn 60s...
[20:42:03] 000081...: ⏳ Đang chờ iPhone khởi động lại: còn 60s...
[20:42:03] 000081...: Kết nối: iPhone • iOS 26.6.1
[20:42:03] 000081...: ⏳ Đang chờ iPhone khởi động lại: còn 60s...
[20:42:03] 000081...: ⏳ Đang chờ iPhone khởi động lại: còn 60s...
[20:42:04] 000081...: Kết nối: iPhone • iOS 26.6.1
[20:42:05] 000081...: Kết nối: iPhone • iOS 26.6.1
[20:42:06] 000081...: Kết nối: iPhone • iOS 26.6.1
[20:42:08] 000081...: Kết nối: iPhone • iOS 26.6.1
[20:42:09] 000081...: Kết nối: iPhone • iOS 26.6.1
[20:42:13] 000081...: ⏳ Đang chờ iPhone khởi động lại: còn 40s...
[20:42:14] 000081...: ⏳ Đang chờ iPhone khởi động lại: còn 40s...
[20:42:16] 000081...: Kết nối: iPhone • iOS 26.6.1
[20:42:16] 000081...: ⏳ Đang chờ iPhone khởi động lại: còn 40s...
[20:42:17] 000081...: ⏳ Đang chờ iPhone khởi động lại: còn 40s...
[20:42:18] 000081...: ⏳ Đang chờ iPhone khởi động lại: còn 40s...
[20:42:21] 000081...: ⏳ Đang chờ iPhone khởi động lại: còn 40s...
[20:42:21] 000081...: Kết nối: iPhone • iOS 26.6.1
[20:42:21] 000081...: Kết nối: iPhone • iOS 26.6.1
[20:42:21] 000081...: Kết nối: iPhone (Not Trust) • iOS ?
[20:42:22] 000081...: Đã xác nhận Trust: iPhone • iOS 26.6.1
[20:42:22] 000081...: ⏳ Đang chờ iPhone khởi động lại: còn 40s...
[20:42:23] 000081...: ⏳ Đang chờ iPhone khởi động lại: còn 40s...
[20:42:23] 000081...: ⏳ Đang chờ iPhone khởi động lại: còn 40s...
[20:42:23] 000081...: ⏳ Đang chờ iPhone khởi động lại: còn 40s...
[20:42:33] 000081...: ⏳ Đang chờ iPhone khởi động lại: còn 20s...
[20:42:34] 000081...: ⏳ Đang chờ iPhone khởi động lại: còn 20s...
[20:42:36] 000081...: ⏳ Đang chờ iPhone khởi động lại: còn 20s...
[20:42:37] 000081...: ⏳ Đang chờ iPhone khởi động lại: còn 20s...
[20:42:38] 000081...: ⏳ Đang chờ iPhone khởi động lại: còn 20s...
[20:42:41] 000081...: ⏳ Đang chờ iPhone khởi động lại: còn 20s...
[20:42:42] 000081...: ⏳ Đang chờ iPhone khởi động lại: còn 20s...
[20:42:43] 000081...: ⏳ Đang chờ iPhone khởi động lại: còn 20s...
[20:42:43] 000081...: ⏳ Đang chờ iPhone khởi động lại: còn 20s...
[20:42:43] 000081...: ⏳ Đang chờ iPhone khởi động lại: còn 20s...
[20:42:53] 000081...: ⌛ Đã hết 80 giây chờ! Đang kiểm tra kết nối thiết bị...
[20:42:54] 000081...: ⌛ Đã hết 80 giây chờ! Đang kiểm tra kết nối thiết bị...
[20:42:56] 000081...: ⌛ Đã hết 80 giây chờ! Đang kiểm tra kết nối thiết bị...
[20:42:56] 000081...: ✅ iPhone đã khởi động xong & kết nối ổn định ➔ Bắt đầu Batch Activate...
[20:42:56] 000081...: RUN: C:\TIKTOOL PRO V4\ideviceactivation.exe activate -u 00008101-000245012293001E -b
[20:42:57] 000081...: ⌛ Đã hết 80 giây chờ! Đang kiểm tra kết nối thiết bị...
[20:42:57] 000081...: ✅ iPhone đã khởi động xong & kết nối ổn định ➔ Bắt đầu Batch Activate...
[20:42:57] 000081...: RUN: C:\TIKTOOL PRO V4\ideviceactivation.exe activate -u 00008101-000D6D113A89001E -b
[20:42:58] 000081...: ⌛ Đã hết 80 giây chờ! Đang kiểm tra kết nối thiết bị...
[20:42:59] 000081...: ✅ iPhone đã khởi động xong & kết nối ổn định ➔ Bắt đầu Batch Activate...
[20:42:59] 000081...: RUN: C:\TIKTOOL PRO V4\ideviceactivation.exe activate -u 00008101-0011548002C1001E -b
[20:43:00] 000081...: ✅ iPhone đã khởi động xong & kết nối ổn định ➔ Bắt đầu Batch Activate...
[20:43:00] 000081...: RUN: C:\TIKTOOL PRO V4\ideviceactivation.exe activate -u 00008101-000434C12120001E -b
[20:43:01] 000081...: ⌛ Đã hết 80 giây chờ! Đang kiểm tra kết nối thiết bị...
[20:43:01] 000081...: ✅ iPhone đã khởi động xong & kết nối ổn định ➔ Bắt đầu Batch Activate...
[20:43:01] 000081...: RUN: C:\TIKTOOL PRO V4\ideviceactivation.exe activate -u 00008101-000C604836FA001E -b
[20:43:02] 000081...: NOTE: This device appears to be already activated. The server might report an error 'Device Unknown' instead of acknowledging the activation.
Activation server reports that device is already activated.
[20:43:02] 000081...: RUN: C:\TIKTOOL PRO V4\ios.exe prepare --skip-all --udid=00008101-000245012293001E --nojson
[20:43:02] 000081...: ⌛ Đã hết 80 giây chờ! Đang kiểm tra kết nối thiết bị...
[20:43:03] 000081...: ⌛ Đã hết 80 giây chờ! Đang kiểm tra kết nối thiết bị...
[20:43:03] 000081...: NOTE: This device appears to be already activated. The server might report an error 'Device Unknown' instead of acknowledging the activation.
Activation server reports that device is already activated.
[20:43:03] 000081...: RUN: C:\TIKTOOL PRO V4\ios.exe prepare --skip-all --udid=00008101-000D6D113A89001E --nojson
[20:43:03] 000081...: ⌛ Đã hết 80 giây chờ! Đang kiểm tra kết nối thiết bị...
[20:43:03] 000081...: ⌛ Đã hết 80 giây chờ! Đang kiểm tra kết nối thiết bị...
[20:43:04] 000081...: ✅ iPhone đã khởi động xong & kết nối ổn định ➔ Bắt đầu Batch Activate...
[20:43:04] 000081...: RUN: C:\TIKTOOL PRO V4\ideviceactivation.exe activate -u 00008101-00115DAA2663001E -b
[20:43:04] 000081...: NOTE: This device appears to be already activated. The server might report an error 'Device Unknown' instead of acknowledging the activation.
Activation server reports that device is already activated.
[20:43:04] 000081...: RUN: C:\TIKTOOL PRO V4\ios.exe prepare --skip-all --udid=00008101-0011548002C1001E --nojson
[20:43:05] 000081...: NOTE: This device appears to be already activated. The server might report an error 'Device Unknown' instead of acknowledging the activation.
Activation server reports that device is already activated.
[20:43:05] 000081...: RUN: C:\TIKTOOL PRO V4\ios.exe prepare --skip-all --udid=00008101-000434C12120001E --nojson
[20:43:05] 000081...: ✅ iPhone đã khởi động xong & kết nối ổn định ➔ Bắt đầu Batch Activate...
[20:43:05] 000081...: RUN: C:\TIKTOOL PRO V4\ideviceactivation.exe activate -u 00008101-00195C1036E8001E -b
[20:43:06] 000081...: ✅ iPhone đã khởi động xong & kết nối ổn định ➔ Bắt đầu Batch Activate...
[20:43:06] 000081...: RUN: C:\TIKTOOL PRO V4\ideviceactivation.exe activate -u 00008101-00152C1E21C2001E -b
[20:43:06] 000081...: ✅ iPhone đã khởi động xong & kết nối ổn định ➔ Bắt đầu Batch Activate...
[20:43:06] 000081...: RUN: C:\TIKTOOL PRO V4\ideviceactivation.exe activate -u 00008101-000D59493C50801E -b
[20:43:06] 000081...: ✅ iPhone đã khởi động xong & kết nối ổn định ➔ Bắt đầu Batch Activate...
[20:43:06] 000081...: RUN: C:\TIKTOOL PRO V4\ideviceactivation.exe activate -u 00008101-001D05820EB8001E -b
[20:43:06] 000081...: NOTE: This device appears to be already activated. The server might report an error 'Device Unknown' instead of acknowledging the activation.
Activation server reports that device is already activated.
[20:43:06] 000081...: RUN: C:\TIKTOOL PRO V4\ios.exe prepare --skip-all --udid=00008101-000C604836FA001E --nojson
[20:43:09] 000081...: NOTE: This device appears to be already activated. The server might report an error 'Device Unknown' instead of acknowledging the activation.
Activation server reports that device is already activated.
[20:43:09] 000081...: RUN: C:\TIKTOOL PRO V4\ios.exe prepare --skip-all --udid=00008101-00115DAA2663001E --nojson
[20:43:11] 000081...: NOTE: This device appears to be already activated. The server might report an error 'Device Unknown' instead of acknowledging the activation.
Activation server reports that device is already activated.
[20:43:11] 000081...: RUN: C:\TIKTOOL PRO V4\ios.exe prepare --skip-all --udid=00008101-00152C1E21C2001E --nojson
[20:43:11] 000081...: NOTE: This device appears to be already activated. The server might report an error 'Device Unknown' instead of acknowledging the activation.
Activation server reports that device is already activated.
[20:43:11] 000081...: RUN: C:\TIKTOOL PRO V4\ios.exe prepare --skip-all --udid=00008101-00195C1036E8001E --nojson
[20:43:11] 000081...: NOTE: This device appears to be already activated. The server might report an error 'Device Unknown' instead of acknowledging the activation.
Activation server reports that device is already activated.
[20:43:11] 000081...: RUN: C:\TIKTOOL PRO V4\ios.exe prepare --skip-all --udid=00008101-000D59493C50801E --nojson
[20:43:12] 000081...: NOTE: This device appears to be already activated. The server might report an error 'Device Unknown' instead of acknowledging the activation.
Activation server reports that device is already activated.
[20:43:12] 000081...: RUN: C:\TIKTOOL PRO V4\ios.exe prepare --skip-all --udid=00008101-001D05820EB8001E --nojson
[20:43:19] 000081...: time="2026-09-04T20:43:02+07:00" level=warning msg="go-ios agent is not running. You might need to start it with 'ios tunnel start' for ios17+. Use ENABLE_GO_IOS_AGENT=user for userspace tunnel or ENABLE_GO_IOS_AGENT=kernel for kernel tunnel for the experimental daemon mode."
time="2026-09-04T20:43:02+07:00" level=warning msg="failed to get tunnel info" udid=00008101-000245012293001E
time="2026-09-04T20:43:02+07:00" level=info msg="device is activated:true"
time="2026-09-04T20:43:02+07:00" level=info msg="send flush request"
time="2026-09-04T20:43:15+07:00" level=info msg="get cloud config"
"ok"
[20:43:19] 000081...: RUN: C:\TIKTOOL PRO V4\ios.exe lang --setlocale=ja_JP --setlang=ja --udid=00008101-000245012293001E --nojson
[20:43:26] 000081...: time="2026-09-04T20:43:07+07:00" level=warning msg="go-ios agent is not running. You might need to start it with 'ios tunnel start' for ios17+. Use ENABLE_GO_IOS_AGENT=user for userspace tunnel or ENABLE_GO_IOS_AGENT=kernel for kernel tunnel for the experimental daemon mode."
time="2026-09-04T20:43:07+07:00" level=warning msg="failed to get tunnel info" udid=00008101-000C604836FA001E
time="2026-09-04T20:43:07+07:00" level=info msg="device is activated:true"
time="2026-09-04T20:43:07+07:00" level=info msg="send flush request"
time="2026-09-04T20:43:19+07:00" level=info msg="get cloud config"
"ok"
[20:43:26] 000081...: RUN: C:\TIKTOOL PRO V4\ios.exe lang --setlocale=ja_JP --setlang=ja --udid=00008101-000C604836FA001E --nojson
[20:43:27] 000081...: time="2026-09-04T20:43:09+07:00" level=warning msg="go-ios agent is not running. You might need to start it with 'ios tunnel start' for ios17+. Use ENABLE_GO_IOS_AGENT=user for userspace tunnel or ENABLE_GO_IOS_AGENT=kernel for kernel tunnel for the experimental daemon mode."
time="2026-09-04T20:43:09+07:00" level=warning msg="failed to get tunnel info" udid=00008101-00115DAA2663001E
time="2026-09-04T20:43:09+07:00" level=info msg="device is activated:true"
time="2026-09-04T20:43:09+07:00" level=info msg="send flush request"
time="2026-09-04T20:43:23+07:00" level=info msg="get cloud config"
"ok"
[20:43:27] 000081...: RUN: C:\TIKTOOL PRO V4\ios.exe lang --setlocale=ja_JP --setlang=ja --udid=00008101-00115DAA2663001E --nojson
[20:43:28] 000081...: time="2026-09-04T20:43:05+07:00" level=warning msg="go-ios agent is not running. You might need to start it with 'ios tunnel start' for ios17+. Use ENABLE_GO_IOS_AGENT=user for userspace tunnel or ENABLE_GO_IOS_AGENT=kernel for kernel tunnel for the experimental daemon mode."
time="2026-09-04T20:43:05+07:00" level=warning msg="failed to get tunnel info" udid=00008101-000434C12120001E
time="2026-09-04T20:43:05+07:00" level=info msg="device is activated:true"
time="2026-09-04T20:43:05+07:00" level=info msg="send flush request"
time="2026-09-04T20:43:18+07:00" level=info msg="get cloud config"
"ok"
[20:43:28] 000081...: RUN: C:\TIKTOOL PRO V4\ios.exe lang --setlocale=ja_JP --setlang=ja --udid=00008101-000434C12120001E --nojson
[20:43:32] 000081...: time="2026-09-04T20:43:19+07:00" level=warning msg="go-ios agent is not running. You might need to start it with 'ios tunnel start' for ios17+. Use ENABLE_GO_IOS_AGENT=user for userspace tunnel or ENABLE_GO_IOS_AGENT=kernel for kernel tunnel for the experimental daemon mode."
time="2026-09-04T20:43:19+07:00" level=warning msg="failed to get tunnel info" udid=00008101-000245012293001E
{"Language":"ja","Locale":"ja_JP","SupportedLocales":["sv_AX","en_CN","ro_RO","en_VG","es_VC","fr_MA","en_AL","es_TT","ar_SS","fr_VU","fr_CI","en_GS","en_BW","en_JM","es_BS","en_BD","en_MG","en_PT","en_HK","fr_GN","ru_UA","ar_LB","en_CO","en_KE","en_NR","fr_MU","en_FI","nl_BQ","en_WS","en_DG","ar_SA","en_RW","en_ZM","en_BE","bn_BD","en_MH","el_CY","nl_NL","pt_AO","en_ER","en_KY","es_CL","en_VI","en_FJ","es_VE","fr_MC","en_TZ","en_ID","es_TC","zh_TW","en_GU","es_GQ","ko_CN","mr_IN","en_GB","es_MX","en_ES","es_BB","es_PR","fr_GP","pt_GW","fi_FI","en_FK","en_NA","zh_CN","en_IE","ca_IT","en_TH","en_LR","ar_KM","en_BZ","en_JP","de_CH","te_IN","en_BG","da_GL","en_US","en_PW","ar_TN","ar_QA","fr_GQ","de_LI","cs_CZ","en_NU","zh_HK","hu_HU","es_VG","ta_IN","ar_EG","ro_MD","en_LS","fr_CM","ar_SD","en_GD","ar_IL","ar_LY","en_UA","fr_TD","pt_LU","es_PA","ta_SG","en_KI","es_CO","en_FM","fr_MF","ar_EH","tr_CY","en_LT","es_IC","en_DK","pt_ST","es_GT","en_GE","fr_YT","ms_BN","en_BI","he_IL","pt_TL","en_SS","es_KY","kk_KZ","en_CA","es_VI","ar_MR","fr_MG","zh-Hant_JP","en_AR","hr_HR","en_TK","fr_SN","ar_SY","en_GY","pt_CV","fr_DZ","es_ES","ar_AE","en_MM","ca_ES","en_PG","en_001","fr_RW","zh-Hant_MY","fr_GA","en_SA","fr_BE","hi_IN","en_AS","pt_MO","en_LV","ta_LK","en_DM","en_LC","en_GG","es_BZ","tr_TR","it_CH","zh-Hans_MO","es_US","it_VA","en_150","en_EE","fr_TG","en_PH","es_HN","sv_FI","ms_SG","es_EA","es_CR","en_SB","en_CC","fr_BF","en_NF","en_CV","fr_RE","en_AT","ar_MA","nl_BE","en_GH","th_TH","en_ZA","pt_FR","es_GD","en_MO","es_003","de_IT","es_PE","de_DE","en_NZ","en_SC","en_NG","en_AU","el_GR","en_GI","ar_001","en_BM","ar_IQ","en_MP","es_PY","fr_DJ","es_EC","vi_VN","en_US_POSIX","en_CX","en_KN","en_SD","en_FR","es_CA","kn_IN","en_IL","es_AR","en_TO","zh-Hans_HK","es_GY","bg_BG","fr_NC","ta_MY","en_BN","en_UG","en_HU","en_PK","uk_UA","en_SX","en_CY","es_CU","sk_SK","en_SE","fr_BI","fr_ML","de_BE","en_IM","fr_PF","es_DM","es_LC","en_ZW","fr_CA","pl_PL","zh-Hans_JP","nl_SR","ja_JP","en_JE","fr_LU","pt_CH","en_PL","es_PH","zh_MO","fr_GF","en_CZ","fr_BJ","en_IN","zh-Hans_MY","en_AE","fr_NE","en_RO","en_MS","es_419","it_IT","ar_TD","en_SZ","fr_WF","ru_MD","ml_IN","en_SG","es_SV","en_CH","es_CW","pt_BR","en_IO","bn_IN","en_TR","ar_PS","ar_KW","es_DO","en_GM","it_SM","ms_MY","sl_SI","es_BM","es_UY","en_MT","en_PN","es_HT","en_KR","en_SH","en_VU","es_KN","fr_BL","en_NL","ca_FR","en_AG","fr_KM","fr_SC","fr_CD","ko_KP","or_IN","nb_SJ","zh-Hant_CN","en_BR","ru_RU","fr_TN","ar_DZ","en_MU","en_SI","hr_BA","es_NI","en_VC","ar_ER","fr_HT","en_TT","ar_SO","ca_AD","da_DK","fr_FR","en_BS","nl_CW","en_MV","es_BO","nb_NO","de_LU","en_CK","pt_GQ","ar_JO","fr_MQ","zh_SG","ms_ID","en_AI","fr_CF","ko_KR","en_MW","en_UM","en_SK","en_CL","en_NO","fr_MR","en_TV","fr_SY","en_TC","fr_CG","nl_SX","es_BQ","ar_YE","ru_BY","sv_SE","en_BB","en_PR","en_MX","de_AT","lt_LT","nl_AW","en_SL","ar_OM","en_CM","ru_KZ","ar_DJ","ar_BH","ru_KG","pt_MZ","id_ID","fr_PM","en_TW","en_IT","es_AG","pt_PT","en_DE","en_GR","gu_IN","en_RU","fr_CH","es_BR","en_MY"],"SupportedLanguages":["ur","lt","ja","id","mr","ms","hi","es-419","es","pl","ca","ta","fr","en-IN","or","fr-CA","da","bg","te","kk-Cyrl","pt-BR","zh-Hant-HK","hr","gu","de","th","sk","ro","sl","nb","kk","en-GB","hu","zh-HK","bn","ar","it","kn","ko","uk","pa","ru","vi","zh-Hans","zh-Hant","en-AU","ml","pt-PT","tr","fi","en-US","el","cs","sv","nl","he","en","es-US"]}
[20:43:32] 000081...: Batch Activate hoàn tất thành công.
[20:43:36] 000081...: time="2026-09-04T20:43:12+07:00" level=warning msg="go-ios agent is not running. You might need to start it with 'ios tunnel start' for ios17+. Use ENABLE_GO_IOS_AGENT=user for userspace tunnel or ENABLE_GO_IOS_AGENT=kernel for kernel tunnel for the experimental daemon mode."
time="2026-09-04T20:43:12+07:00" level=warning msg="failed to get tunnel info" udid=00008101-001D05820EB8001E
time="2026-09-04T20:43:12+07:00" level=info msg="device is activated:true"
time="2026-09-04T20:43:12+07:00" level=info msg="send flush request"
time="2026-09-04T20:43:25+07:00" level=info msg="get cloud config"
"ok"
[20:43:36] 000081...: RUN: C:\TIKTOOL PRO V4\ios.exe lang --setlocale=ja_JP --setlang=ja --udid=00008101-001D05820EB8001E --nojson
[20:43:36] 000081...: time="2026-09-04T20:43:11+07:00" level=warning msg="go-ios agent is not running. You might need to start it with 'ios tunnel start' for ios17+. Use ENABLE_GO_IOS_AGENT=user for userspace tunnel or ENABLE_GO_IOS_AGENT=kernel for kernel tunnel for the experimental daemon mode."
time="2026-09-04T20:43:11+07:00" level=warning msg="failed to get tunnel info" udid=00008101-00195C1036E8001E
time="2026-09-04T20:43:11+07:00" level=info msg="device is activated:true"
time="2026-09-04T20:43:11+07:00" level=info msg="send flush request"
time="2026-09-04T20:43:21+07:00" level=info msg="get cloud config"
"ok"
[20:43:36] 000081...: RUN: C:\TIKTOOL PRO V4\ios.exe lang --setlocale=ja_JP --setlang=ja --udid=00008101-00195C1036E8001E --nojson
[20:43:37] 000081...: time="2026-09-04T20:43:04+07:00" level=warning msg="go-ios agent is not running. You might need to start it with 'ios tunnel start' for ios17+. Use ENABLE_GO_IOS_AGENT=user for userspace tunnel or ENABLE_GO_IOS_AGENT=kernel for kernel tunnel for the experimental daemon mode."
time="2026-09-04T20:43:04+07:00" level=warning msg="failed to get tunnel info" udid=00008101-0011548002C1001E
time="2026-09-04T20:43:04+07:00" level=info msg="device is activated:true"
time="2026-09-04T20:43:04+07:00" level=info msg="send flush request"
time="2026-09-04T20:43:23+07:00" level=info msg="get cloud config"
"ok"
[20:43:37] 000081...: RUN: C:\TIKTOOL PRO V4\ios.exe lang --setlocale=ja_JP --setlang=ja --udid=00008101-0011548002C1001E --nojson
[20:43:37] 000081...: time="2026-09-04T20:43:11+07:00" level=warning msg="go-ios agent is not running. You might need to start it with 'ios tunnel start' for ios17+. Use ENABLE_GO_IOS_AGENT=user for userspace tunnel or ENABLE_GO_IOS_AGENT=kernel for kernel tunnel for the experimental daemon mode."
time="2026-09-04T20:43:11+07:00" level=warning msg="failed to get tunnel info" udid=00008101-00152C1E21C2001E
time="2026-09-04T20:43:11+07:00" level=info msg="device is activated:true"
time="2026-09-04T20:43:11+07:00" level=info msg="send flush request"
time="2026-09-04T20:43:27+07:00" level=info msg="get cloud config"
"ok"
[20:43:37] 000081...: RUN: C:\TIKTOOL PRO V4\ios.exe lang --setlocale=ja_JP --setlang=ja --udid=00008101-00152C1E21C2001E --nojson
[20:43:43] 000081...: time="2026-09-04T20:43:11+07:00" level=warning msg="go-ios agent is not running. You might need to start it with 'ios tunnel start' for ios17+. Use ENABLE_GO_IOS_AGENT=user for userspace tunnel or ENABLE_GO_IOS_AGENT=kernel for kernel tunnel for the experimental daemon mode."
time="2026-09-04T20:43:11+07:00" level=warning msg="failed to get tunnel info" udid=00008101-000D59493C50801E
time="2026-09-04T20:43:12+07:00" level=info msg="device is activated:true"
time="2026-09-04T20:43:12+07:00" level=info msg="send flush request"
time="2026-09-04T20:43:27+07:00" level=info msg="get cloud config"
"ok"
[20:43:43] 000081...: RUN: C:\TIKTOOL PRO V4\ios.exe lang --setlocale=ja_JP --setlang=ja --udid=00008101-000D59493C50801E --nojson
[20:43:45] 000081...: time="2026-09-04T20:43:03+07:00" level=warning msg="go-ios agent is not running. You might need to start it with 'ios tunnel start' for ios17+. Use ENABLE_GO_IOS_AGENT=user for userspace tunnel or ENABLE_GO_IOS_AGENT=kernel for kernel tunnel for the experimental daemon mode."
time="2026-09-04T20:43:03+07:00" level=warning msg="failed to get tunnel info" udid=00008101-000D6D113A89001E
time="2026-09-04T20:43:03+07:00" level=info msg="device is activated:true"
time="2026-09-04T20:43:03+07:00" level=info msg="send flush request"
time="2026-09-04T20:43:28+07:00" level=info msg="get cloud config"
"ok"
[20:43:45] 000081...: RUN: C:\TIKTOOL PRO V4\ios.exe lang --setlocale=ja_JP --setlang=ja --udid=00008101-000D6D113A89001E --nojson
[20:43:46] 000081...: time="2026-09-04T20:43:37+07:00" level=warning msg="go-ios agent is not running. You might need to start it with 'ios tunnel start' for ios17+. Use ENABLE_GO_IOS_AGENT=user for userspace tunnel or ENABLE_GO_IOS_AGENT=kernel for kernel tunnel for the experimental daemon mode."
time="2026-09-04T20:43:37+07:00" level=warning msg="failed to get tunnel info" udid=00008101-00152C1E21C2001E
{"Language":"ja","Locale":"ja_JP","SupportedLocales":["sv_AX","en_CN","ro_RO","en_VG","es_VC","fr_MA","en_AL","es_TT","ar_SS","fr_VU","fr_CI","en_GS","en_BW","en_JM","es_BS","en_BD","en_MG","en_PT","en_HK","ru_UA","fr_GN","ar_LB","en_CO","en_KE","en_NR","fr_MU","en_FI","nl_BQ","en_WS","en_DG","ar_SA","en_RW","en_ZM","en_BE","el_CY","en_MH","bn_BD","nl_NL","pt_AO","en_ER","en_KY","es_CL","en_VI","en_FJ","es_VE","fr_MC","en_TZ","en_ID","es_TC","en_GU","zh_TW","es_GQ","en_GB","mr_IN","ko_CN","es_MX","en_ES","es_BB","es_PR","fr_GP","pt_GW","fi_FI","en_FK","en_NA","zh_CN","en_IE","en_LR","ca_IT","en_TH","ar_KM","en_BZ","en_JP","da_GL","te_IN","en_US","en_BG","ar_QA","en_PW","ar_TN","de_CH","fr_GQ","de_LI","cs_CZ","hu_HU","zh_HK","en_NU","es_VG","ta_IN","ar_EG","ro_MD","en_LS","fr_CM","ar_SD","en_GD","ar_IL","ar_LY","en_UA","fr_TD","pt_LU","es_PA","ta_SG","en_KI","es_CO","en_FM","fr_MF","ar_EH","tr_CY","en_LT","es_IC","en_DK","pt_ST","es_GT","fr_YT","en_GE","ms_BN","en_BI","he_IL","pt_TL","en_SS","es_KY","kk_KZ","en_CA","es_VI","zh-Hant_JP","ar_MR","fr_MG","hr_HR","en_AR","ar_SY","fr_SN","en_TK","en_GY","pt_CV","en_MM","fr_DZ","es_ES","ar_AE","en_001","en_PG","ca_ES","fr_RW","zh-Hant_MY","fr_GA","en_SA","fr_BE","hi_IN","en_AS","pt_MO","en_LV","ta_LK","en_DM","en_LC","en_GG","es_BZ","tr_TR","zh-Hans_MO","es_US","en_150","it_VA","fr_TG","en_EE","it_CH","en_PH","es_EA","es_HN","sv_FI","en_CV","es_CR","fr_RE","en_CC","en_SB","fr_BF","ms_SG","en_NF","en_AT","ar_MA","nl_BE","en_GH","th_TH","en_ZA","pt_FR","es_GD","en_MO","es_003","de_IT","es_PE","de_DE","en_NZ","en_SC","en_NG","en_AU","el_GR","en_GI","ar_001","en_BM","ar_IQ","en_MP","es_PY","fr_DJ","es_EC","en_US_POSIX","vi_VN","en_CX","en_KN","en_SD","en_FR","es_CA","kn_IN","en_IL","es_AR","en_TO","zh-Hans_HK","es_GY","bg_BG","fr_NC","ta_MY","en_BN","en_UG","en_HU","uk_UA","en_SX","en_PK","en_CY","es_CU","en_SE","sk_SK","fr_BI","fr_ML","de_BE","en_IM","fr_PF","es_DM","es_LC","en_ZW","fr_CA","pl_PL","pt_CH","nl_SR","en_JE","ja_JP","fr_LU","zh-Hans_JP","en_PL","es_PH","zh_MO","fr_GF","en_CZ","fr_BJ","en_IN","zh-Hans_MY","en_AE","fr_NE","en_RO","en_MS","es_419","it_IT","ar_TD","en_SZ","fr_WF","es_SV","ml_IN","en_SG","es_CW","en_CH","ru_MD","pt_BR","en_IO","bn_IN","en_TR","ar_PS","ar_KW","es_DO","en_GM","it_SM","ms_MY","sl_SI","es_UY","es_BM","en_MT","en_PN","es_HT","en_KR","en_SH","en_VU","es_KN","fr_BL","en_NL","ca_FR","en_AG","fr_KM","fr_SC","fr_CD","ko_KP","or_IN","nb_SJ","zh-Hant_CN","en_MU","en_BR","ru_RU","ar_DZ","fr_TN","en_SI","en_VC","es_NI","ar_ER","hr_BA","fr_HT","en_TT","ar_SO","ca_AD","da_DK","fr_FR","en_BS","nl_CW","en_MV","es_BO","nb_NO","de_LU","en_CK","ar_JO","pt_GQ","fr_MQ","zh_SG","ms_ID","en_AI","fr_CF","ko_KR","en_MW","en_UM","en_SK","en_CL","en_NO","fr_MR","en_TV","fr_SY","en_TC","fr_CG","nl_SX","es_BQ","ar_YE","ru_BY","en_BB","de_AT","en_MX","en_PR","ar_DJ","lt_LT","nl_AW","en_SL","ar_OM","en_CM","ru_KZ","sv_SE","ar_BH","ru_KG","en_IT","pt_MZ","en_TW","fr_PM","id_ID","es_AG","pt_PT","en_DE","fr_CH","en_GR","en_RU","gu_IN","es_BR","en_MY"],"SupportedLanguages":["ur","lt","ja","id","mr","ms","hi","es-419","es","pl","ca","ta","fr","en-IN","or","fr-CA","da","bg","te","kk-Cyrl","pt-BR","zh-Hant-HK","hr","gu","de","th","sk","ro","sl","nb","kk","en-GB","hu","zh-HK","bn","ar","it","kn","ko","uk","pa","ru","vi","zh-Hans","zh-Hant","en-AU","ml","pt-PT","tr","fi","en-US","el","cs","sv","nl","he","en","es-US"]}
[20:43:46] 000081...: Batch Activate hoàn tất thành công.
[20:43:48] 000081...: time="2026-09-04T20:43:36+07:00" level=warning msg="go-ios agent is not running. You might need to start it with 'ios tunnel start' for ios17+. Use ENABLE_GO_IOS_AGENT=user for userspace tunnel or ENABLE_GO_IOS_AGENT=kernel for kernel tunnel for the experimental daemon mode."
time="2026-09-04T20:43:36+07:00" level=warning msg="failed to get tunnel info" udid=00008101-001D05820EB8001E
{"Language":"ja","Locale":"ja_JP","SupportedLocales":["sv_AX","en_CN","ro_RO","en_VG","es_VC","fr_MA","en_AL","es_TT","ar_SS","fr_VU","fr_CI","en_GS","en_BW","en_JM","es_BS","en_BD","en_MG","en_PT","en_HK","ar_LB","fr_GN","ru_UA","en_CO","en_KE","en_NR","fr_MU","en_FI","nl_BQ","en_WS","en_DG","ar_SA","en_RW","en_ZM","en_BE","el_CY","en_MH","en_ER","nl_NL","pt_AO","bn_BD","en_KY","es_CL","en_VI","es_VE","en_FJ","fr_MC","en_TZ","en_ID","es_TC","en_GU","zh_TW","es_GQ","en_GB","mr_IN","ko_CN","es_MX","en_ES","es_BB","es_PR","fr_GP","pt_GW","fi_FI","en_FK","en_NA","zh_CN","en_IE","en_LR","en_TH","ca_IT","ar_KM","en_BZ","de_CH","da_GL","te_IN","en_US","en_JP","ar_QA","en_PW","en_BG","ar_TN","fr_GQ","de_LI","cs_CZ","hu_HU","zh_HK","en_NU","es_VG","ta_IN","ar_EG","ro_MD","en_LS","fr_CM","ar_SD","en_GD","ar_IL","ar_LY","en_UA","fr_TD","pt_LU","es_PA","ta_SG","en_KI","es_CO","en_FM","fr_MF","tr_CY","ar_EH","en_LT","es_IC","en_DK","pt_ST","es_GT","fr_YT","en_GE","ms_BN","en_BI","he_IL","pt_TL","en_SS","es_KY","kk_KZ","en_CA","es_VI","zh-Hant_JP","fr_MG","ar_MR","en_AR","hr_HR","ar_SY","fr_SN","en_TK","en_GY","pt_CV","en_MM","es_ES","fr_DZ","ar_AE","en_001","zh-Hant_MY","ca_ES","fr_RW","en_PG","fr_GA","en_SA","fr_BE","hi_IN","en_AS","pt_MO","en_LV","ta_LK","en_DM","en_LC","en_GG","es_BZ","tr_TR","it_CH","zh-Hans_MO","es_US","it_VA","fr_TG","en_EE","en_150","en_PH","es_EA","sv_FI","en_CV","ms_SG","es_CR","fr_RE","en_SB","fr_BF","en_NF","en_CC","es_HN","en_AT","ar_MA","nl_BE","en_GH","es_GD","th_TH","pt_FR","en_ZA","en_MO","es_003","de_IT","es_PE","de_DE","en_NZ","en_SC","en_NG","en_AU","el_GR","en_GI","ar_001","en_BM","ar_IQ","en_MP","es_PY","fr_DJ","es_EC","vi_VN","en_US_POSIX","en_CX","en_KN","en_SD","en_FR","es_CA","kn_IN","en_IL","es_AR","en_TO","zh-Hans_HK","es_GY","bg_BG","fr_NC","ta_MY","en_BN","en_UG","en_HU","en_PK","en_SX","uk_UA","en_CY","es_CU","sk_SK","en_SE","fr_BI","fr_ML","en_IM","de_BE","fr_PF","es_DM","es_LC","en_ZW","fr_CA","pl_PL","pt_CH","nl_SR","ja_JP","en_JE","fr_LU","zh-Hans_JP","en_PL","es_PH","zh_MO","en_CZ","fr_GF","fr_BJ","en_IN","zh-Hans_MY","en_AE","fr_NE","en_RO","en_MS","es_419","it_IT","ar_TD","en_SZ","fr_WF","ru_MD","ml_IN","en_SG","es_CW","en_CH","es_SV","pt_BR","en_IO","bn_IN","ar_PS","en_TR","ar_KW","es_DO","en_GM","it_SM","ms_MY","sl_SI","en_MT","es_BM","es_UY","en_PN","es_HT","en_KR","en_SH","en_VU","es_KN","fr_BL","en_NL","ca_FR","en_AG","fr_KM","fr_SC","fr_CD","ko_KP","or_IN","nb_SJ","zh-Hant_CN","ru_RU","en_MU","fr_TN","ar_DZ","en_BR","en_SI","en_VC","es_NI","ar_ER","hr_BA","fr_HT","en_TT","ar_SO","ca_AD","fr_FR","da_DK","en_BS","en_MV","es_BO","nb_NO","nl_CW","de_LU","en_CK","ar_JO","pt_GQ","fr_MQ","zh_SG","ms_ID","en_AI","fr_CF","ko_KR","en_MW","en_UM","en_SK","en_CL","en_NO","fr_MR","en_TV","fr_SY","en_TC","fr_CG","nl_SX","es_BQ","en_MX","ru_BY","sv_SE","de_AT","ar_YE","en_PR","ar_DJ","lt_LT","ar_OM","en_SL","en_BB","en_CM","nl_AW","ru_KZ","ar_BH","ru_KG","en_IT","id_ID","pt_MZ","fr_PM","en_TW","pt_PT","es_AG","en_DE","fr_CH","en_GR","gu_IN","en_RU","en_MY","es_BR"],"SupportedLanguages":["ur","lt","ja","id","mr","ms","hi","es-419","es","pl","ca","ta","fr","en-IN","or","fr-CA","da","bg","te","kk-Cyrl","pt-BR","zh-Hant-HK","hr","gu","de","th","sk","ro","sl","nb","kk","en-GB","hu","zh-HK","bn","ar","it","kn","ko","uk","pa","ru","vi","zh-Hans","zh-Hant","en-AU","ml","pt-PT","tr","fi","en-US","el","cs","sv","nl","he","en","es-US"]}
[20:43:48] 000081...: Batch Activate hoàn tất thành công.
[20:43:54] 000081...: time="2026-09-04T20:43:26+07:00" level=warning msg="go-ios agent is not running. You might need to start it with 'ios tunnel start' for ios17+. Use ENABLE_GO_IOS_AGENT=user for userspace tunnel or ENABLE_GO_IOS_AGENT=kernel for kernel tunnel for the experimental daemon mode."
time="2026-09-04T20:43:26+07:00" level=warning msg="failed to get tunnel info" udid=00008101-000C604836FA001E
{"Language":"ja","Locale":"ja_JP","SupportedLocales":["sv_AX","en_CN","ro_RO","en_VG","es_VC","fr_MA","en_AL","es_TT","ar_SS","fr_VU","fr_CI","en_GS","en_BW","en_JM","es_BS","en_BD","en_MG","en_PT","en_HK","ar_LB","ru_UA","fr_GN","en_CO","en_KE","en_NR","fr_MU","en_FI","nl_BQ","en_WS","en_DG","ar_SA","en_RW","en_ZM","en_BE","en_ER","en_MH","el_CY","pt_AO","bn_BD","nl_NL","en_KY","es_CL","en_VI","en_FJ","es_VE","fr_MC","en_TZ","en_ID","es_TC","zh_TW","en_GU","es_GQ","en_GB","mr_IN","ko_CN","es_MX","en_ES","es_BB","es_PR","fr_GP","pt_GW","fi_FI","en_FK","en_NA","zh_CN","en_IE","ca_IT","en_TH","en_LR","ar_KM","en_BZ","de_CH","da_GL","te_IN","en_US","en_BG","en_JP","en_PW","ar_TN","ar_QA","fr_GQ","de_LI","cs_CZ","hu_HU","en_NU","zh_HK","es_VG","ta_IN","ar_EG","ro_MD","en_LS","fr_CM","ar_SD","en_GD","ar_IL","ar_LY","en_UA","fr_TD","pt_LU","es_PA","ta_SG","en_KI","es_CO","en_FM","fr_MF","tr_CY","ar_EH","en_LT","es_IC","en_DK","pt_ST","es_GT","fr_YT","en_GE","ms_BN","en_BI","he_IL","pt_TL","en_SS","es_KY","kk_KZ","en_CA","es_VI","zh-Hant_JP","fr_MG","ar_MR","hr_HR","en_AR","en_TK","fr_SN","ar_SY","en_GY","pt_CV","en_MM","es_ES","ar_AE","fr_DZ","zh-Hant_MY","en_PG","ca_ES","fr_RW","en_001","fr_GA","en_SA","fr_BE","hi_IN","en_AS","pt_MO","en_LV","ta_LK","en_DM","en_LC","en_GG","es_BZ","tr_TR","it_CH","zh-Hans_MO","en_150","it_VA","fr_TG","es_US","en_EE","es_EA","sv_FI","es_HN","en_CV","ms_SG","es_CR","en_SB","en_CC","en_PH","en_NF","fr_BF","fr_RE","en_AT","ar_MA","nl_BE","en_GH","th_TH","en_ZA","pt_FR","es_GD","en_MO","es_003","de_IT","es_PE","de_DE","en_NZ","en_SC","en_NG","en_AU","el_GR","en_GI","ar_001","en_BM","ar_IQ","en_MP","es_PY","fr_DJ","es_EC","en_US_POSIX","vi_VN","en_CX","en_KN","en_SD","en_FR","es_CA","kn_IN","en_IL","es_AR","en_TO","zh-Hans_HK","es_GY","bg_BG","fr_NC","en_BN","ta_MY","en_UG","en_HU","uk_UA","en_SX","en_PK","en_CY","es_CU","sk_SK","en_SE","fr_BI","fr_ML","de_BE","en_IM","fr_PF","es_DM","es_LC","en_ZW","fr_CA","pl_PL","pt_CH","nl_SR","ja_JP","zh-Hans_JP","fr_LU","en_JE","en_PL","es_PH","zh_MO","fr_GF","en_CZ","fr_BJ","en_IN","zh-Hans_MY","en_AE","fr_NE","en_RO","en_MS","es_419","it_IT","ar_TD","en_SZ","fr_WF","es_SV","ml_IN","en_SG","es_CW","en_CH","ru_MD","pt_BR","en_IO","bn_IN","en_TR","ar_PS","ar_KW","es_DO","en_GM","it_SM","ms_MY","sl_SI","en_MT","es_BM","es_UY","en_PN","es_HT","en_KR","en_SH","en_VU","es_KN","fr_BL","en_NL","ca_FR","en_AG","fr_KM","fr_SC","fr_CD","ko_KP","or_IN","nb_SJ","zh-Hant_CN","en_MU","ru_RU","fr_TN","ar_DZ","en_BR","en_SI","hr_BA","es_NI","en_VC","ar_ER","fr_HT","en_TT","ar_SO","ca_AD","fr_FR","da_DK","en_BS","nl_CW","es_BO","nb_NO","en_MV","de_LU","en_CK","ar_JO","pt_GQ","fr_MQ","zh_SG","ms_ID","en_AI","fr_CF","ko_KR","en_MW","en_UM","en_SK","en_CL","en_NO","fr_MR","en_TV","fr_SY","en_TC","fr_CG","nl_SX","en_MX","ar_YE","ru_BY","sv_SE","de_AT","en_PR","en_BB","ar_DJ","lt_LT","ar_OM","en_SL","es_BQ","en_CM","ru_KZ","nl_AW","ar_BH","ru_KG","en_IT","id_ID","pt_MZ","en_TW","fr_PM","es_AG","pt_PT","en_DE","gu_IN","en_GR","en_RU","fr_CH","en_MY","es_BR"],"SupportedLanguages":["ur","lt","ja","id","mr","ms","hi","es-419","es","pl","ca","ta","fr","en-IN","or","fr-CA","da","bg","te","kk-Cyrl","pt-BR","zh-Hant-HK","hr","gu","de","th","sk","ro","sl","nb","kk","en-GB","hu","zh-HK","bn","ar","it","kn","ko","uk","pa","ru","vi","zh-Hans","zh-Hant","en-AU","ml","pt-PT","tr","fi","en-US","el","cs","sv","nl","he","en","es-US"]}
[20:43:54] 000081...: Batch Activate hoàn tất thành công.
[20:43:54] 000081...: time="2026-09-04T20:43:28+07:00" level=warning msg="go-ios agent is not running. You might need to start it with 'ios tunnel start' for ios17+. Use ENABLE_GO_IOS_AGENT=user for userspace tunnel or ENABLE_GO_IOS_AGENT=kernel for kernel tunnel for the experimental daemon mode."
time="2026-09-04T20:43:28+07:00" level=warning msg="failed to get tunnel info" udid=00008101-000434C12120001E
{"Language":"ja","Locale":"ja_JP","SupportedLocales":["sv_AX","en_CN","ro_RO","en_VG","es_VC","fr_MA","en_AL","es_TT","ar_SS","fr_VU","en_GS","fr_CI","en_BW","en_JM","es_BS","en_BD","en_MG","en_PT","en_HK","ar_LB","fr_GN","ru_UA","en_CO","en_KE","en_NR","fr_MU","en_FI","nl_BQ","en_WS","en_DG","ar_SA","en_RW","en_ZM","en_BE","bn_BD","en_MH","el_CY","pt_AO","en_ER","nl_NL","en_KY","es_CL","en_VI","en_FJ","es_VE","fr_MC","en_TZ","en_ID","es_TC","zh_TW","en_GU","es_GQ","en_GB","mr_IN","ko_CN","es_MX","en_ES","es_BB","es_PR","fr_GP","pt_GW","fi_FI","en_FK","en_NA","zh_CN","en_IE","ca_IT","en_TH","en_LR","ar_KM","en_BZ","de_CH","en_JP","te_IN","en_US","en_BG","ar_QA","en_PW","da_GL","ar_TN","fr_GQ","de_LI","cs_CZ","hu_HU","en_NU","zh_HK","es_VG","ta_IN","ar_EG","ro_MD","en_LS","fr_CM","ar_SD","en_GD","ar_IL","ar_LY","en_UA","fr_TD","pt_LU","es_PA","ta_SG","en_KI","es_CO","en_FM","fr_MF","ar_EH","tr_CY","en_LT","es_IC","en_DK","pt_ST","es_GT","fr_YT","en_GE","ms_BN","en_BI","he_IL","pt_TL","en_SS","es_KY","kk_KZ","en_CA","es_VI","zh-Hant_JP","ar_MR","fr_MG","hr_HR","en_AR","en_TK","fr_SN","ar_SY","en_GY","pt_CV","fr_DZ","es_ES","ar_AE","en_MM","zh-Hant_MY","en_001","en_PG","ca_ES","fr_RW","fr_GA","en_SA","fr_BE","hi_IN","en_AS","pt_MO","en_LV","ta_LK","en_DM","en_LC","en_GG","tr_TR","es_BZ","zh-Hans_MO","es_US","en_150","it_VA","fr_TG","en_EE","it_CH","en_PH","es_EA","sv_FI","en_CV","ms_SG","en_SB","fr_RE","en_CC","fr_BF","en_NF","es_HN","es_CR","en_AT","ar_MA","nl_BE","en_GH","es_GD","th_TH","pt_FR","en_ZA","en_MO","es_003","de_IT","es_PE","de_DE","en_NZ","en_SC","en_NG","en_AU","el_GR","en_GI","ar_001","en_BM","ar_IQ","en_MP","es_PY","fr_DJ","es_EC","vi_VN","en_US_POSIX","en_CX","en_KN","en_SD","en_FR","es_CA","kn_IN","en_IL","es_AR","en_TO","zh-Hans_HK","bg_BG","es_GY","fr_NC","ta_MY","en_BN","en_UG","en_HU","en_PK","uk_UA","en_SX","en_CY","en_SE","es_CU","sk_SK","fr_BI","fr_ML","de_BE","en_IM","fr_PF","es_DM","es_LC","en_ZW","fr_CA","pl_PL","zh-Hans_JP","nl_SR","ja_JP","en_JE","pt_CH","fr_LU","en_PL","es_PH","zh_MO","fr_GF","en_CZ","fr_BJ","en_IN","zh-Hans_MY","en_AE","fr_NE","en_RO","en_MS","es_419","it_IT","ar_TD","en_SZ","fr_WF","ru_MD","es_SV","en_SG","es_CW","en_CH","ml_IN","pt_BR","en_IO","bn_IN","ar_PS","en_TR","ar_KW","es_DO","en_GM","it_SM","ms_MY","es_UY","en_MT","es_BM","sl_SI","en_PN","es_HT","en_KR","en_SH","en_VU","es_KN","fr_BL","en_NL","ca_FR","en_AG","fr_KM","fr_SC","fr_CD","ko_KP","or_IN","zh-Hant_CN","en_BR","en_MU","ru_RU","nb_SJ","ar_DZ","fr_TN","en_SI","hr_BA","es_NI","en_VC","ar_ER","fr_HT","en_TT","ar_SO","ca_AD","da_DK","fr_FR","en_BS","nl_CW","en_MV","es_BO","nb_NO","de_LU","pt_GQ","ar_JO","en_CK","fr_MQ","zh_SG","ms_ID","en_AI","fr_CF","ko_KR","en_MW","en_UM","en_SK","en_CL","en_NO","fr_MR","en_TV","fr_SY","en_TC","fr_CG","nl_SX","es_BQ","ar_YE","en_BB","sv_SE","de_AT","en_PR","en_MX","ar_DJ","lt_LT","ar_OM","en_SL","nl_AW","en_CM","ru_KZ","ru_BY","ar_BH","ru_KG","en_IT","pt_MZ","en_TW","fr_PM","id_ID","pt_PT","es_AG","en_DE","en_GR","gu_IN","en_RU","fr_CH","en_MY","es_BR"],"SupportedLanguages":["ur","lt","ja","id","mr","ms","hi","es-419","es","pl","ca","ta","fr","en-IN","or","fr-CA","da","bg","te","kk-Cyrl","pt-BR","zh-Hant-HK","hr","gu","de","th","sk","ro","sl","nb","kk","en-GB","hu","zh-HK","bn","ar","it","kn","ko","uk","pa","ru","vi","zh-Hans","zh-Hant","en-AU","ml","pt-PT","tr","fi","en-US","el","cs","sv","nl","he","en","es-US"]}
[20:43:54] 000081...: Batch Activate hoàn tất thành công.
[20:43:55] 000081...: time="2026-09-04T20:43:37+07:00" level=warning msg="go-ios agent is not running. You might need to start it with 'ios tunnel start' for ios17+. Use ENABLE_GO_IOS_AGENT=user for userspace tunnel or ENABLE_GO_IOS_AGENT=kernel for kernel tunnel for the experimental daemon mode."
time="2026-09-04T20:43:37+07:00" level=warning msg="failed to get tunnel info" udid=00008101-0011548002C1001E
{"Language":"ja","Locale":"ja_JP","SupportedLocales":["sv_AX","en_CN","ro_RO","en_VG","es_VC","fr_MA","en_AL","es_TT","ar_SS","fr_VU","fr_CI","en_GS","en_BW","en_JM","es_BS","en_BD","en_MG","en_PT","ar_LB","ru_UA","en_HK","fr_GN","en_CO","en_KE","en_NR","fr_MU","en_FI","nl_BQ","en_WS","en_DG","ar_SA","en_RW","en_ZM","en_BE","el_CY","en_MH","en_ER","nl_NL","pt_AO","bn_BD","en_KY","es_CL","en_VI","en_FJ","es_VE","fr_MC","en_TZ","en_ID","es_TC","en_GU","zh_TW","es_GQ","en_GB","mr_IN","ko_CN","es_MX","en_ES","es_BB","es_PR","fr_GP","pt_GW","fi_FI","en_FK","en_NA","zh_CN","en_IE","en_LR","en_TH","ca_IT","ar_KM","en_BZ","en_JP","da_GL","te_IN","en_BG","de_CH","ar_QA","ar_TN","en_PW","en_US","fr_GQ","de_LI","cs_CZ","en_NU","hu_HU","zh_HK","es_VG","ta_IN","ar_EG","ro_MD","en_LS","fr_CM","ar_SD","en_GD","ar_IL","ar_LY","en_UA","fr_TD","pt_LU","es_PA","ta_SG","en_KI","es_CO","en_FM","fr_MF","tr_CY","ar_EH","en_LT","es_IC","en_DK","pt_ST","es_GT","en_GE","fr_YT","ms_BN","en_BI","he_IL","pt_TL","en_SS","es_KY","kk_KZ","en_CA","es_VI","zh-Hant_JP","ar_MR","fr_MG","en_AR","hr_HR","en_TK","fr_SN","ar_SY","en_GY","pt_CV","fr_DZ","es_ES","ar_AE","en_MM","zh-Hant_MY","en_PG","ca_ES","fr_RW","en_001","fr_GA","en_SA","fr_BE","hi_IN","en_AS","pt_MO","en_LV","ta_LK","en_DM","en_LC","en_GG","es_BZ","tr_TR","it_CH","es_US","en_150","it_VA","zh-Hans_MO","en_EE","fr_TG","es_EA","sv_FI","es_HN","en_CV","ms_SG","en_SB","fr_RE","en_CC","fr_BF","en_NF","en_PH","es_CR","en_AT","ar_MA","nl_BE","en_GH","th_TH","en_ZA","pt_FR","es_GD","en_MO","es_003","de_IT","es_PE","de_DE","en_SC","en_NZ","en_NG","en_AU","el_GR","en_GI","ar_001","en_BM","ar_IQ","en_MP","es_PY","fr_DJ","es_EC","vi_VN","en_US_POSIX","en_CX","en_KN","en_SD","en_FR","es_CA","kn_IN","en_IL","es_AR","en_TO","zh-Hans_HK","es_GY","bg_BG","fr_NC","ta_MY","en_BN","en_UG","en_HU","en_PK","en_SX","uk_UA","en_CY","en_SE","es_CU","sk_SK","fr_BI","fr_ML","de_BE","en_IM","fr_PF","es_DM","es_LC","en_ZW","fr_CA","pl_PL","pt_CH","zh-Hans_JP","ja_JP","en_JE","fr_LU","nl_SR","en_PL","es_PH","en_CZ","fr_GF","zh_MO","fr_BJ","en_IN","zh-Hans_MY","en_AE","en_RO","fr_NE","en_MS","es_419","it_IT","ar_TD","en_SZ","fr_WF","ru_MD","ml_IN","es_CW","en_SG","en_CH","es_SV","pt_BR","en_IO","bn_IN","en_TR","ar_PS","ar_KW","es_DO","en_GM","it_SM","ms_MY","sl_SI","es_BM","es_UY","en_MT","en_PN","es_HT","en_KR","en_SH","en_VU","es_KN","fr_BL","en_NL","ca_FR","en_AG","fr_KM","fr_SC","fr_CD","ko_KP","or_IN","zh-Hant_CN","en_BR","en_MU","ru_RU","nb_SJ","ar_DZ","fr_TN","en_SI","hr_BA","en_VC","ar_ER","es_NI","fr_HT","en_TT","ar_SO","ca_AD","fr_FR","da_DK","en_BS","nl_CW","en_MV","es_BO","nb_NO","de_LU","en_CK","ar_JO","pt_GQ","fr_MQ","zh_SG","ms_ID","en_AI","fr_CF","ko_KR","en_MW","en_UM","en_SK","en_CL","en_NO","fr_MR","en_TV","fr_SY","en_TC","fr_CG","nl_SX","en_MX","ar_YE","ru_BY","sv_SE","de_AT","en_PR","es_BQ","ar_DJ","lt_LT","ar_OM","en_SL","nl_AW","en_CM","ru_KZ","en_BB","ar_BH","ru_KG","id_ID","pt_MZ","fr_PM","en_TW","en_IT","pt_PT","es_AG","en_DE","fr_CH","en_GR","en_RU","gu_IN","en_MY","es_BR"],"SupportedLanguages":["ur","lt","ja","id","mr","ms","hi","es-419","es","pl","ca","ta","fr","en-IN","or","fr-CA","da","bg","te","kk-Cyrl","pt-BR","zh-Hant-HK","hr","gu","de","th","sk","ro","sl","nb","kk","en-GB","hu","zh-HK","bn","ar","it","kn","ko","uk","pa","ru","vi","zh-Hans","zh-Hant","en-AU","ml","pt-PT","tr","fi","en-US","el","cs","sv","nl","he","en","es-US"]}
[20:43:55] 000081...: Batch Activate hoàn tất thành công.
[20:44:04] 000081...: time="2026-09-04T20:43:27+07:00" level=warning msg="go-ios agent is not running. You might need to start it with 'ios tunnel start' for ios17+. Use ENABLE_GO_IOS_AGENT=user for userspace tunnel or ENABLE_GO_IOS_AGENT=kernel for kernel tunnel for the experimental daemon mode."
time="2026-09-04T20:43:27+07:00" level=warning msg="failed to get tunnel info" udid=00008101-00115DAA2663001E
{"Language":"ja","Locale":"ja_JP","SupportedLocales":["sv_AX","en_CN","ro_RO","en_VG","es_VC","fr_MA","en_AL","es_TT","ar_SS","fr_VU","fr_CI","en_GS","en_BW","en_JM","es_BS","en_BD","en_MG","en_PT","ar_LB","fr_GN","ru_UA","en_HK","en_CO","en_KE","en_NR","fr_MU","en_FI","nl_BQ","en_WS","en_DG","ar_SA","en_RW","en_ZM","en_BE","en_ER","bn_BD","el_CY","nl_NL","pt_AO","en_MH","en_KY","es_CL","en_VI","en_FJ","es_VE","fr_MC","en_TZ","en_ID","es_TC","zh_TW","en_GU","es_GQ","ko_CN","mr_IN","en_GB","es_MX","en_ES","es_BB","es_PR","fr_GP","pt_GW","fi_FI","en_FK","en_NA","zh_CN","en_IE","en_LR","ca_IT","en_TH","ar_KM","en_BZ","de_CH","en_JP","te_IN","en_BG","da_GL","ar_QA","en_PW","ar_TN","en_US","fr_GQ","de_LI","cs_CZ","hu_HU","zh_HK","en_NU","es_VG","ta_IN","ar_EG","ro_MD","en_LS","fr_CM","ar_SD","en_GD","ar_IL","ar_LY","en_UA","fr_TD","pt_LU","es_PA","ta_SG","en_KI","es_CO","en_FM","fr_MF","tr_CY","ar_EH","en_LT","es_IC","en_DK","pt_ST","es_GT","en_GE","fr_YT","ms_BN","en_BI","he_IL","pt_TL","en_SS","es_KY","kk_KZ","en_CA","es_VI","zh-Hant_JP","fr_MG","ar_MR","hr_HR","en_AR","ar_SY","en_TK","fr_SN","en_GY","pt_CV","fr_DZ","es_ES","ar_AE","en_MM","ca_ES","en_001","en_PG","fr_RW","zh-Hant_MY","fr_GA","en_SA","fr_BE","hi_IN","en_AS","pt_MO","en_LV","ta_LK","en_DM","en_LC","en_GG","es_BZ","tr_TR","zh-Hans_MO","es_US","en_150","it_VA","fr_TG","en_EE","it_CH","es_EA","es_HN","sv_FI","en_CV","ms_SG","es_CR","fr_RE","en_CC","fr_BF","en_NF","en_SB","en_PH","en_AT","ar_MA","nl_BE","en_GH","th_TH","en_ZA","pt_FR","es_GD","en_MO","es_003","de_IT","es_PE","de_DE","en_SC","en_NZ","en_NG","en_AU","el_GR","en_GI","ar_001","en_BM","ar_IQ","en_MP","es_PY","fr_DJ","es_EC","en_US_POSIX","vi_VN","en_CX","en_KN","en_SD","en_FR","es_CA","kn_IN","en_IL","es_AR","en_TO","zh-Hans_HK","es_GY","bg_BG","fr_NC","en_BN","ta_MY","en_UG","uk_UA","en_PK","en_SX","en_HU","en_CY","en_SE","sk_SK","es_CU","fr_BI","fr_ML","de_BE","en_IM","fr_PF","es_DM","es_LC","en_ZW","fr_CA","pl_PL","pt_CH","nl_SR","ja_JP","en_JE","zh-Hans_JP","fr_LU","en_PL","zh_MO","en_CZ","fr_GF","es_PH","fr_BJ","en_IN","zh-Hans_MY","en_AE","fr_NE","en_RO","en_MS","es_419","it_IT","ar_TD","en_SZ","fr_WF","ru_MD","ml_IN","en_SG","es_CW","en_CH","es_SV","pt_BR","en_IO","bn_IN","ar_PS","en_TR","ar_KW","es_DO","en_GM","it_SM","ms_MY","sl_SI","es_BM","en_MT","es_UY","en_PN","es_HT","en_KR","en_SH","es_KN","en_VU","fr_BL","en_NL","ca_FR","en_AG","fr_KM","fr_SC","fr_CD","ko_KP","or_IN","nb_SJ","zh-Hant_CN","en_MU","en_BR","fr_TN","ar_DZ","ru_RU","en_SI","hr_BA","es_NI","ar_ER","en_VC","fr_HT","en_TT","ar_SO","ca_AD","da_DK","fr_FR","en_BS","nl_CW","en_MV","nb_NO","es_BO","de_LU","en_CK","ar_JO","pt_GQ","fr_MQ","zh_SG","ms_ID","en_AI","fr_CF","ko_KR","en_MW","en_UM","en_SK","en_CL","en_NO","fr_MR","en_TV","fr_SY","en_TC","fr_CG","nl_SX","es_BQ","ar_YE","ru_BY","en_BB","de_AT","en_PR","en_MX","ar_DJ","lt_LT","nl_AW","ar_OM","en_SL","en_CM","ru_KZ","sv_SE","ar_BH","ru_KG","id_ID","pt_MZ","fr_PM","en_IT","en_TW","es_AG","pt_PT","en_DE","gu_IN","en_GR","en_RU","fr_CH","en_MY","es_BR"],"SupportedLanguages":["ur","lt","ja","id","mr","ms","hi","es-419","es","pl","ca","ta","fr","en-IN","or","fr-CA","da","bg","te","kk-Cyrl","pt-BR","zh-Hant-HK","hr","gu","de","th","sk","ro","sl","nb","kk","en-GB","hu","zh-HK","bn","ar","it","kn","ko","uk","pa","ru","vi","zh-Hans","zh-Hant","en-AU","ml","pt-PT","tr","fi","en-US","el","cs","sv","nl","he","en","es-US"]}
[20:44:04] 000081...: Batch Activate hoàn tất thành công.
[20:44:05] 000081...: time="2026-09-04T20:43:36+07:00" level=warning msg="go-ios agent is not running. You might need to start it with 'ios tunnel start' for ios17+. Use ENABLE_GO_IOS_AGENT=user for userspace tunnel or ENABLE_GO_IOS_AGENT=kernel for kernel tunnel for the experimental daemon mode."
time="2026-09-04T20:43:36+07:00" level=warning msg="failed to get tunnel info" udid=00008101-00195C1036E8001E
{"Language":"ja","Locale":"ja_JP","SupportedLocales":["sv_AX","en_CN","ro_RO","en_VG","es_VC","fr_MA","en_AL","es_TT","ar_SS","fr_VU","fr_CI","en_GS","en_BW","en_JM","es_BS","en_BD","en_MG","en_PT","en_HK","ru_UA","fr_GN","ar_LB","en_CO","en_KE","en_NR","fr_MU","en_FI","nl_BQ","en_WS","en_DG","ar_SA","en_RW","en_ZM","en_BE","bn_BD","el_CY","en_ER","pt_AO","en_MH","nl_NL","en_KY","es_CL","en_VI","en_FJ","es_VE","fr_MC","en_TZ","en_ID","es_TC","zh_TW","en_GU","es_GQ","en_GB","mr_IN","ko_CN","es_MX","en_ES","es_BB","es_PR","fr_GP","pt_GW","fi_FI","en_FK","en_NA","zh_CN","en_IE","en_LR","en_TH","ca_IT","ar_KM","en_BZ","de_CH","da_GL","te_IN","en_US","en_JP","en_BG","en_PW","ar_TN","ar_QA","fr_GQ","de_LI","cs_CZ","hu_HU","zh_HK","en_NU","es_VG","ta_IN","ar_EG","ro_MD","en_LS","fr_CM","ar_SD","en_GD","ar_IL","ar_LY","en_UA","fr_TD","pt_LU","es_PA","ta_SG","en_KI","es_CO","en_FM","fr_MF","tr_CY","ar_EH","en_LT","es_IC","en_DK","pt_ST","es_GT","fr_YT","en_GE","ms_BN","en_BI","he_IL","pt_TL","en_SS","es_KY","kk_KZ","en_CA","es_VI","zh-Hant_JP","fr_MG","ar_MR","hr_HR","en_AR","ar_SY","en_TK","fr_SN","en_GY","pt_CV","fr_DZ","es_ES","ar_AE","en_MM","en_001","zh-Hant_MY","en_PG","fr_RW","ca_ES","fr_GA","en_SA","fr_BE","hi_IN","en_AS","pt_MO","en_LV","ta_LK","en_DM","en_LC","en_GG","es_BZ","tr_TR","it_CH","zh-Hans_MO","en_150","es_US","fr_TG","en_EE","it_VA","en_PH","es_EA","es_HN","en_CV","sv_FI","es_CR","ms_SG","en_CC","fr_BF","en_NF","en_SB","fr_RE","en_AT","ar_MA","nl_BE","en_GH","th_TH","en_ZA","pt_FR","es_GD","en_MO","de_IT","es_003","es_PE","de_DE","en_SC","en_NZ","en_NG","en_AU","el_GR","en_GI","ar_001","en_BM","ar_IQ","en_MP","es_PY","fr_DJ","es_EC","vi_VN","en_US_POSIX","en_CX","en_KN","en_SD","en_FR","es_CA","kn_IN","en_IL","es_AR","en_TO","zh-Hans_HK","es_GY","bg_BG","fr_NC","en_BN","ta_MY","en_UG","uk_UA","en_PK","en_SX","en_HU","en_CY","en_SE","es_CU","sk_SK","fr_BI","fr_ML","en_IM","de_BE","fr_PF","es_DM","es_LC","en_ZW","fr_CA","pl_PL","pt_CH","zh-Hans_JP","ja_JP","en_JE","fr_LU","nl_SR","en_PL","zh_MO","en_CZ","fr_GF","es_PH","fr_BJ","en_IN","zh-Hans_MY","en_AE","fr_NE","en_RO","en_MS","es_419","it_IT","ar_TD","en_SZ","fr_WF","ru_MD","es_SV","en_SG","es_CW","en_CH","ml_IN","pt_BR","en_IO","ar_PS","en_TR","bn_IN","ar_KW","es_DO","en_GM","it_SM","ms_MY","es_UY","en_MT","es_BM","sl_SI","en_PN","es_HT","en_KR","en_SH","en_VU","es_KN","fr_BL","en_NL","ca_FR","en_AG","fr_KM","fr_SC","fr_CD","ko_KP","or_IN","nb_SJ","en_BR","en_MU","ru_RU","fr_TN","ar_DZ","zh-Hant_CN","en_SI","hr_BA","en_VC","ar_ER","es_NI","fr_HT","en_TT","ar_SO","ca_AD","fr_FR","da_DK","en_BS","nl_CW","en_MV","nb_NO","es_BO","de_LU","en_CK","ar_JO","pt_GQ","fr_MQ","zh_SG","ms_ID","en_AI","fr_CF","ko_KR","en_MW","en_UM","en_SK","en_CL","en_NO","fr_MR","en_TV","fr_SY","en_TC","fr_CG","nl_SX","es_BQ","en_MX","ru_BY","en_BB","de_AT","en_PR","ar_YE","sv_SE","lt_LT","nl_AW","ar_OM","en_SL","en_CM","ru_KZ","ar_DJ","ar_BH","ru_KG","pt_MZ","en_IT","fr_PM","en_TW","id_ID","es_AG","pt_PT","en_DE","fr_CH","gu_IN","en_GR","en_RU","en_MY","es_BR"],"SupportedLanguages":["ur","lt","ja","id","mr","ms","hi","es-419","es","pl","ca","ta","fr","en-IN","or","fr-CA","da","bg","te","kk-Cyrl","pt-BR","zh-Hant-HK","hr","gu","de","th","sk","ro","sl","nb","kk","en-GB","hu","zh-HK","bn","ar","it","kn","ko","uk","pa","ru","vi","zh-Hans","zh-Hant","en-AU","ml","pt-PT","tr","fi","en-US","el","cs","sv","nl","he","en","es-US"]}
[20:44:05] 000081...: Batch Activate hoàn tất thành công.
[20:44:09] 000081...: time="2026-09-04T20:43:43+07:00" level=warning msg="go-ios agent is not running. You might need to start it with 'ios tunnel start' for ios17+. Use ENABLE_GO_IOS_AGENT=user for userspace tunnel or ENABLE_GO_IOS_AGENT=kernel for kernel tunnel for the experimental daemon mode."
time="2026-09-04T20:43:43+07:00" level=warning msg="failed to get tunnel info" udid=00008101-000D59493C50801E
{"Language":"ja","Locale":"ja_JP","SupportedLocales":["sv_AX","en_CN","ro_RO","en_VG","es_VC","fr_MA","en_AL","es_TT","ar_SS","fr_VU","fr_CI","en_GS","en_BW","en_JM","es_BS","en_BD","en_MG","en_PT","ar_LB","fr_GN","ru_UA","en_HK","en_CO","en_KE","en_NR","fr_MU","en_FI","nl_BQ","en_WS","en_DG","ar_SA","en_RW","en_ZM","en_BE","en_ER","bn_BD","el_CY","pt_AO","nl_NL","en_MH","en_KY","es_CL","en_VI","en_FJ","es_VE","fr_MC","en_TZ","en_ID","es_TC","zh_TW","en_GU","es_GQ","ko_CN","mr_IN","en_GB","es_MX","en_ES","es_BB","es_PR","fr_GP","pt_GW","fi_FI","en_FK","en_NA","zh_CN","en_IE","en_LR","ca_IT","en_TH","ar_KM","en_BZ","de_CH","da_GL","te_IN","en_JP","en_BG","ar_QA","en_PW","ar_TN","en_US","fr_GQ","de_LI","cs_CZ","hu_HU","zh_HK","en_NU","es_VG","ta_IN","ar_EG","ro_MD","en_LS","fr_CM","ar_SD","en_GD","ar_IL","ar_LY","en_UA","fr_TD","pt_LU","es_PA","ta_SG","en_KI","es_CO","en_FM","fr_MF","tr_CY","ar_EH","en_LT","es_IC","en_DK","pt_ST","es_GT","fr_YT","en_GE","ms_BN","en_BI","he_IL","pt_TL","en_SS","es_KY","kk_KZ","en_CA","es_VI","ar_MR","fr_MG","zh-Hant_JP","en_AR","hr_HR","ar_SY","en_TK","fr_SN","en_GY","pt_CV","en_MM","fr_DZ","es_ES","ar_AE","zh-Hant_MY","ca_ES","en_PG","fr_RW","en_001","fr_GA","en_SA","fr_BE","hi_IN","en_AS","pt_MO","en_LV","ta_LK","en_DM","en_LC","en_GG","es_BZ","tr_TR","it_CH","zh-Hans_MO","es_US","it_VA","fr_TG","en_EE","en_150","en_PH","es_EA","es_HN","ms_SG","en_CV","es_CR","fr_RE","sv_FI","en_SB","en_CC","fr_BF","en_NF","en_AT","ar_MA","nl_BE","en_GH","es_GD","en_ZA","pt_FR","th_TH","en_MO","es_003","de_IT","es_PE","de_DE","en_NZ","en_SC","en_NG","en_AU","el_GR","en_GI","ar_001","en_BM","ar_IQ","en_MP","es_PY","fr_DJ","es_EC","vi_VN","en_US_POSIX","en_CX","en_KN","en_SD","en_FR","es_CA","kn_IN","en_IL","es_AR","en_TO","zh-Hans_HK","es_GY","bg_BG","fr_NC","ta_MY","en_BN","en_UG","uk_UA","en_PK","en_SX","en_HU","en_CY","es_CU","sk_SK","en_SE","fr_BI","fr_ML","de_BE","en_IM","fr_PF","es_DM","es_LC","en_ZW","fr_CA","pl_PL","pt_CH","nl_SR","ja_JP","en_JE","zh-Hans_JP","fr_LU","en_PL","es_PH","zh_MO","fr_GF","en_CZ","fr_BJ","en_IN","zh-Hans_MY","en_AE","fr_NE","en_RO","en_MS","es_419","it_IT","ar_TD","en_SZ","fr_WF","ru_MD","es_SV","en_SG","ml_IN","en_CH","es_CW","pt_BR","en_IO","bn_IN","en_TR","ar_PS","ar_KW","es_DO","en_GM","it_SM","ms_MY","sl_SI","es_UY","en_MT","es_BM","en_PN","es_HT","en_KR","en_SH","es_KN","en_VU","fr_BL","en_NL","ca_FR","en_AG","fr_KM","fr_SC","fr_CD","ko_KP","or_IN","nb_SJ","zh-Hant_CN","en_MU","ru_RU","fr_TN","en_BR","ar_DZ","en_SI","hr_BA","es_NI","en_VC","ar_ER","fr_HT","en_TT","ar_SO","ca_AD","fr_FR","da_DK","en_BS","nl_CW","en_MV","es_BO","nb_NO","de_LU","en_CK","ar_JO","pt_GQ","fr_MQ","zh_SG","ms_ID","en_AI","fr_CF","ko_KR","en_MW","en_UM","en_SK","en_CL","en_NO","fr_MR","en_TV","fr_SY","en_TC","fr_CG","nl_SX","en_MX","ar_YE","en_BB","sv_SE","de_AT","en_PR","ru_BY","ar_DJ","es_BQ","nl_AW","ar_OM","en_SL","en_CM","lt_LT","ru_KZ","ar_BH","ru_KG","en_IT","id_ID","fr_PM","en_TW","pt_MZ","es_AG","pt_PT","en_DE","fr_CH","gu_IN","en_RU","en_GR","en_MY","es_BR"],"SupportedLanguages":["ur","lt","ja","id","mr","ms","hi","es-419","es","pl","ca","ta","fr","en-IN","or","fr-CA","da","bg","te","kk-Cyrl","pt-BR","zh-Hant-HK","hr","gu","de","th","sk","ro","sl","nb","kk","en-GB","hu","zh-HK","bn","ar","it","kn","ko","uk","pa","ru","vi","zh-Hans","zh-Hant","en-AU","ml","pt-PT","tr","fi","en-US","el","cs","sv","nl","he","en","es-US"]}
[20:44:09] 000081...: Batch Activate hoàn tất thành công.
[20:44:31] 000081...: time="2026-09-04T20:43:45+07:00" level=warning msg="go-ios agent is not running. You might need to start it with 'ios tunnel start' for ios17+. Use ENABLE_GO_IOS_AGENT=user for userspace tunnel or ENABLE_GO_IOS_AGENT=kernel for kernel tunnel for the experimental daemon mode."
time="2026-09-04T20:43:45+07:00" level=warning msg="failed to get tunnel info" udid=00008101-000D6D113A89001E
{"Language":"ja","Locale":"ja_JP","SupportedLocales":["sv_AX","en_CN","ro_RO","en_VG","es_VC","fr_MA","en_AL","es_TT","ar_SS","fr_VU","en_GS","fr_CI","en_BW","en_JM","es_BS","en_BD","en_MG","en_PT","ar_LB","ru_UA","en_HK","fr_GN","en_CO","en_KE","en_NR","fr_MU","en_FI","nl_BQ","en_WS","en_DG","ar_SA","en_RW","en_ZM","en_BE","en_ER","bn_BD","el_CY","nl_NL","pt_AO","en_MH","en_KY","es_CL","en_VI","en_FJ","es_VE","fr_MC","en_TZ","en_ID","es_TC","zh_TW","en_GU","es_GQ","ko_CN","mr_IN","en_GB","es_MX","en_ES","es_BB","es_PR","fr_GP","pt_GW","fi_FI","en_FK","en_NA","zh_CN","en_IE","en_LR","en_TH","ca_IT","ar_KM","en_BZ","en_JP","da_GL","en_US","en_BG","te_IN","ar_QA","ar_TN","en_PW","de_CH","fr_GQ","de_LI","cs_CZ","hu_HU","zh_HK","en_NU","es_VG","ta_IN","ar_EG","ro_MD","en_LS","fr_CM","ar_SD","en_GD","ar_IL","ar_LY","en_UA","fr_TD","pt_LU","es_PA","ta_SG","en_KI","es_CO","en_FM","fr_MF","tr_CY","ar_EH","en_LT","es_IC","en_DK","pt_ST","es_GT","fr_YT","en_GE","ms_BN","en_BI","he_IL","pt_TL","en_SS","es_KY","kk_KZ","en_CA","es_VI","zh-Hant_JP","fr_MG","ar_MR","hr_HR","en_AR","ar_SY","fr_SN","en_TK","en_GY","pt_CV","en_MM","es_ES","ar_AE","fr_DZ","zh-Hant_MY","en_PG","ca_ES","fr_RW","en_001","fr_GA","en_SA","fr_BE","hi_IN","en_AS","pt_MO","en_LV","ta_LK","en_DM","en_LC","en_GG","tr_TR","es_BZ","it_CH","zh-Hans_MO","es_US","it_VA","en_150","en_EE","fr_TG","en_PH","es_EA","es_HN","en_CV","sv_FI","en_SB","fr_RE","en_CC","ms_SG","en_NF","fr_BF","es_CR","en_AT","ar_MA","nl_BE","en_GH","es_GD","th_TH","pt_FR","en_ZA","en_MO","es_003","de_IT","es_PE","de_DE","en_NZ","en_SC","en_NG","en_AU","el_GR","en_GI","ar_001","en_BM","ar_IQ","en_MP","es_PY","fr_DJ","es_EC","en_US_POSIX","vi_VN","en_CX","en_KN","en_SD","en_FR","es_CA","kn_IN","en_IL","es_AR","en_TO","zh-Hans_HK","es_GY","bg_BG","fr_NC","en_BN","ta_MY","en_UG","uk_UA","en_HU","en_SX","en_PK","en_CY","en_SE","es_CU","sk_SK","fr_BI","fr_ML","de_BE","en_IM","fr_PF","es_DM","es_LC","en_ZW","fr_CA","pl_PL","zh-Hans_JP","nl_SR","en_JE","pt_CH","fr_LU","ja_JP","en_PL","zh_MO","en_CZ","fr_GF","es_PH","fr_BJ","en_IN","zh-Hans_MY","en_AE","fr_NE","en_RO","en_MS","es_419","it_IT","ar_TD","en_SZ","fr_WF","ru_MD","ml_IN","en_SG","es_SV","en_CH","es_CW","pt_BR","en_IO","bn_IN","en_TR","ar_PS","ar_KW","es_DO","en_GM","it_SM","ms_MY","es_UY","en_MT","es_BM","sl_SI","en_PN","es_HT","en_KR","en_SH","es_KN","en_VU","fr_BL","en_NL","ca_FR","en_AG","fr_KM","fr_SC","fr_CD","ko_KP","or_IN","nb_SJ","zh-Hant_CN","en_MU","en_BR","fr_TN","ru_RU","ar_DZ","en_SI","hr_BA","es_NI","en_VC","ar_ER","fr_HT","en_TT","ar_SO","ca_AD","fr_FR","da_DK","en_BS","es_BO","nl_CW","nb_NO","en_MV","de_LU","en_CK","pt_GQ","ar_JO","fr_MQ","zh_SG","ms_ID","en_AI","fr_CF","ko_KR","en_MW","en_UM","en_SK","en_CL","en_NO","fr_MR","en_TV","fr_SY","en_TC","fr_CG","nl_SX","es_BQ","ar_YE","en_MX","sv_SE","en_BB","en_PR","de_AT","ar_DJ","lt_LT","nl_AW","ar_OM","ru_BY","en_CM","ru_KZ","en_SL","ar_BH","ru_KG","id_ID","pt_MZ","fr_PM","en_TW","en_IT","es_AG","pt_PT","en_DE","gu_IN","fr_CH","en_RU","en_GR","es_BR","en_MY"],"SupportedLanguages":["ur","lt","ja","id","mr","ms","hi","es-419","es","pl","ca","ta","fr","en-IN","or","fr-CA","da","bg","te","kk-Cyrl","pt-BR","zh-Hant-HK","hr","gu","de","th","sk","ro","sl","nb","kk","en-GB","hu","zh-HK","bn","ar","it","kn","ko","uk","pa","ru","vi","zh-Hans","zh-Hant","en-AU","ml","pt-PT","tr","fi","en-US","el","cs","sv","nl","he","en","es-US"]}
[20:44:31] 000081...: Batch Activate hoàn tất thành công.
